abstract_num,title,cluster_label,mentions,mention_count
1,On Scalable and Efficient Computation of Large Scale Optimal Transport,Optimal Transport,Optimal Transport; its,2
1,On Scalable and Efficient Computation of Large Scale Optimal Transport,SPOT,an implicit generative learning based framework called SPOT; SPOT; SPOT,3
1,On Scalable and Efficient Computation of Large Scale Optimal Transport,the optimal transport plan,the optimal transport plan; the optimal transport plan; the optimal transport plan,3
1,On Scalable and Efficient Computation of Large Scale Optimal Transport,[singleton] many machine learning applications,many machine learning applications,1
1,On Scalable and Efficient Computation of Large Scale Optimal Transport,[singleton] the heavy computational burden,the heavy computational burden,1
1,On Scalable and Efficient Computation of Large Scale Optimal Transport,[singleton] the scalability issue,the scalability issue,1
1,On Scalable and Efficient Computation of Large Scale Optimal Transport,[singleton] a pushforward of a reference distribution,a pushforward of a reference distribution,1
1,On Scalable and Efficient Computation of Large Scale Optimal Transport,[singleton] the optimal transport problem,the optimal transport problem,1
1,On Scalable and Efficient Computation of Large Scale Optimal Transport,[singleton] a minimax problem,a minimax problem,1
1,On Scalable and Efficient Computation of Large Scale Optimal Transport,[singleton] OT problems,OT problems,1
1,On Scalable and Efficient Computation of Large Scale Optimal Transport,[singleton] primal dual stochastic gradient-type algorithms,primal dual stochastic gradient-type algorithms,1
1,On Scalable and Efficient Computation of Large Scale Optimal Transport,[singleton] neural ordinary differential equations,neural ordinary differential equations,1
1,On Scalable and Efficient Computation of Large Scale Optimal Transport,[singleton] Numerical experiments on both synthetic and real datasets,Numerical experiments on both synthetic and real datasets,1
1,On Scalable and Efficient Computation of Large Scale Optimal Transport,[singleton] domain adaptation,domain adaptation,1
1,On Scalable and Efficient Computation of Large Scale Optimal Transport,[self-reference],we; we; We; We; we; us,6
2,Nip Rumors in the Bud: Retrieval-Guided Topic-Level Adaptation for Test-Time Fake News Video Detection,RADAR,RADAR; the first framework that enables test-time adaptation to unseen news videos; RADAR; RADAR; RADAR,5
2,Nip Rumors in the Bud: Retrieval-Guided Topic-Level Adaptation for Test-Time Fake News Video Detection,the target domain,the target domain; the target domain,2
2,Nip Rumors in the Bud: Retrieval-Guided Topic-Level Adaptation for Test-Time Fake News Video Detection,unstable instances,semantically related but unstable instances; unstable instances representations,2
2,Nip Rumors in the Bud: Retrieval-Guided Topic-Level Adaptation for Test-Time Fake News Video Detection,stable references,their stable references; stable references,2
2,Nip Rumors in the Bud: Retrieval-Guided Topic-Level Adaptation for Test-Time Fake News Video Detection,[singleton] Fake News Video Detection,Fake News Video Detection,1
2,Nip Rumors in the Bud: Retrieval-Guided Topic-Level Adaptation for Test-Time Fake News Video Detection,[singleton] Existing methods,Existing methods,1
2,Nip Rumors in the Bud: Retrieval-Guided Topic-Level Adaptation for Test-Time Fake News Video Detection,[singleton] a new retrieval-guided adaptation paradigm,a new retrieval-guided adaptation paradigm,1
2,Nip Rumors in the Bud: Retrieval-Guided Topic-Level Adaptation for Test-Time Fake News Video Detection,[singleton] an Entropy Selection-Based Retrieval mechanism,an Entropy Selection-Based Retrieval mechanism,1
2,Nip Rumors in the Bud: Retrieval-Guided Topic-Level Adaptation for Test-Time Fake News Video Detection,[singleton] a Stable Anchor-Guided Alignment module,a Stable Anchor-Guided Alignment module,1
2,Nip Rumors in the Bud: Retrieval-Guided Topic-Level Adaptation for Test-Time Fake News Video Detection,[singleton] the source domain,the source domain,1
2,Nip Rumors in the Bud: Retrieval-Guided Topic-Level Adaptation for Test-Time Fake News Video Detection,[singleton] our novel Target-Domain Aware Self-Training paradigm,our novel Target-Domain Aware Self-Training paradigm,1
2,Nip Rumors in the Bud: Retrieval-Guided Topic-Level Adaptation for Test-Time Fake News Video Detection,[singleton] informative pseudo-labels,informative pseudo-labels,1
2,Nip Rumors in the Bud: Retrieval-Guided Topic-Level Adaptation for Test-Time Fake News Video Detection,[singleton] the fast-changing label distributions,the fast-changing label distributions,1
2,Nip Rumors in the Bud: Retrieval-Guided Topic-Level Adaptation for Test-Time Fake News Video Detection,[singleton] Extensive experiments,Extensive experiments,1
2,Nip Rumors in the Bud: Retrieval-Guided Topic-Level Adaptation for Test-Time Fake News Video Detection,[singleton] test-time FNVD,test-time FNVD,1
2,Nip Rumors in the Bud: Retrieval-Guided Topic-Level Adaptation for Test-Time Fake News Video Detection,[singleton] unseen fake news video topics,unseen fake news video topics,1
2,Nip Rumors in the Bud: Retrieval-Guided Topic-Level Adaptation for Test-Time Fake News Video Detection,[self-reference],we; we; We; our,4
3,Unsupervised BatchNorm Adaptation (UBNA): A Domain Adaptation Method for Semantic Segmentation Without Using Source Domain Representations,the pre-trained semantic segmentation model,a given pre-trained semantic segmentation model; the model; the model; a given pre-trained model,4
3,Unsupervised BatchNorm Adaptation (UBNA): A Domain Adaptation Method for Semantic Segmentation Without Using Source Domain Representations,source domain representations,any source domain representations; any source domain representations; source domain representations,3
3,Unsupervised BatchNorm Adaptation (UBNA): A Domain Adaptation Method for Semantic Segmentation Without Using Source Domain Representations,Unsupervised BatchNorm Adaptation method,our novel Unsupervised BatchNorm Adaptation method; which adapts; which can also be applied; this,4
3,Unsupervised BatchNorm Adaptation (UBNA): A Domain Adaptation Method for Semantic Segmentation Without Using Source Domain Representations,the target domain,an unseen target domain; the target domain; the target domain; the target domain,4
3,Unsupervised BatchNorm Adaptation (UBNA): A Domain Adaptation Method for Semantic Segmentation Without Using Source Domain Representations,[singleton] Previous UDA approaches for semantic segmentation,Previous UDA approaches for semantic segmentation,1
3,Unsupervised BatchNorm Adaptation (UBNA): A Domain Adaptation Method for Semantic Segmentation Without Using Source Domain Representations,[singleton] the source and target domains,the source and target domains,1
3,Unsupervised BatchNorm Adaptation (UBNA): A Domain Adaptation Method for Semantic Segmentation Without Using Source Domain Representations,[singleton] an additional network,an additional network,1
3,Unsupervised BatchNorm Adaptation (UBNA): A Domain Adaptation Method for Semantic Segmentation Without Using Source Domain Representations,[singleton] the existing model parameters from pre-training,the existing model parameters from pre-training,1
3,Unsupervised BatchNorm Adaptation (UBNA): A Domain Adaptation Method for Semantic Segmentation Without Using Source Domain Representations,[singleton] an online setting,an online setting,1
3,Unsupervised BatchNorm Adaptation (UBNA): A Domain Adaptation Method for Semantic Segmentation Without Using Source Domain Representations,[singleton] a few unlabeled images,a few unlabeled images,1
3,Unsupervised BatchNorm Adaptation (UBNA): A Domain Adaptation Method for Semantic Segmentation Without Using Source Domain Representations,[singleton] the normalization layer statistics,the normalization layer statistics,1
3,Unsupervised BatchNorm Adaptation (UBNA): A Domain Adaptation Method for Semantic Segmentation Without Using Source Domain Representations,[singleton] an exponentially decaying momentum factor,an exponentially decaying momentum factor,1
3,Unsupervised BatchNorm Adaptation (UBNA): A Domain Adaptation Method for Semantic Segmentation Without Using Source Domain Representations,[singleton] the statistics from both domains,the statistics from both domains,1
3,Unsupervised BatchNorm Adaptation (UBNA): A Domain Adaptation Method for Semantic Segmentation Without Using Source Domain Representations,[singleton] standard UDA benchmarks for semantic segmentation,standard UDA benchmarks for semantic segmentation,1
3,Unsupervised BatchNorm Adaptation (UBNA): A Domain Adaptation Method for Semantic Segmentation Without Using Source Domain Representations,[singleton] a model without adaptation,a model without adaptation,1
3,Unsupervised BatchNorm Adaptation (UBNA): A Domain Adaptation Method for Semantic Segmentation Without Using Source Domain Representations,[singleton] baseline approaches,baseline approaches,1
3,Unsupervised BatchNorm Adaptation (UBNA): A Domain Adaptation Method for Semantic Segmentation Without Using Source Domain Representations,[singleton] standard UDA approaches,standard UDA approaches,1
3,Unsupervised BatchNorm Adaptation (UBNA): A Domain Adaptation Method for Semantic Segmentation Without Using Source Domain Representations,[self-reference],we; we; our; we; we,5
4,Source-free Semantic Regularization Learning for Semi-supervised Domain Adaptation,Semi-supervised domain adaptation,Semi-supervised domain adaptation; its,2
4,Source-free Semantic Regularization Learning for Semi-supervised Domain Adaptation,the target domain,the target domain; the target domain; the target domain; the target domain,4
4,Source-free Semantic Regularization Learning for Semi-supervised Domain Adaptation,SERL (semantic regularization learning),a novel SSDA learning framework called semantic regularization learning; SERL; SERL method,3
4,Source-free Semantic Regularization Learning for Semi-supervised Domain Adaptation,semantic probability contrastive regularization (SPCR),semantic probability contrastive regularization; SPCR,2
4,Source-free Semantic Regularization Learning for Semi-supervised Domain Adaptation,the model,the model; the model; the model,3
4,Source-free Semantic Regularization Learning for Semi-supervised Domain Adaptation,[singleton] existing methods,existing methods,1
4,Source-free Semantic Regularization Learning for Semi-supervised Domain Adaptation,[singleton] the source pre-trained model,the source pre-trained model,1
4,Source-free Semantic Regularization Learning for Semi-supervised Domain Adaptation,[singleton] three robust semantic regularization techniques,three robust semantic regularization techniques,1
4,Source-free Semantic Regularization Learning for Semi-supervised Domain Adaptation,[singleton] adaptive weights,adaptive weights,1
4,Source-free Semantic Regularization Learning for Semi-supervised Domain Adaptation,[singleton] hard-sample mixup regularization,hard-sample mixup regularization,1
4,Source-free Semantic Regularization Learning for Semi-supervised Domain Adaptation,[singleton] easy samples,easy samples,1
4,Source-free Semantic Regularization Learning for Semi-supervised Domain Adaptation,[singleton] hard samples,hard samples,1
4,Source-free Semantic Regularization Learning for Semi-supervised Domain Adaptation,[singleton] target prediction regularization,target prediction regularization,1
4,Source-free Semantic Regularization Learning for Semi-supervised Domain Adaptation,[singleton] erroneous pseudo-labels,erroneous pseudo-labels,1
4,Source-free Semantic Regularization Learning for Semi-supervised Domain Adaptation,[singleton] three benchmark datasets,three benchmark datasets,1
4,Source-free Semantic Regularization Learning for Semi-supervised Domain Adaptation,[singleton] state-of-the-art performance,state-of-the-art performance,1
4,Source-free Semantic Regularization Learning for Semi-supervised Domain Adaptation,[self-reference],we propose; we introduce; our,3
5,Bridging The Gap between Low-rank and Orthogonal Adaptation via Householder Reflection Adaptation,low-rank and orthogonal adaptation techniques,both low-rank and orthogonal adaptation techniques; these two techniques,2
5,Bridging The Gap between Low-rank and Orthogonal Adaptation via Householder Reflection Adaptation,Householder reflection adaptation (HRA) method,a simple but effective adaptation method; our method; This HR based orthogonal fine-tuning; the proposed Householder reflection adaptation method; HRA,5
5,Bridging The Gap between Low-rank and Orthogonal Adaptation via Householder Reflection Adaptation,pre-trained model,a pre-trained model; its,2
5,Bridging The Gap between Low-rank and Orthogonal Adaptation via Householder Reflection Adaptation,Householder reflections (HRs),Householder reflections; a chain of learnable Householder reflections; the HRs; the HRs,4
5,Bridging The Gap between Low-rank and Orthogonal Adaptation via Householder Reflection Adaptation,[singleton] large-scale pre-training models,large-scale pre-training models,1
5,Bridging The Gap between Low-rank and Orthogonal Adaptation via Householder Reflection Adaptation,[singleton] a small piece of trainable parameters,a small piece of trainable parameters,1
5,Bridging The Gap between Low-rank and Orthogonal Adaptation via Householder Reflection Adaptation,[singleton] each frozen weight matrix,each frozen weight matrix,1
5,Bridging The Gap between Low-rank and Orthogonal Adaptation via Householder Reflection Adaptation,[singleton] an orthogonal matrix,an orthogonal matrix,1
5,Bridging The Gap between Low-rank and Orthogonal Adaptation via Householder Reflection Adaptation,[singleton] an adaptive low-rank adaptation,an adaptive low-rank adaptation,1
5,Bridging The Gap between Low-rank and Orthogonal Adaptation via Householder Reflection Adaptation,[singleton] the reflection planes,the reflection planes,1
5,Bridging The Gap between Low-rank and Orthogonal Adaptation via Householder Reflection Adaptation,[singleton] the model capacity and regularity,the model capacity and regularity,1
5,Bridging The Gap between Low-rank and Orthogonal Adaptation via Householder Reflection Adaptation,[singleton] state-of-the-art methods,state-of-the-art methods,1
5,Bridging The Gap between Low-rank and Orthogonal Adaptation via Householder Reflection Adaptation,[singleton] fewer learnable parameters,fewer learnable parameters,1
5,Bridging The Gap between Low-rank and Orthogonal Adaptation via Householder Reflection Adaptation,[singleton] large language models,large language models,1
5,Bridging The Gap between Low-rank and Orthogonal Adaptation via Householder Reflection Adaptation,[singleton] conditional image generators,conditional image generators,1
5,Bridging The Gap between Low-rank and Orthogonal Adaptation via Householder Reflection Adaptation,[self-reference],we; our; we; us,4
6,MU-SHOT-Fi: Self-Supervised Multi-User Wi-Fi Sensing with Source-free Unsupervised Domain Adaptation,Deep learning,Deep learning; its,2
6,MU-SHOT-Fi: Self-Supervised Multi-User Wi-Fi Sensing with Source-free Unsupervised Domain Adaptation,MU-SHOT-Fi,MU-SHOT-Fi; a source-free unsupervised domain adaptation framework for singleand multi-user Wi-Fi sensing; MU-SHOT-Fi; MU-SHOT-Fi,4
6,MU-SHOT-Fi: Self-Supervised Multi-User Wi-Fi Sensing with Source-free Unsupervised Domain Adaptation,[singleton] WiFi CSI based human activity recognition,WiFi CSI based human activity recognition,1
6,MU-SHOT-Fi: Self-Supervised Multi-User Wi-Fi Sensing with Source-free Unsupervised Domain Adaptation,[singleton] DL based models,DL based models,1
6,MU-SHOT-Fi: Self-Supervised Multi-User Wi-Fi Sensing with Source-free Unsupervised Domain Adaptation,[singleton] labeled source data,labeled source data,1
6,MU-SHOT-Fi: Self-Supervised Multi-User Wi-Fi Sensing with Source-free Unsupervised Domain Adaptation,[singleton] unlabeled target-domain CSI,unlabeled target-domain CSI,1
6,MU-SHOT-Fi: Self-Supervised Multi-User Wi-Fi Sensing with Source-free Unsupervised Domain Adaptation,[singleton] a pre-trained source model,a pre-trained source model,1
6,MU-SHOT-Fi: Self-Supervised Multi-User Wi-Fi Sensing with Source-free Unsupervised Domain Adaptation,[singleton] permutation-invariant set prediction,permutation-invariant set prediction,1
6,MU-SHOT-Fi: Self-Supervised Multi-User Wi-Fi Sensing with Source-free Unsupervised Domain Adaptation,[singleton] Hungarian matching,Hungarian matching,1
6,MU-SHOT-Fi: Self-Supervised Multi-User Wi-Fi Sensing with Source-free Unsupervised Domain Adaptation,[singleton] frozen-classifier backbone adaptation,frozen-classifier backbone adaptation,1
6,MU-SHOT-Fi: Self-Supervised Multi-User Wi-Fi Sensing with Source-free Unsupervised Domain Adaptation,[singleton] occupancy-weighted information maximization,occupancy-weighted information maximization,1
6,MU-SHOT-Fi: Self-Supervised Multi-User Wi-Fi Sensing with Source-free Unsupervised Domain Adaptation,[singleton] model collapse,model collapse,1
6,MU-SHOT-Fi: Self-Supervised Multi-User Wi-Fi Sensing with Source-free Unsupervised Domain Adaptation,[singleton] diversity regularization,diversity regularization,1
6,MU-SHOT-Fi: Self-Supervised Multi-User Wi-Fi Sensing with Source-free Unsupervised Domain Adaptation,[singleton] marginal entropy,marginal entropy,1
6,MU-SHOT-Fi: Self-Supervised Multi-User Wi-Fi Sensing with Source-free Unsupervised Domain Adaptation,[singleton] binary rotation prediction,binary rotation prediction,1
6,MU-SHOT-Fi: Self-Supervised Multi-User Wi-Fi Sensing with Source-free Unsupervised Domain Adaptation,[singleton] domain-invariant features,domain-invariant features,1
6,MU-SHOT-Fi: Self-Supervised Multi-User Wi-Fi Sensing with Source-free Unsupervised Domain Adaptation,[singleton] SU-SHOT-Fi,SU-SHOT-Fi,1
6,MU-SHOT-Fi: Self-Supervised Multi-User Wi-Fi Sensing with Source-free Unsupervised Domain Adaptation,[singleton] standard information maximization,standard information maximization,1
6,MU-SHOT-Fi: Self-Supervised Multi-User Wi-Fi Sensing with Source-free Unsupervised Domain Adaptation,[singleton] contrastive predictive coding,contrastive predictive coding,1
6,MU-SHOT-Fi: Self-Supervised Multi-User Wi-Fi Sensing with Source-free Unsupervised Domain Adaptation,[singleton] the WiMANS and Widar 3.0 datasets,the WiMANS and Widar 3.0 datasets,1
6,MU-SHOT-Fi: Self-Supervised Multi-User Wi-Fi Sensing with Source-free Unsupervised Domain Adaptation,[singleton] occupancy estimation,occupancy estimation,1
6,MU-SHOT-Fi: Self-Supervised Multi-User Wi-Fi Sensing with Source-free Unsupervised Domain Adaptation,[self-reference],we; we; we; we,4
7,Deformation and Correspondence Aware Unsupervised Synthetic-to-Real Scene Flow Estimation for Point Clouds,models trained by current methods,their models; them,2
7,Deformation and Correspondence Aware Unsupervised Synthetic-to-Real Scene Flow Estimation for Point Clouds,real scenes,real scenes; real scenes,2
7,Deformation and Correspondence Aware Unsupervised Synthetic-to-Real Scene Flow Estimation for Point Clouds,GTA-SF dataset,a large-scale synthetic scene flow dataset GTA-SF; our GTA-SF dataset,2
7,Deformation and Correspondence Aware Unsupervised Synthetic-to-Real Scene Flow Estimation for Point Clouds,mean-teacher based domain adaptation framework,a mean-teacher based domain adaptation framework; It; our framework,3
7,Deformation and Correspondence Aware Unsupervised Synthetic-to-Real Scene Flow Estimation for Point Clouds,[singleton] Point cloud scene flow estimation,Point cloud scene flow estimation,1
7,Deformation and Correspondence Aware Unsupervised Synthetic-to-Real Scene Flow Estimation for Point Clouds,[singleton] dynamic scene navigation in autonomous driving,dynamic scene navigation in autonomous driving,1
7,Deformation and Correspondence Aware Unsupervised Synthetic-to-Real Scene Flow Estimation for Point Clouds,[singleton] scene flow labels,scene flow labels,1
7,Deformation and Correspondence Aware Unsupervised Synthetic-to-Real Scene Flow Estimation for Point Clouds,[singleton] current methods,current methods,1
7,Deformation and Correspondence Aware Unsupervised Synthetic-to-Real Scene Flow Estimation for Point Clouds,[singleton] synthetic data,synthetic data,1
7,Deformation and Correspondence Aware Unsupervised Synthetic-to-Real Scene Flow Estimation for Point Clouds,[singleton] existing synthetic datasets,existing synthetic datasets,1
7,Deformation and Correspondence Aware Unsupervised Synthetic-to-Real Scene Flow Estimation for Point Clouds,[singleton] poor model transfer,poor model transfer,1
7,Deformation and Correspondence Aware Unsupervised Synthetic-to-Real Scene Flow Estimation for Point Clouds,[singleton] two major contributions,two major contributions,1
7,Deformation and Correspondence Aware Unsupervised Synthetic-to-Real Scene Flow Estimation for Point Clouds,[singleton] a point cloud collector and scene flow annotator for GTA-V engine,a point cloud collector and scene flow annotator for GTA-V engine,1
7,Deformation and Correspondence Aware Unsupervised Synthetic-to-Real Scene Flow Estimation for Point Clouds,[singleton] diverse realistic training samples,diverse realistic training samples,1
7,Deformation and Correspondence Aware Unsupervised Synthetic-to-Real Scene Flow Estimation for Point Clouds,[singleton] self-generated pseudo-labels of the target domain,self-generated pseudo-labels of the target domain,1
7,Deformation and Correspondence Aware Unsupervised Synthetic-to-Real Scene Flow Estimation for Point Clouds,[singleton] shape deformation regularization,shape deformation regularization,1
7,Deformation and Correspondence Aware Unsupervised Synthetic-to-Real Scene Flow Estimation for Point Clouds,[singleton] surface correspondence refinement,surface correspondence refinement,1
7,Deformation and Correspondence Aware Unsupervised Synthetic-to-Real Scene Flow Estimation for Point Clouds,[singleton] distortions and misalignments in domain transfer,distortions and misalignments in domain transfer,1
7,Deformation and Correspondence Aware Unsupervised Synthetic-to-Real Scene Flow Estimation for Point Clouds,[singleton] three real datasets,three real datasets,1
7,Deformation and Correspondence Aware Unsupervised Synthetic-to-Real Scene Flow Estimation for Point Clouds,[singleton] the most widely used FT3D dataset,the most widely used FT3D dataset,1
7,Deformation and Correspondence Aware Unsupervised Synthetic-to-Real Scene Flow Estimation for Point Clouds,[singleton] six source-target dataset pairs,six source-target dataset pairs,1
7,Deformation and Correspondence Aware Unsupervised Synthetic-to-Real Scene Flow Estimation for Point Clouds,[singleton] the average domain gap,the average domain gap,1
7,Deformation and Correspondence Aware Unsupervised Synthetic-to-Real Scene Flow Estimation for Point Clouds,[self-reference],We; we; we; we; we; our; our,7
8,The Pipeline System of ASR and NLU with MLM based Data Augmentation toward STOP Low-resource Challenge,the low-resource domain adaptation track,the low-resource domain adaptation track in Spoken Language Understanding Grand Challenge; which; the track,3
8,The Pipeline System of ASR and NLU with MLM based Data Augmentation toward STOP Low-resource Challenge,ASR,ASR; ASR,2
8,The Pipeline System of ASR and NLU with MLM based Data Augmentation toward STOP Low-resource Challenge,NLU,NLU; NLU,2
8,The Pipeline System of ASR and NLU with MLM based Data Augmentation toward STOP Low-resource Challenge,masked LM (MLM),masked LM (MLM); MLM,2
8,The Pipeline System of ASR and NLU with MLM based Data Augmentation toward STOP Low-resource Challenge,[singleton] our system,our system,1
8,The Pipeline System of ASR and NLU with MLM based Data Augmentation toward STOP Low-resource Challenge,[singleton] ICASSP Signal Processing Grand Challenge 2023,ICASSP Signal Processing Grand Challenge 2023,1
8,The Pipeline System of ASR and NLU with MLM based Data Augmentation toward STOP Low-resource Challenge,[singleton] a pipeline approach of ASR and NLU,a pipeline approach of ASR and NLU,1
8,The Pipeline System of ASR and NLU with MLM based Data Augmentation toward STOP Low-resource Challenge,[singleton] Whisper,Whisper,1
8,The Pipeline System of ASR and NLU with MLM based Data Augmentation toward STOP Low-resource Challenge,[singleton] BART,BART,1
8,The Pipeline System of ASR and NLU with MLM based Data Augmentation toward STOP Low-resource Challenge,[singleton] all the Track3 data,all the Track3 data,1
8,The Pipeline System of ASR and NLU with MLM based Data Augmentation toward STOP Low-resource Challenge,[singleton] low-resource domain data,low-resource domain data,1
8,The Pipeline System of ASR and NLU with MLM based Data Augmentation toward STOP Low-resource Challenge,[singleton] a retrieval based approach,a retrieval based approach,1
8,The Pipeline System of ASR and NLU with MLM based Data Augmentation toward STOP Low-resource Challenge,[singleton] model input,model input,1
8,The Pipeline System of ASR and NLU with MLM based Data Augmentation toward STOP Low-resource Challenge,[singleton] similar training samples,similar training samples,1
8,The Pipeline System of ASR and NLU with MLM based Data Augmentation toward STOP Low-resource Challenge,[singleton] exact match accuracy 63.3/75.0,exact match accuracy 63.3/75.0,1
8,The Pipeline System of ASR and NLU with MLM based Data Augmentation toward STOP Low-resource Challenge,[singleton] reminder/weather domain,reminder/weather domain,1
8,The Pipeline System of ASR and NLU with MLM based Data Augmentation toward STOP Low-resource Challenge,[singleton] the 1st place,the 1st place,1
8,The Pipeline System of ASR and NLU with MLM based Data Augmentation toward STOP Low-resource Challenge,[singleton] the challenge,the challenge,1
8,The Pipeline System of ASR and NLU with MLM based Data Augmentation toward STOP Low-resource Challenge,[self-reference],our; we; we; we; We; We; we,7
9,RadLite: Multi-Task LoRA Fine-Tuning of Small Language Models for CPU-Deployable Radiology AI,Qwen2.5-3B-Instruct and Qwen3-4B (the two fine-tuned models),Qwen2.5-3B-Instruct and Qwen3-4B; Both models; the two models; both models,4
9,RadLite: Multi-Task LoRA Fine-Tuning of Small Language Models for CPU-Deployable Radiology AI,Qwen2.5-3B-Instruct,Qwen2.5-3B-Instruct; Qwen2.5,2
9,RadLite: Multi-Task LoRA Fine-Tuning of Small Language Models for CPU-Deployable Radiology AI,Qwen3-4B,Qwen3-4B; Qwen3,2
9,RadLite: Multi-Task LoRA Fine-Tuning of Small Language Models for CPU-Deployable Radiology AI,LoRA fine-tuning,LoRA fine-tuning; LoRA fine-tuning; LoRA adaptation,3
9,RadLite: Multi-Task LoRA Fine-Tuning of Small Language Models for CPU-Deployable Radiology AI,"RadLite (small, efficiently fine-tuned models)","small, efficiently fine-tuned models; RadLite",2
9,RadLite: Multi-Task LoRA Fine-Tuning of Small Language Models for CPU-Deployable Radiology AI,consumer hardware,consumer hardware; consumer hardware,2
9,RadLite: Multi-Task LoRA Fine-Tuning of Small Language Models for CPU-Deployable Radiology AI,[singleton] Large language models,Large language models,1
9,RadLite: Multi-Task LoRA Fine-Tuning of Small Language Models for CPU-Deployable Radiology AI,[singleton] consumer-grade CPUs,consumer-grade CPUs,1
9,RadLite: Multi-Task LoRA Fine-Tuning of Small Language Models for CPU-Deployable Radiology AI,[singleton] 162K samples,162K samples,1
9,RadLite: Multi-Task LoRA Fine-Tuning of Small Language Models for CPU-Deployable Radiology AI,[singleton] 9 radiology tasks,9 radiology tasks,1
9,RadLite: Multi-Task LoRA Fine-Tuning of Small Language Models for CPU-Deployable Radiology AI,[singleton] RADS classification across 10 systems,RADS classification across 10 systems,1
9,RadLite: Multi-Task LoRA Fine-Tuning of Small Language Models for CPU-Deployable Radiology AI,[singleton] impression generation,impression generation,1
9,RadLite: Multi-Task LoRA Fine-Tuning of Small Language Models for CPU-Deployable Radiology AI,[singleton] temporal comparison,temporal comparison,1
9,RadLite: Multi-Task LoRA Fine-Tuning of Small Language Models for CPU-Deployable Radiology AI,[singleton] radiology NLI,radiology NLI,1
9,RadLite: Multi-Task LoRA Fine-Tuning of Small Language Models for CPU-Deployable Radiology AI,[singleton] NER,NER,1
9,RadLite: Multi-Task LoRA Fine-Tuning of Small Language Models for CPU-Deployable Radiology AI,[singleton] abnormality detection,abnormality detection,1
9,RadLite: Multi-Task LoRA Fine-Tuning of Small Language Models for CPU-Deployable Radiology AI,[singleton] N/M staging,N/M staging,1
9,RadLite: Multi-Task LoRA Fine-Tuning of Small Language Models for CPU-Deployable Radiology AI,[singleton] radiology Q&A,radiology Q&A,1
9,RadLite: Multi-Task LoRA Fine-Tuning of Small Language Models for CPU-Deployable Radiology AI,[singleton] 12 public datasets,12 public datasets,1
9,RadLite: Multi-Task LoRA Fine-Tuning of Small Language Models for CPU-Deployable Radiology AI,[singleton] 500 held-out test samples per task,500 held-out test samples per task,1
9,RadLite: Multi-Task LoRA Fine-Tuning of Small Language Models for CPU-Deployable Radiology AI,[singleton] standardized metrics,standardized metrics,1
9,RadLite: Multi-Task LoRA Fine-Tuning of Small Language Models for CPU-Deployable Radiology AI,[singleton] zero-shot baselines,zero-shot baselines,1
9,RadLite: Multi-Task LoRA Fine-Tuning of Small Language Models for CPU-Deployable Radiology AI,[singleton] structured generation tasks,structured generation tasks,1
9,RadLite: Multi-Task LoRA Fine-Tuning of Small Language Models for CPU-Deployable Radiology AI,[singleton] extractive tasks,extractive tasks,1
9,RadLite: Multi-Task LoRA Fine-Tuning of Small Language Models for CPU-Deployable Radiology AI,[singleton] a task-outed oracle ensemble,a task-outed oracle ensemble,1
9,RadLite: Multi-Task LoRA Fine-Tuning of Small Language Models for CPU-Deployable Radiology AI,[singleton] few-shot prompting,few-shot prompting,1
9,RadLite: Multi-Task LoRA Fine-Tuning of Small Language Models for CPU-Deployable Radiology AI,[singleton] in-context learning,in-context learning,1
9,RadLite: Multi-Task LoRA Fine-Tuning of Small Language Models for CPU-Deployable Radiology AI,[singleton] GGUF format,GGUF format,1
9,RadLite: Multi-Task LoRA Fine-Tuning of Small Language Models for CPU-Deployable Radiology AI,[singleton] 4-8 tokens/second,4-8 tokens/second,1
9,RadLite: Multi-Task LoRA Fine-Tuning of Small Language Models for CPU-Deployable Radiology AI,[singleton] GPU requirements,GPU requirements,1
9,RadLite: Multi-Task LoRA Fine-Tuning of Small Language Models for CPU-Deployable Radiology AI,[singleton] practical multi-task radiology AI assistants,practical multi-task radiology AI assistants,1
9,RadLite: Multi-Task LoRA Fine-Tuning of Small Language Models for CPU-Deployable Radiology AI,[self-reference],We; We; Our; we; Our,5
10,Multi-Target Domain Adaptation via Unsupervised Domain Classification for Weather Invariant Object Detection,the proposed unsupervised domain classification method,a novel unsupervised domain classification method; which; it; our proposed method,4
10,Multi-Target Domain Adaptation via Unsupervised Domain Classification for Weather Invariant Object Detection,Cityscapes dataset,Cityscapes dataset; its,2
10,Multi-Target Domain Adaptation via Unsupervised Domain Classification for Weather Invariant Object Detection,[singleton] Object detection,Object detection,1
10,Multi-Target Domain Adaptation via Unsupervised Domain Classification for Weather Invariant Object Detection,[singleton] autonomous driving,autonomous driving,1
10,Multi-Target Domain Adaptation via Unsupervised Domain Classification for Weather Invariant Object Detection,[singleton] the weather of the training images,the weather of the training images,1
10,Multi-Target Domain Adaptation via Unsupervised Domain Classification for Weather Invariant Object Detection,[singleton] test images,test images,1
10,Multi-Target Domain Adaptation via Unsupervised Domain Classification for Weather Invariant Object Detection,[singleton] Domain adaptation,Domain adaptation,1
10,Multi-Target Domain Adaptation via Unsupervised Domain Classification for Weather Invariant Object Detection,[singleton] the domain shift problem,the domain shift problem,1
10,Multi-Target Domain Adaptation via Unsupervised Domain Classification for Weather Invariant Object Detection,[singleton] most existing domain adaptation methods,most existing domain adaptation methods,1
10,Multi-Target Domain Adaptation via Unsupervised Domain Classification for Weather Invariant Object Detection,[singleton] single target domain,single target domain,1
10,Multi-Target Domain Adaptation via Unsupervised Domain Classification for Weather Invariant Object Detection,[singleton] domain labels,domain labels,1
10,Multi-Target Domain Adaptation via Unsupervised Domain Classification for Weather Invariant Object Detection,[singleton] single-target domain adaptation methods,single-target domain adaptation methods,1
10,Multi-Target Domain Adaptation via Unsupervised Domain Classification for Weather Invariant Object Detection,[singleton] multi-target domains,multi-target domains,1
10,Multi-Target Domain Adaptation via Unsupervised Domain Classification for Weather Invariant Object Detection,[singleton] a weather-invariant object detector training framework,a weather-invariant object detector training framework,1
10,Multi-Target Domain Adaptation via Unsupervised Domain Classification for Weather Invariant Object Detection,[singleton] its synthetic variants,its synthetic variants,1
10,Multi-Target Domain Adaptation via Unsupervised Domain Classification for Weather Invariant Object Detection,[singleton] The experimental results,The experimental results,1
10,Multi-Target Domain Adaptation via Unsupervised Domain Classification for Weather Invariant Object Detection,[singleton] the object detector trained by our proposed method,the object detector trained by our proposed method,1
10,Multi-Target Domain Adaptation via Unsupervised Domain Classification for Weather Invariant Object Detection,[singleton] different weather conditions,different weather conditions,1
10,Multi-Target Domain Adaptation via Unsupervised Domain Classification for Weather Invariant Object Detection,[self-reference],We propose; We conduct,2
11,Low-resource domain adaptation while minimizing energy and hardware resource consumption,Domain adaptation,Domain adaptation; its; domain adaptation,3
11,Low-resource domain adaptation while minimizing energy and hardware resource consumption,[singleton] Large Language Models,Large Language Models,1
11,Low-resource domain adaptation while minimizing energy and hardware resource consumption,[singleton] a positionality rooted in predominant cultures and values,a positionality rooted in predominant cultures and values,1
11,Low-resource domain adaptation while minimizing energy and hardware resource consumption,[singleton] models,models,1
11,Low-resource domain adaptation while minimizing energy and hardware resource consumption,[singleton] diverse cultural and value contexts,diverse cultural and value contexts,1
11,Low-resource domain adaptation while minimizing energy and hardware resource consumption,[singleton] computational cost,computational cost,1
11,Low-resource domain adaptation while minimizing energy and hardware resource consumption,[singleton] research groups lacking access to large-scale infrastructure,research groups lacking access to large-scale infrastructure,1
11,Low-resource domain adaptation while minimizing energy and hardware resource consumption,[singleton] different numerical precision formats,different numerical precision formats,1
11,Low-resource domain adaptation while minimizing energy and hardware resource consumption,[singleton] data parallelization strategies,data parallelization strategies,1
11,Low-resource domain adaptation while minimizing energy and hardware resource consumption,[singleton] training speed,training speed,1
11,Low-resource domain adaptation while minimizing energy and hardware resource consumption,[singleton] model accuracy,model accuracy,1
11,Low-resource domain adaptation while minimizing energy and hardware resource consumption,[singleton] low-resource environments,low-resource environments,1
11,Low-resource domain adaptation while minimizing energy and hardware resource consumption,[singleton] findings,findings,1
11,Low-resource domain adaptation while minimizing energy and hardware resource consumption,[singleton] energy efficiency,energy efficiency,1
11,Low-resource domain adaptation while minimizing energy and hardware resource consumption,[singleton] accessibility,accessibility,1
11,Low-resource domain adaptation while minimizing energy and hardware resource consumption,[singleton] limited hardware availability,limited hardware availability,1
11,Low-resource domain adaptation while minimizing energy and hardware resource consumption,[self-reference],we; Our,2
12,DGSense: A Domain Generalization Framework for Wireless Sensing,wireless sensing,Wireless sensing; wireless sensing,2
12,DGSense: A Domain Generalization Framework for Wireless Sensing,a domain,a domain; which,2
12,DGSense: A Domain Generalization Framework for Wireless Sensing,the sensing schemes,A vast majority of the sensing schemes; They,2
12,DGSense: A Domain Generalization Framework for Wireless Sensing,various solutions to the domain issue,various solutions; these solutions; They,3
12,DGSense: A Domain Generalization Framework for Wireless Sensing,DGSense domain generalization framework,a domain generalization framework DGSense; The framework; a general solution; DGSense,4
12,DGSense: A Domain Generalization Framework for Wireless Sensing,the sensing model,the sensing model; it,2
12,DGSense: A Domain Generalization Framework for Wireless Sensing,[singleton] wireless signals,wireless signals,1
12,DGSense: A Domain Generalization Framework for Wireless Sensing,[singleton] the data distribution,the data distribution,1
12,DGSense: A Domain Generalization Framework for Wireless Sensing,[singleton] the training domains,the training domains,1
12,DGSense: A Domain Generalization Framework for Wireless Sensing,[singleton] the domain dependence problem,the domain dependence problem,1
12,DGSense: A Domain Generalization Framework for Wireless Sensing,[singleton] the training set,the training set,1
12,DGSense: A Domain Generalization Framework for Wireless Sensing,[singleton] a virtual data generator,a virtual data generator,1
12,DGSense: A Domain Generalization Framework for Wireless Sensing,[singleton] the domain independent features,the domain independent features,1
12,DGSense: A Domain Generalization Framework for Wireless Sensing,[singleton] episodic training,episodic training,1
12,DGSense: A Domain Generalization Framework for Wireless Sensing,[singleton] the main feature extractor,the main feature extractor,1
12,DGSense: A Domain Generalization Framework for Wireless Sensing,[singleton] the domain feature extractors,the domain feature extractors,1
12,DGSense: A Domain Generalization Framework for Wireless Sensing,[singleton] a pre-trained Residual Network with an attention mechanism,a pre-trained Residual Network with an attention mechanism,1
12,DGSense: A Domain Generalization Framework for Wireless Sensing,[singleton] a 1D Convolutional Neural Network,a 1D Convolutional Neural Network,1
12,DGSense: A Domain Generalization Framework for Wireless Sensing,[singleton] WiFi gesture recognition,WiFi gesture recognition,1
12,DGSense: A Domain Generalization Framework for Wireless Sensing,[singleton] Millimeter Wave (mmWave) activity recognition,Millimeter Wave (mmWave) activity recognition,1
12,DGSense: A Domain Generalization Framework for Wireless Sensing,[singleton] acoustic fall detection,acoustic fall detection,1
12,DGSense: A Domain Generalization Framework for Wireless Sensing,[self-reference],our; we; we; we,4
13,AR-TTA: A Simple Method for Real-World Continual Test-Time Adaptation,the source model,the source model; itself; the source model; the source model,4
13,AR-TTA: A Simple Method for Real-World Continual Test-Time Adaptation,current test-time adaptation methods,current methods; current test-time adaptation methods,2
13,AR-TTA: A Simple Method for Real-World Continual Test-Time Adaptation,[singleton] Test-time adaptation,Test-time adaptation,1
13,AR-TTA: A Simple Method for Real-World Continual Test-Time Adaptation,[singleton] benchmarks that are only a simplification of real-world scenarios,benchmarks that are only a simplification of real-world scenarios,1
13,AR-TTA: A Simple Method for Real-World Continual Test-Time Adaptation,[singleton] test-time adaptation methods,test-time adaptation methods,1
13,AR-TTA: A Simple Method for Real-World Continual Test-Time Adaptation,[singleton] the recently introduced datasets for autonomous driving,the recently introduced datasets for autonomous driving,1
13,AR-TTA: A Simple Method for Real-World Continual Test-Time Adaptation,[singleton] CLAD-C,CLAD-C,1
13,AR-TTA: A Simple Method for Real-World Continual Test-Time Adaptation,[singleton] SHIFT,SHIFT,1
13,AR-TTA: A Simple Method for Real-World Continual Test-Time Adaptation,[singleton] domain shift,domain shift,1
13,AR-TTA: A Simple Method for Real-World Continual Test-Time Adaptation,"[singleton] dynamically changing, temporally correlated data streams","dynamically changing, temporally correlated data streams",1
13,AR-TTA: A Simple Method for Real-World Continual Test-Time Adaptation,[singleton] the well-established self-training framework,the well-established self-training framework,1
13,AR-TTA: A Simple Method for Real-World Continual Test-Time Adaptation,[singleton] a small memory buffer,a small memory buffer,1
13,AR-TTA: A Simple Method for Real-World Continual Test-Time Adaptation,"[singleton] The proposed method, named AR-TTA","The proposed method, named AR-TTA",1
13,AR-TTA: A Simple Method for Real-World Continual Test-Time Adaptation,[singleton] existing approaches,existing approaches,1
13,AR-TTA: A Simple Method for Real-World Continual Test-Time Adaptation,[singleton] TTA scenarios,TTA scenarios,1
13,AR-TTA: A Simple Method for Real-World Continual Test-Time Adaptation,[self-reference],we; We; We; we,4
14,TLR: Transfer Latent Representation for Unsupervised Domain Adaptation,transfer latent representation (TLR),a novel method; transfer latent representation; TLR,3
14,TLR: Transfer Latent Representation for Unsupervised Domain Adaptation,the linear autoencoder,a simple linear autoencoder; the autoencoder,2
14,TLR: Transfer Latent Representation for Unsupervised Domain Adaptation,both domains,both domains; both domains; both domains; both domains,4
14,TLR: Transfer Latent Representation for Unsupervised Domain Adaptation,[singleton] Domain adaptation,Domain adaptation,1
14,TLR: Transfer Latent Representation for Unsupervised Domain Adaptation,[singleton] prediction models,prediction models,1
14,TLR: Transfer Latent Representation for Unsupervised Domain Adaptation,[singleton] a target domain,a target domain,1
14,TLR: Transfer Latent Representation for Unsupervised Domain Adaptation,[singleton] a source domain,a source domain,1
14,TLR: Transfer Latent Representation for Unsupervised Domain Adaptation,[singleton] Many classic methods,Many classic methods,1
14,TLR: Transfer Latent Representation for Unsupervised Domain Adaptation,[singleton] the domain adaptation problem,the domain adaptation problem,1
14,TLR: Transfer Latent Representation for Unsupervised Domain Adaptation,[singleton] a common latent space,a common latent space,1
14,TLR: Transfer Latent Representation for Unsupervised Domain Adaptation,[singleton] a better latent space,a better latent space,1
14,TLR: Transfer Latent Representation for Unsupervised Domain Adaptation,[singleton] an objective function,an objective function,1
14,TLR: Transfer Latent Representation for Unsupervised Domain Adaptation,[singleton] The encoder,The encoder,1
14,TLR: Transfer Latent Representation for Unsupervised Domain Adaptation,[singleton] a robust latent space,a robust latent space,1
14,TLR: Transfer Latent Representation for Unsupervised Domain Adaptation,[singleton] the decoder,the decoder,1
14,TLR: Transfer Latent Representation for Unsupervised Domain Adaptation,[singleton] an additional constraint,an additional constraint,1
14,TLR: Transfer Latent Representation for Unsupervised Domain Adaptation,[singleton] the original data,the original data,1
14,TLR: Transfer Latent Representation for Unsupervised Domain Adaptation,[singleton] the noise,the noise,1
14,TLR: Transfer Latent Representation for Unsupervised Domain Adaptation,[singleton] domain shift,domain shift,1
14,TLR: Transfer Latent Representation for Unsupervised Domain Adaptation,[singleton] Experiments on cross-domain tasks,Experiments on cross-domain tasks,1
14,TLR: Transfer Latent Representation for Unsupervised Domain Adaptation,[singleton] competing methods,competing methods,1
14,TLR: Transfer Latent Representation for Unsupervised Domain Adaptation,[self-reference],we,1
15,Improving Unsupervised Domain Adaptive Re-Identification via Source-Guided Selection of Pseudo-Labeling Hyperparameters,Unsupervised Domain Adaptation for re-identification,Unsupervised Domain Adaptation for re-identification; a challenging task; it,3
15,Improving Unsupervised Domain Adaptive Re-Identification via Source-Guided Selection of Pseudo-Labeling Hyperparameters,the domain of interest,a domain of interest with only unlabeled data; the domain of interest,2
15,Improving Unsupervised Domain Adaptive Re-Identification via Source-Guided Selection of Pseudo-Labeling Hyperparameters,Pseudo-labeling approaches,Pseudo-labeling approaches; these approaches,2
15,Improving Unsupervised Domain Adaptive Re-Identification via Source-Guided Selection of Pseudo-Labeling Hyperparameters,the choice of hyperparameters,the choice of some hyperparameters; this choice; this simplistic choice,3
15,Improving Unsupervised Domain Adaptive Re-Identification via Source-Guided Selection of Pseudo-Labeling Hyperparameters,Current approaches,Current approaches; their,2
15,Improving Unsupervised Domain Adaptive Re-Identification via Source-Guided Selection of Pseudo-Labeling Hyperparameters,HyPASS,method of automatic and cyclic HP tuning for pseudo-labeling UDA clustering; HyPASS; HyPASS; our proposed HyPASS,4
15,Improving Unsupervised Domain Adaptive Re-Identification via Source-Guided Selection of Pseudo-Labeling Hyperparameters,HP selection,HP selection for clustering UDA re-ID; HP selection based on a labeled source validation set; HP selection based on source samples,3
15,Improving Unsupervised Domain Adaptive Re-Identification via Source-Guided Selection of Pseudo-Labeling Hyperparameters,[singleton] a costly annotation of additional data,a costly annotation of additional data,1
15,Improving Unsupervised Domain Adaptive Re-Identification via Source-Guided Selection of Pseudo-Labeling Hyperparameters,[singleton] a domain with annotated data,a domain with annotated data,1
15,Improving Unsupervised Domain Adaptive Re-Identification via Source-Guided Selection of Pseudo-Labeling Hyperparameters,[singleton] UDA re-ID,UDA re-ID,1
15,Improving Unsupervised Domain Adaptive Re-Identification via Source-Guided Selection of Pseudo-Labeling Hyperparameters,[singleton] the generation of pseudo-labels by clustering,the generation of pseudo-labels by clustering,1
15,Improving Unsupervised Domain Adaptive Re-Identification via Source-Guided Selection of Pseudo-Labeling Hyperparameters,[singleton] the same empirical value,the same empirical value,1
15,Improving Unsupervised Domain Adaptive Re-Identification via Source-Guided Selection of Pseudo-Labeling Hyperparameters,[singleton] all adaptation tasks,all adaptation tasks,1
15,Improving Unsupervised Domain Adaptive Re-Identification via Source-Guided Selection of Pseudo-Labeling Hyperparameters,[singleton] the target data representation,the target data representation,1
15,Improving Unsupervised Domain Adaptive Re-Identification via Source-Guided Selection of Pseudo-Labeling Hyperparameters,[singleton] pseudo-labeling training phases,pseudo-labeling training phases,1
15,Improving Unsupervised Domain Adaptive Re-Identification via Source-Guided Selection of Pseudo-Labeling Hyperparameters,[singleton] this issue,this issue,1
15,Improving Unsupervised Domain Adaptive Re-Identification via Source-Guided Selection of Pseudo-Labeling Hyperparameters,[singleton] new theoretical grounds,new theoretical grounds,1
15,Improving Unsupervised Domain Adaptive Re-Identification via Source-Guided Selection of Pseudo-Labeling Hyperparameters,[singleton] two modules,two modules,1
15,Improving Unsupervised Domain Adaptive Re-Identification via Source-Guided Selection of Pseudo-Labeling Hyperparameters,[singleton] conditional domain alignment of feature discriminativeness,conditional domain alignment of feature discriminativeness,1
15,Improving Unsupervised Domain Adaptive Re-Identification via Source-Guided Selection of Pseudo-Labeling Hyperparameters,[singleton] commonly used person re-ID and vehicle re-ID datasets,commonly used person re-ID and vehicle re-ID datasets,1
15,Improving Unsupervised Domain Adaptive Re-Identification via Source-Guided Selection of Pseudo-Labeling Hyperparameters,[singleton] the best state-of-the-art methods in re-ID,the best state-of-the-art methods in re-ID,1
15,Improving Unsupervised Domain Adaptive Re-Identification via Source-Guided Selection of Pseudo-Labeling Hyperparameters,[singleton] the commonly used empirical HP setting,the commonly used empirical HP setting,1
15,Improving Unsupervised Domain Adaptive Re-Identification via Source-Guided Selection of Pseudo-Labeling Hyperparameters,[self-reference],we; We; our,3
16,Unsupervised Cross-domain Pulmonary Nodule Detection without Source Data,SUP-ICI method,"a Source-free Unsupervised cross-domain method for Pulmonary nodule detection (SUP), named Instance-level Contrastive Instruction fine-tuning framework; It; SUP-ICI",3
16,Unsupervised Cross-domain Pulmonary Nodule Detection without Source Data,target domain,target domain; the target domain,2
16,Unsupervised Cross-domain Pulmonary Nodule Detection without Source Data,unsupervised domain adaptation setting,this unsupervised domain adaptation setting; this setting,2
16,Unsupervised Cross-domain Pulmonary Nodule Detection without Source Data,source model,the source model; a pre-trained source model,2
16,Unsupervised Cross-domain Pulmonary Nodule Detection without Source Data,[singleton] Cross-domain pulmonary nodule detection,Cross-domain pulmonary nodule detection,1
16,Unsupervised Cross-domain Pulmonary Nodule Detection without Source Data,[singleton] data distributions,data distributions,1
16,Unsupervised Cross-domain Pulmonary Nodule Detection without Source Data,[singleton] medical data annotation,medical data annotation,1
16,Unsupervised Cross-domain Pulmonary Nodule Detection without Source Data,[singleton] the target images,the target images,1
16,Unsupervised Cross-domain Pulmonary Nodule Detection without Source Data,[singleton] Existing approaches,Existing approaches,1
16,Unsupervised Cross-domain Pulmonary Nodule Detection without Source Data,[singleton] the source medical data,the source medical data,1
16,Unsupervised Cross-domain Pulmonary Nodule Detection without Source Data,[singleton] instance-level contrastive learning,instance-level contrastive learning,1
16,Unsupervised Cross-domain Pulmonary Nodule Detection without Source Data,[singleton] the adapted model,the adapted model,1
16,Unsupervised Cross-domain Pulmonary Nodule Detection without Source Data,[singleton] a teacher-student interaction manner,a teacher-student interaction manner,1
16,Unsupervised Cross-domain Pulmonary Nodule Detection without Source Data,[singleton] a weighted entropy loss,a weighted entropy loss,1
16,Unsupervised Cross-domain Pulmonary Nodule Detection without Source Data,[singleton] a benchmark,a benchmark,1
16,Unsupervised Cross-domain Pulmonary Nodule Detection without Source Data,[singleton] three popular datasets for pulmonary nodule detection,three popular datasets for pulmonary nodule detection,1
16,Unsupervised Cross-domain Pulmonary Nodule Detection without Source Data,[singleton] the first exploration of source-free unsupervised domain adaptation in medical image object detection,the first exploration of source-free unsupervised domain adaptation in medical image object detection,1
16,Unsupervised Cross-domain Pulmonary Nodule Detection without Source Data,[singleton] existing state-of-the-art approaches,existing state-of-the-art approaches,1
16,Unsupervised Cross-domain Pulmonary Nodule Detection without Source Data,[singleton] FROC score improvements,FROC score improvements,1
16,Unsupervised Cross-domain Pulmonary Nodule Detection without Source Data,[self-reference],us; We; our; Our,4
17,A Formative Study of Brief Affective Text as a Complement to Wearable Sensing for Longitudinal Student Health Monitoring,the 458 university students (participants),458 university students; them; participants,3
17,A Formative Study of Brief Affective Text as a Complement to Wearable Sensing for Longitudinal Student Health Monitoring,domain-adapted NLP models,domain-adapted NLP approaches; domain-adapted models,2
17,A Formative Study of Brief Affective Text as a Complement to Wearable Sensing for Longitudinal Student Health Monitoring,[singleton] Wearable devices,Wearable devices,1
17,A Formative Study of Brief Affective Text as a Complement to Wearable Sensing for Longitudinal Student Health Monitoring,[singleton] sensor data,sensor data,1
17,A Formative Study of Brief Affective Text as a Complement to Wearable Sensing for Longitudinal Student Health Monitoring,[singleton] digital health,digital health,1
17,A Formative Study of Brief Affective Text as a Complement to Wearable Sensing for Longitudinal Student Health Monitoring,[singleton] ultra-brief naturalistic concern text,ultra-brief naturalistic concern text,1
17,A Formative Study of Brief Affective Text as a Complement to Wearable Sensing for Longitudinal Student Health Monitoring,[singleton] Oura rings,Oura rings,1
17,A Formative Study of Brief Affective Text as a Complement to Wearable Sensing for Longitudinal Student Health Monitoring,[singleton] an open-ended prompt about what concerned them most,an open-ended prompt about what concerned them most,1
17,A Formative Study of Brief Affective Text as a Complement to Wearable Sensing for Longitudinal Student Health Monitoring,[singleton] responses,responses,1
17,A Formative Study of Brief Affective Text as a Complement to Wearable Sensing for Longitudinal Student Health Monitoring,[singleton] dictionary based,dictionary based,1
17,A Formative Study of Brief Affective Text as a Complement to Wearable Sensing for Longitudinal Student Health Monitoring,[singleton] within-person mixed-effects models,within-person mixed-effects models,1
17,A Formative Study of Brief Affective Text as a Complement to Wearable Sensing for Longitudinal Student Health Monitoring,[singleton] nine sleep and physical activity outcomes,nine sleep and physical activity outcomes,1
17,A Formative Study of Brief Affective Text as a Complement to Wearable Sensing for Longitudinal Student Health Monitoring,[singleton] academic concern framing,academic concern framing,1
17,A Formative Study of Brief Affective Text as a Complement to Wearable Sensing for Longitudinal Student Health Monitoring,[singleton] emotional exhaustion language,emotional exhaustion language,1
17,A Formative Study of Brief Affective Text as a Complement to Wearable Sensing for Longitudinal Student Health Monitoring,[singleton] sleep quality,sleep quality,1
17,A Formative Study of Brief Affective Text as a Complement to Wearable Sensing for Longitudinal Student Health Monitoring,[singleton] heart rate variability,heart rate variability,1
17,A Formative Study of Brief Affective Text as a Complement to Wearable Sensing for Longitudinal Student Health Monitoring,[singleton] General pretrained embeddings,General pretrained embeddings,1
17,A Formative Study of Brief Affective Text as a Complement to Wearable Sensing for Longitudinal Student Health Monitoring,[singleton] domain adaptation,domain adaptation,1
17,A Formative Study of Brief Affective Text as a Complement to Wearable Sensing for Longitudinal Student Health Monitoring,[singleton] autonomic outcomes,autonomic outcomes,1
17,A Formative Study of Brief Affective Text as a Complement to Wearable Sensing for Longitudinal Student Health Monitoring,[singleton] Zero-shot classification of concern topics,Zero-shot classification of concern topics,1
17,A Formative Study of Brief Affective Text as a Complement to Wearable Sensing for Longitudinal Student Health Monitoring,[singleton] affective dimensions,affective dimensions,1
17,A Formative Study of Brief Affective Text as a Complement to Wearable Sensing for Longitudinal Student Health Monitoring,[singleton] These findings,These findings,1
17,A Formative Study of Brief Affective Text as a Complement to Wearable Sensing for Longitudinal Student Health Monitoring,[singleton] ultra-brief affective prompts,ultra-brief affective prompts,1
17,A Formative Study of Brief Affective Text as a Complement to Wearable Sensing for Longitudinal Student Health Monitoring,[self-reference],We; We,2
18,"Zero-Shot and Supervised Bird Image Segmentation Using Foundation Models: A Dual-Pipeline Approach with Grounding DINO1.5, YOLOv11, and SAM2.1",dual-pipeline framework,a dual-pipeline framework; two operating modes,2
18,"Zero-Shot and Supervised Bird Image Segmentation Using Foundation Models: A Dual-Pipeline Approach with Grounding DINO1.5, YOLOv11, and SAM2.1",Segment Anything Model 2.1 (SAM 2.1),Segment Anything Model 2.1; SAM 2.1; SAM 2.1; The segmentation model,4
18,"Zero-Shot and Supervised Bird Image Segmentation Using Foundation Models: A Dual-Pipeline Approach with Grounding DINO1.5, YOLOv11, and SAM2.1",zero-shot pipeline,a zero-shot pipeline; The zero-shot pipeline,2
18,"Zero-Shot and Supervised Bird Image Segmentation Using Foundation Models: A Dual-Pipeline Approach with Grounding DINO1.5, YOLOv11, and SAM2.1",supervised pipeline,a supervised pipeline; the supervised pipeline,2
18,"Zero-Shot and Supervised Bird Image Segmentation Using Foundation Models: A Dual-Pipeline Approach with Grounding DINO1.5, YOLOv11, and SAM2.1",CUB-200-2011 dataset,the CUB-200-2011 dataset; CUB-200-2011; this benchmark,3
18,"Zero-Shot and Supervised Bird Image Segmentation Using Foundation Models: A Dual-Pipeline Approach with Grounding DINO1.5, YOLOv11, and SAM2.1",[singleton] Bird image segmentation,Bird image segmentation,1
18,"Zero-Shot and Supervised Bird Image Segmentation Using Foundation Models: A Dual-Pipeline Approach with Grounding DINO1.5, YOLOv11, and SAM2.1",[singleton] computer vision,computer vision,1
18,"Zero-Shot and Supervised Bird Image Segmentation Using Foundation Models: A Dual-Pipeline Approach with Grounding DINO1.5, YOLOv11, and SAM2.1",[singleton] Grounding DINO 1.5,Grounding DINO 1.5,1
18,"Zero-Shot and Supervised Bird Image Segmentation Using Foundation Models: A Dual-Pipeline Approach with Grounding DINO1.5, YOLOv11, and SAM2.1",[singleton] the text prompt  bird ,the text prompt  bird ,1
18,"Zero-Shot and Supervised Bird Image Segmentation Using Foundation Models: A Dual-Pipeline Approach with Grounding DINO1.5, YOLOv11, and SAM2.1",[singleton] bounding boxes,bounding boxes,1
18,"Zero-Shot and Supervised Bird Image Segmentation Using Foundation Models: A Dual-Pipeline Approach with Grounding DINO1.5, YOLOv11, and SAM2.1",[singleton] YOLOv11,YOLOv11,1
18,"Zero-Shot and Supervised Bird Image Segmentation Using Foundation Models: A Dual-Pipeline Approach with Grounding DINO1.5, YOLOv11, and SAM2.1",[singleton] pixel-level masks,pixel-level masks,1
18,"Zero-Shot and Supervised Bird Image Segmentation Using Foundation Models: A Dual-Pipeline Approach with Grounding DINO1.5, YOLOv11, and SAM2.1",[singleton] IoU 0.912,IoU 0.912,1
18,"Zero-Shot and Supervised Bird Image Segmentation Using Foundation Models: A Dual-Pipeline Approach with Grounding DINO1.5, YOLOv11, and SAM2.1",[singleton] Dice 0.954,Dice 0.954,1
18,"Zero-Shot and Supervised Bird Image Segmentation Using Foundation Models: A Dual-Pipeline Approach with Grounding DINO1.5, YOLOv11, and SAM2.1",[singleton] F1 0.953,F1 0.953,1
18,"Zero-Shot and Supervised Bird Image Segmentation Using Foundation Models: A Dual-Pipeline Approach with Grounding DINO1.5, YOLOv11, and SAM2.1",[singleton] SegFormer-B2,SegFormer-B2,1
18,"Zero-Shot and Supervised Bird Image Segmentation Using Foundation Models: A Dual-Pipeline Approach with Grounding DINO1.5, YOLOv11, and SAM2.1",[singleton] IoU 0.831,IoU 0.831,1
18,"Zero-Shot and Supervised Bird Image Segmentation Using Foundation Models: A Dual-Pipeline Approach with Grounding DINO1.5, YOLOv11, and SAM2.1",[singleton] task specific end-to-end trained segmentation networks,task specific end-to-end trained segmentation networks,1
18,"Zero-Shot and Supervised Bird Image Segmentation Using Foundation Models: A Dual-Pipeline Approach with Grounding DINO1.5, YOLOv11, and SAM2.1",[singleton] lightweight detector fine-tuning,lightweight detector fine-tuning,1
18,"Zero-Shot and Supervised Bird Image Segmentation Using Foundation Models: A Dual-Pipeline Approach with Grounding DINO1.5, YOLOv11, and SAM2.1",[singleton] domain adaptation,domain adaptation,1
18,"Zero-Shot and Supervised Bird Image Segmentation Using Foundation Models: A Dual-Pipeline Approach with Grounding DINO1.5, YOLOv11, and SAM2.1",[singleton] Complete PyTorch implementation,Complete PyTorch implementation,1
18,"Zero-Shot and Supervised Bird Image Segmentation Using Foundation Models: A Dual-Pipeline Approach with Grounding DINO1.5, YOLOv11, and SAM2.1",[singleton] dataset preparation scripts,dataset preparation scripts,1
18,"Zero-Shot and Supervised Bird Image Segmentation Using Foundation Models: A Dual-Pipeline Approach with Grounding DINO1.5, YOLOv11, and SAM2.1",[singleton] trained weights,trained weights,1
18,"Zero-Shot and Supervised Bird Image Segmentation Using Foundation Models: A Dual-Pipeline Approach with Grounding DINO1.5, YOLOv11, and SAM2.1",[self-reference],We; We,2
19,Adversarial Domain Adaptation with Paired Examples for Acoustic Scene Classification on Different Recording Devices,the studied adversarial domain adaptation models,several adversarial models for domain adaptation; their; The studied models,3
19,Adversarial Domain Adaptation with Paired Examples for Acoustic Scene Classification on Different Recording Devices,the cycle GAN,the so-called cycle GAN; which consists of two interconnected GAN models; the cycle GAN; which achieves,4
19,Adversarial Domain Adaptation with Paired Examples for Acoustic Scene Classification on Different Recording Devices,the paired data examples,the paired examples of data recorded using different devices; the paired data examples,2
19,Adversarial Domain Adaptation with Paired Examples for Acoustic Scene Classification on Different Recording Devices,[singleton] the classification accuracy,the classification accuracy,1
19,Adversarial Domain Adaptation with Paired Examples for Acoustic Scene Classification on Different Recording Devices,[singleton] the acoustic scene classification task,the acoustic scene classification task,1
19,Adversarial Domain Adaptation with Paired Examples for Acoustic Scene Classification on Different Recording Devices,[singleton] several types of generative adversarial networks,several types of generative adversarial networks,1
19,Adversarial Domain Adaptation with Paired Examples for Acoustic Scene Classification on Different Recording Devices,[singleton] different loss functions,different loss functions,1
19,Adversarial Domain Adaptation with Paired Examples for Acoustic Scene Classification on Different Recording Devices,[singleton] the DCASE20 challenge task 1A dataset,the DCASE20 challenge task 1A dataset,1
19,Adversarial Domain Adaptation with Paired Examples for Acoustic Scene Classification on Different Recording Devices,[singleton] the source and target domain recordings,the source and target domain recordings,1
19,Adversarial Domain Adaptation with Paired Examples for Acoustic Scene Classification on Different Recording Devices,[singleton] the best performing domain adaptation,the best performing domain adaptation,1
19,Adversarial Domain Adaptation with Paired Examples for Acoustic Scene Classification on Different Recording Devices,[singleton] the target domain device,the target domain device,1
19,Adversarial Domain Adaptation with Paired Examples for Acoustic Scene Classification on Different Recording Devices,[singleton] the source domain,the source domain,1
19,Adversarial Domain Adaptation with Paired Examples for Acoustic Scene Classification on Different Recording Devices,[singleton] the overall accuracy,the overall accuracy,1
19,Adversarial Domain Adaptation with Paired Examples for Acoustic Scene Classification on Different Recording Devices,[singleton] the model trained using larger unpaired data set,the model trained using larger unpaired data set,1
19,Adversarial Domain Adaptation with Paired Examples for Acoustic Scene Classification on Different Recording Devices,[singleton] the computational cost of the model training,the computational cost of the model training,1
19,Adversarial Domain Adaptation with Paired Examples for Acoustic Scene Classification on Different Recording Devices,[self-reference],we investigate; we can leverage; we are able,3
20,Semi-supervised Deep Transfer for Regression without Domain Alignment,source data,source data; source data; it; source data; source data,5
20,Semi-supervised Deep Transfer for Regression without Domain Alignment,Contradistinguisher (CUDA),"Contradistinguisher (CUDA); an efficient framework that learns a shared model across the labeled source and unlabeled target samples, without intermediate representation alignment; CUDA",3
20,Semi-supervised Deep Transfer for Regression without Domain Alignment,CRAFT (Contradistinguisher based Regularization Approach for Flexible Training),CRAFT; CRAFT; CRAFT; CRAFT; CRAFT; CRAFT,6
20,Semi-supervised Deep Transfer for Regression without Domain Alignment,[singleton] Deep learning models,Deep learning models,1
20,Semi-supervised Deep Transfer for Regression without Domain Alignment,[singleton] domain-shifted target data,domain-shifted target data,1
20,Semi-supervised Deep Transfer for Regression without Domain Alignment,[singleton] Many successful domain adaptation approaches,Many successful domain adaptation approaches,1
20,Semi-supervised Deep Transfer for Regression without Domain Alignment,[singleton] privacy concerns,privacy concerns,1
20,Semi-supervised Deep Transfer for Regression without Domain Alignment,[singleton] labeled targets,labeled targets,1
20,Semi-supervised Deep Transfer for Regression without Domain Alignment,[singleton] a neuroscience setting,a neuroscience setting,1
20,Semi-supervised Deep Transfer for Regression without Domain Alignment,[singleton] gaze prediction with electroencephalography data,gaze prediction with electroencephalography data,1
20,Semi-supervised Deep Transfer for Regression without Domain Alignment,[singleton] ``brain age prediction with structural MRI data,``brain age prediction with structural MRI data,1
20,Semi-supervised Deep Transfer for Regression without Domain Alignment,[singleton] both datasets,both datasets,1
20,Semi-supervised Deep Transfer for Regression without Domain Alignment,[singleton] root-mean-squared error,root-mean-squared error,1
20,Semi-supervised Deep Transfer for Regression without Domain Alignment,[singleton] fine-tuned models,fine-tuned models,1
20,Semi-supervised Deep Transfer for Regression without Domain Alignment,[singleton] unlabeled target data,unlabeled target data,1
20,Semi-supervised Deep Transfer for Regression without Domain Alignment,[singleton] four competing state-of-the-art source-free domain adaptation models,four competing state-of-the-art source-free domain adaptation models,1
20,Semi-supervised Deep Transfer for Regression without Domain Alignment,[singleton] two other real-world regression benchmarks,two other real-world regression benchmarks,1
20,Semi-supervised Deep Transfer for Regression without Domain Alignment,[self-reference],We illustrate; We build; We develop; We showcase; we demonstrate; We propose,6
21,Distance based Hyperspherical Classification for Multi-source Open-Set Domain Adaptation,HyMOS,HyMOS; a straightforward model; that; HyMOS; our method; HyMOS,6
21,Distance based Hyperspherical Classification for Multi-source Open-Set Domain Adaptation,contrastive learning,contrastive learning; its; contrastive learning,3
21,Distance based Hyperspherical Classification for Multi-source Open-Set Domain Adaptation,[singleton] Vision systems trained in closed-world scenarios,Vision systems trained in closed-world scenarios,1
21,Distance based Hyperspherical Classification for Multi-source Open-Set Domain Adaptation,[singleton] open-world learning,open-world learning,1
21,Distance based Hyperspherical Classification for Multi-source Open-Set Domain Adaptation,[singleton] multi-source Open-Set domain adaptation,multi-source Open-Set domain adaptation,1
21,Distance based Hyperspherical Classification for Multi-source Open-Set Domain Adaptation,[singleton] hyperspherical feature space,hyperspherical feature space,1
21,Distance based Hyperspherical Classification for Multi-source Open-Set Domain Adaptation,[singleton] style transfer,style transfer,1
21,Distance based Hyperspherical Classification for Multi-source Open-Set Domain Adaptation,[singleton] the instance transformations,the instance transformations,1
21,Distance based Hyperspherical Classification for Multi-source Open-Set Domain Adaptation,[singleton] domain invariance,domain invariance,1
21,Distance based Hyperspherical Classification for Multi-source Open-Set Domain Adaptation,[singleton] negative-transfer,negative-transfer,1
21,Distance based Hyperspherical Classification for Multi-source Open-Set Domain Adaptation,[singleton] A self-paced threshold,A self-paced threshold,1
21,Distance based Hyperspherical Classification for Multi-source Open-Set Domain Adaptation,[singleton] the observed data distribution,the observed data distribution,1
21,Distance based Hyperspherical Classification for Multi-source Open-Set Domain Adaptation,[singleton] the known-unknown separation,the known-unknown separation,1
21,Distance based Hyperspherical Classification for Multi-source Open-Set Domain Adaptation,[singleton] three challenging datasets,three challenging datasets,1
21,Distance based Hyperspherical Classification for Multi-source Open-Set Domain Adaptation,[singleton] several competitors,several competitors,1
21,Distance based Hyperspherical Classification for Multi-source Open-Set Domain Adaptation,[singleton] the new state-of-the-art,the new state-of-the-art,1
21,Distance based Hyperspherical Classification for Multi-source Open-Set Domain Adaptation,[self-reference],we; We; our,3
22,A Pretrained Probabilistic Transformer for City-Scale Traffic Volume Prediction,TrafficPPT,TrafficPPT; a Pretrained Probabilistic Transformer; Our framework; TrafficPPT; TrafficPPT,5
22,A Pretrained Probabilistic Transformer for City-Scale Traffic Volume Prediction,[singleton] City-scale traffic volume prediction,City-scale traffic volume prediction,1
22,A Pretrained Probabilistic Transformer for City-Scale Traffic Volume Prediction,[singleton] intelligent transportation systems,intelligent transportation systems,1
22,A Pretrained Probabilistic Transformer for City-Scale Traffic Volume Prediction,[singleton] observational data,observational data,1
22,A Pretrained Probabilistic Transformer for City-Scale Traffic Volume Prediction,[singleton] deep learning based methods,deep learning based methods,1
22,A Pretrained Probabilistic Transformer for City-Scale Traffic Volume Prediction,[singleton] deterministic point estimates,deterministic point estimates,1
22,A Pretrained Probabilistic Transformer for City-Scale Traffic Volume Prediction,[singleton] unobserved traffic flows,unobserved traffic flows,1
22,A Pretrained Probabilistic Transformer for City-Scale Traffic Volume Prediction,[singleton] current models,current models,1
22,A Pretrained Probabilistic Transformer for City-Scale Traffic Volume Prediction,[singleton] heterogeneous data sources,heterogeneous data sources,1
22,A Pretrained Probabilistic Transformer for City-Scale Traffic Volume Prediction,[singleton] real-time observations,real-time observations,1
22,A Pretrained Probabilistic Transformer for City-Scale Traffic Volume Prediction,[singleton] historical trajectory data,historical trajectory data,1
22,A Pretrained Probabilistic Transformer for City-Scale Traffic Volume Prediction,[singleton] road network topology,road network topology,1
22,A Pretrained Probabilistic Transformer for City-Scale Traffic Volume Prediction,[singleton] large-scale simulated data,large-scale simulated data,1
22,A Pretrained Probabilistic Transformer for City-Scale Traffic Volume Prediction,[singleton] target cities,target cities,1
22,A Pretrained Probabilistic Transformer for City-Scale Traffic Volume Prediction,[singleton] real-world datasets,real-world datasets,1
22,A Pretrained Probabilistic Transformer for City-Scale Traffic Volume Prediction,[singleton] state-of-the-art baselines,state-of-the-art baselines,1
22,A Pretrained Probabilistic Transformer for City-Scale Traffic Volume Prediction,[singleton] extreme data sparsity,extreme data sparsity,1
22,A Pretrained Probabilistic Transformer for City-Scale Traffic Volume Prediction,[singleton] Code,Code,1
22,A Pretrained Probabilistic Transformer for City-Scale Traffic Volume Prediction,[self-reference],we; Our,2
23,Adapting General-Purpose Foundation Models for X-ray Ptychography in Low-Data Regimes,foundation models,foundation models; these general-purpose models,2
23,Adapting General-Purpose Foundation Models for X-ray Ptychography in Low-Data Regimes,Language Models,Language Models; LLMs,2
23,Adapting General-Purpose Foundation Models for X-ray Ptychography in Low-Data Regimes,Vision-Language Models,Vision-Language Models; VLMs,2
23,Adapting General-Purpose Foundation Models for X-ray Ptychography in Low-Data Regimes,PtychoBench,"PtychoBench; a new multi-modal, multi-task benchmark for ptychographic analysis; this benchmark; our benchmark",4
23,Adapting General-Purpose Foundation Models for X-ray Ptychography in Low-Data Regimes,two specialization strategies,two specialization strategies; these strategies,2
23,Adapting General-Purpose Foundation Models for X-ray Ptychography in Low-Data Regimes,Supervised Fine-Tuning (SFT),Supervised Fine-Tuning; SFT,2
23,Adapting General-Purpose Foundation Models for X-ray Ptychography in Low-Data Regimes,In-Context Learning (ICL),In-Context Learning; ICL; ICL,3
23,Adapting General-Purpose Foundation Models for X-ray Ptychography in Low-Data Regimes,visual artifact detection task,a visual artifact detection task; the visual task,2
23,Adapting General-Purpose Foundation Models for X-ray Ptychography in Low-Data Regimes,textual parameter recommendation task,a textual parameter recommendation task; the textual task,2
23,Adapting General-Purpose Foundation Models for X-ray Ptychography in Low-Data Regimes,[singleton] advanced microscopy,advanced microscopy,1
23,Adapting General-Purpose Foundation Models for X-ray Ptychography in Low-Data Regimes,[singleton] the optimal domain adaptation strategy,the optimal domain adaptation strategy,1
23,Adapting General-Purpose Foundation Models for X-ray Ptychography in Low-Data Regimes,[singleton] a data-scarce regime,a data-scarce regime,1
23,Adapting General-Purpose Foundation Models for X-ray Ptychography in Low-Data Regimes,[singleton] a fine-tuned model guided by context-aware examples,a fine-tuned model guided by context-aware examples,1
23,Adapting General-Purpose Foundation Models for X-ray Ptychography in Low-Data Regimes,[singleton] the highest mean performance,the highest mean performance,1
23,Adapting General-Purpose Foundation Models for X-ray Ptychography in Low-Data Regimes,[singleton] a large base model,a large base model,1
23,Adapting General-Purpose Foundation Models for X-ray Ptychography in Low-Data Regimes,[singleton] a peak Micro-F1 of 0.847,a peak Micro-F1 of 0.847,1
23,Adapting General-Purpose Foundation Models for X-ray Ptychography in Low-Data Regimes,[singleton] a powerful super-expert SFT model,a powerful super-expert SFT model,1
23,Adapting General-Purpose Foundation Models for X-ray Ptychography in Low-Data Regimes,[singleton] context-aware prompting,context-aware prompting,1
23,Adapting General-Purpose Foundation Models for X-ray Ptychography in Low-Data Regimes,[singleton] a consistent contextual interference phenomenon in fine-tuned models,a consistent contextual interference phenomenon in fine-tuned models,1
23,Adapting General-Purpose Foundation Models for X-ray Ptychography in Low-Data Regimes,[singleton] GPT-4o,GPT-4o,1
23,Adapting General-Purpose Foundation Models for X-ray Ptychography in Low-Data Regimes,[singleton] a DINOv3 based classifier,a DINOv3 based classifier,1
23,Adapting General-Purpose Foundation Models for X-ray Ptychography in Low-Data Regimes,[singleton] the task modality,the task modality,1
23,Adapting General-Purpose Foundation Models for X-ray Ptychography in Low-Data Regimes,[singleton] more effective science based agentic systems,more effective science based agentic systems,1
23,Adapting General-Purpose Foundation Models for X-ray Ptychography in Low-Data Regimes,[self-reference],we; We; Our; We; our,5
24,M&M3D: Multi-Dataset Training and Efficient Network for Multi-view 3D Object Detection,the proposed network,a network structure for multi-view 3D object detection; the network; the efficient network; my network,4
24,M&M3D: Multi-Dataset Training and Efficient Network for Multi-view 3D Object Detection,various 3D datasets,various 3D datasets; they,2
24,M&M3D: Multi-Dataset Training and Efficient Network for Multi-view 3D Object Detection,Transformer,Transformer construction; the Transformer,2
24,M&M3D: Multi-Dataset Training and Efficient Network for Multi-view 3D Object Detection,[singleton] a Bird s-Eye-View map,a Bird s-Eye-View map,1
24,M&M3D: Multi-Dataset Training and Efficient Network for Multi-view 3D Object Detection,[singleton] domain adaptation and visual data transfer,domain adaptation and visual data transfer,1
24,M&M3D: Multi-Dataset Training and Efficient Network for Multi-view 3D Object Detection,[singleton] camera only 3D object detection,camera only 3D object detection,1
24,M&M3D: Multi-Dataset Training and Efficient Network for Multi-view 3D Object Detection,[singleton] the source domain,the source domain,1
24,M&M3D: Multi-Dataset Training and Efficient Network for Multi-view 3D Object Detection,[singleton] a different target domain,a different target domain,1
24,M&M3D: Multi-Dataset Training and Efficient Network for Multi-view 3D Object Detection,[singleton] bounding boxes,bounding boxes,1
24,M&M3D: Multi-Dataset Training and Efficient Network for Multi-view 3D Object Detection,[singleton] 2D networks,2D networks,1
24,M&M3D: Multi-Dataset Training and Efficient Network for Multi-view 3D Object Detection,[singleton] the domain gap assumption,the domain gap assumption,1
24,M&M3D: Multi-Dataset Training and Efficient Network for Multi-view 3D Object Detection,[singleton] the same BEV map size,the same BEV map size,1
24,M&M3D: Multi-Dataset Training and Efficient Network for Multi-view 3D Object Detection,[singleton] the domain gap influence,the domain gap influence,1
24,M&M3D: Multi-Dataset Training and Efficient Network for Multi-view 3D Object Detection,[singleton] a transfer learning method,a transfer learning method,1
24,M&M3D: Multi-Dataset Training and Efficient Network for Multi-view 3D Object Detection,[singleton] NuScenes-mini,NuScenes-mini,1
24,M&M3D: Multi-Dataset Training and Efficient Network for Multi-view 3D Object Detection,[singleton] Lyft,Lyft,1
24,M&M3D: Multi-Dataset Training and Efficient Network for Multi-view 3D Object Detection,[singleton] multi-dataset training,multi-dataset training,1
24,M&M3D: Multi-Dataset Training and Efficient Network for Multi-view 3D Object Detection,[singleton] a detection head,a detection head,1
24,M&M3D: Multi-Dataset Training and Efficient Network for Multi-view 3D Object Detection,[singleton] 3D anchor query,3D anchor query,1
24,M&M3D: Multi-Dataset Training and Efficient Network for Multi-view 3D Object Detection,[singleton] 3D positional information,3D positional information,1
24,M&M3D: Multi-Dataset Training and Efficient Network for Multi-view 3D Object Detection,[singleton] a small amount of source data,a small amount of source data,1
24,M&M3D: Multi-Dataset Training and Efficient Network for Multi-view 3D Object Detection,[singleton] the existing large model pre-training weights,the existing large model pre-training weights,1
24,M&M3D: Multi-Dataset Training and Efficient Network for Multi-view 3D Object Detection,[singleton] the new target domain,the new target domain,1
24,M&M3D: Multi-Dataset Training and Efficient Network for Multi-view 3D Object Detection,[singleton] 2D multi-view image features,2D multi-view image features,1
24,M&M3D: Multi-Dataset Training and Efficient Network for Multi-view 3D Object Detection,[singleton] the visual-language transfer design,the visual-language transfer design,1
24,M&M3D: Multi-Dataset Training and Efficient Network for Multi-view 3D Object Detection,[singleton] 3D anchor box prediction,3D anchor box prediction,1
24,M&M3D: Multi-Dataset Training and Efficient Network for Multi-view 3D Object Detection,[singleton] object classification,object classification,1
24,M&M3D: Multi-Dataset Training and Efficient Network for Multi-view 3D Object Detection,[singleton] standard metrics of 3D object detection,standard metrics of 3D object detection,1
24,M&M3D: Multi-Dataset Training and Efficient Network for Multi-view 3D Object Detection,[singleton] dataset-specific models,dataset-specific models,1
24,M&M3D: Multi-Dataset Training and Efficient Network for Multi-view 3D Object Detection,[self-reference],I; My; I; I; I; my; my,7
25,Unsupervised Domain Adaptation in Semantic Segmentation via Orthogonal and Clustered Embeddings,two novel learning objectives,two novel learning objectives; these modules,2
25,Unsupervised Domain Adaptation in Semantic Segmentation via Orthogonal and Clustered Embeddings,[singleton] Deep learning frameworks,Deep learning frameworks,1
25,Unsupervised Domain Adaptation in Semantic Segmentation via Orthogonal and Clustered Embeddings,[singleton] semantic segmentation,semantic segmentation,1
25,Unsupervised Domain Adaptation in Semantic Segmentation via Orthogonal and Clustered Embeddings,[singleton] convolutional networks,convolutional networks,1
25,Unsupervised Domain Adaptation in Semantic Segmentation via Orthogonal and Clustered Embeddings,[singleton] an effective Unsupervised Domain Adaptation strategy,an effective Unsupervised Domain Adaptation strategy,1
25,Unsupervised Domain Adaptation in Semantic Segmentation via Orthogonal and Clustered Embeddings,[singleton] a feature clustering method,a feature clustering method,1
25,Unsupervised Domain Adaptation in Semantic Segmentation via Orthogonal and Clustered Embeddings,[singleton] the feature distribution,the feature distribution,1
25,Unsupervised Domain Adaptation in Semantic Segmentation via Orthogonal and Clustered Embeddings,[singleton] an orthogonality loss,an orthogonality loss,1
25,Unsupervised Domain Adaptation in Semantic Segmentation via Orthogonal and Clustered Embeddings,[singleton] a sparsity loss,a sparsity loss,1
25,Unsupervised Domain Adaptation in Semantic Segmentation via Orthogonal and Clustered Embeddings,[singleton] the feature space,the feature space,1
25,Unsupervised Domain Adaptation in Semantic Segmentation via Orthogonal and Clustered Embeddings,[singleton] the synthetic-to-real scenario,the synthetic-to-real scenario,1
25,Unsupervised Domain Adaptation in Semantic Segmentation via Orthogonal and Clustered Embeddings,[singleton] state-of-the-art performance,state-of-the-art performance,1
25,Unsupervised Domain Adaptation in Semantic Segmentation via Orthogonal and Clustered Embeddings,[self-reference],we; we; we,3
26,Wasserstein Distance Guided Cross-Domain Learning,domain adaptation,Domain adaptation; the domain adaptation work; the domain adaptation problem,3
26,Wasserstein Distance Guided Cross-Domain Learning,the joint distribution,a joint distribution; the joint distribution; the joint distribution,3
26,Wasserstein Distance Guided Cross-Domain Learning,Wasserstein Distance Guided Cross-Domain Learning (WDGCDL),a new approach; Wasserstein Distance Guided Cross-Domain Learning; WDGCDL; the proposed framework; this new approach,5
26,Wasserstein Distance Guided Cross-Domain Learning,the existing state-of-the-art approach,the existing state-of-the-art approach; the existing state-of-the-art methods,2
26,Wasserstein Distance Guided Cross-Domain Learning,[singleton] a high-performance learner,a high-performance learner,1
26,Wasserstein Distance Guided Cross-Domain Learning,[singleton] target domain,target domain,1
26,Wasserstein Distance Guided Cross-Domain Learning,[singleton] source domain,source domain,1
26,Wasserstein Distance Guided Cross-Domain Learning,[singleton] the source and target domains data,the source and target domains data,1
26,Wasserstein Distance Guided Cross-Domain Learning,[singleton] different marginal distributions,different marginal distributions,1
26,Wasserstein Distance Guided Cross-Domain Learning,[singleton] the domain invariant features,the domain invariant features,1
26,Wasserstein Distance Guided Cross-Domain Learning,[singleton] the Wasserstein distance,the Wasserstein distance,1
26,Wasserstein Distance Guided Cross-Domain Learning,[singleton] the divergence between the source and target distribution,the divergence between the source and target distribution,1
26,Wasserstein Distance Guided Cross-Domain Learning,[singleton] good gradient property,good gradient property,1
26,Wasserstein Distance Guided Cross-Domain Learning,[singleton] promising generalisation bound,promising generalisation bound,1
26,Wasserstein Distance Guided Cross-Domain Learning,[singleton] two different training schemes,two different training schemes,1
26,Wasserstein Distance Guided Cross-Domain Learning,[singleton] Qualitative results,Qualitative results,1
26,Wasserstein Distance Guided Cross-Domain Learning,[singleton] the standard domain adaptation benchmark,the standard domain adaptation benchmark,1
26,Wasserstein Distance Guided Cross-Domain Learning,[self-reference],I; I; I,3
27,Unsupervised Domain Adaptation using Generative Adversarial Networks for Semantic Segmentation of Aerial Images,Segmenting aerial images,Segmenting aerial images; It,2
27,Unsupervised Domain Adaptation using Generative Adversarial Networks for Semantic Segmentation of Aerial Images,pre-trained segmentation model,a pre-trained segmentation model; the model,2
27,Unsupervised Domain Adaptation using Generative Adversarial Networks for Semantic Segmentation of Aerial Images,the domain shift,the domain shift; the domain shift impact,2
27,Unsupervised Domain Adaptation using Generative Adversarial Networks for Semantic Segmentation of Aerial Images,the proposed domain adaptation algorithm,an algorithm; the proposed methodology; our method; the method; it,5
27,Unsupervised Domain Adaptation using Generative Adversarial Networks for Semantic Segmentation of Aerial Images,the inverted classes due to sensor variation,the inverted classes due to sensor variation; the inverted classes due to sensor variation,2
27,Unsupervised Domain Adaptation using Generative Adversarial Networks for Semantic Segmentation of Aerial Images,[singleton] surveillance and scene understanding of urban areas,surveillance and scene understanding of urban areas,1
27,Unsupervised Domain Adaptation using Generative Adversarial Networks for Semantic Segmentation of Aerial Images,[singleton] public safety and traffic management applications,public safety and traffic management applications,1
27,Unsupervised Domain Adaptation using Generative Adversarial Networks for Semantic Segmentation of Aerial Images,[singleton] convolutional neural networks methods,convolutional neural networks methods,1
27,Unsupervised Domain Adaptation using Generative Adversarial Networks for Semantic Segmentation of Aerial Images,[singleton] a robust dataset,a robust dataset,1
27,Unsupervised Domain Adaptation using Generative Adversarial Networks for Semantic Segmentation of Aerial Images,[singleton] the training set,the training set,1
27,Unsupervised Domain Adaptation using Generative Adversarial Networks for Semantic Segmentation of Aerial Images,[singleton] the source dataset,the source dataset,1
27,Unsupervised Domain Adaptation using Generative Adversarial Networks for Semantic Segmentation of Aerial Images,[singleton] the new target domain of the new city images,the new target domain of the new city images,1
27,Unsupervised Domain Adaptation using Generative Adversarial Networks for Semantic Segmentation of Aerial Images,[singleton] Generative Adversarial Networks,Generative Adversarial Networks,1
27,Unsupervised Domain Adaptation using Generative Adversarial Networks for Semantic Segmentation of Aerial Images,[singleton] the International Society for Photogrammetry and Remote Sensing semantic segmentation dataset,the International Society for Photogrammetry and Remote Sensing semantic segmentation dataset,1
27,Unsupervised Domain Adaptation using Generative Adversarial Networks for Semantic Segmentation of Aerial Images,[singleton] the overall accuracy,the overall accuracy,1
27,Unsupervised Domain Adaptation using Generative Adversarial Networks for Semantic Segmentation of Aerial Images,[singleton] Potsdam domain,Potsdam domain,1
27,Unsupervised Domain Adaptation using Generative Adversarial Networks for Semantic Segmentation of Aerial Images,[singleton] Vaihingen domain,Vaihingen domain,1
27,Unsupervised Domain Adaptation using Generative Adversarial Networks for Semantic Segmentation of Aerial Images,[self-reference],we; We; we; our,4
28,Arabic Multi-Dialect Segmentation: bi-LSTM-CRF vs. SVM,the two approaches,two approaches; The two approaches,2
28,Arabic Multi-Dialect Segmentation: bi-LSTM-CRF vs. SVM,four major Arabic dialects,four major Arabic dialects; each dialect; all dialects,3
28,Arabic Multi-Dialect Segmentation: bi-LSTM-CRF vs. SVM,limited training data,several thousand training examples; rather limited training data,2
28,Arabic Multi-Dialect Segmentation: bi-LSTM-CRF vs. SVM,[singleton] Arabic word segmentation,Arabic word segmentation,1
28,Arabic Multi-Dialect Segmentation: bi-LSTM-CRF vs. SVM,[singleton] machine translation,machine translation,1
28,Arabic Multi-Dialect Segmentation: bi-LSTM-CRF vs. SVM,[singleton] information retrieval,information retrieval,1
28,Arabic Multi-Dialect Segmentation: bi-LSTM-CRF vs. SVM,[singleton] a ranking problem,a ranking problem,1
28,Arabic Multi-Dialect Segmentation: bi-LSTM-CRF vs. SVM,[singleton] an SVM ranker,an SVM ranker,1
28,Arabic Multi-Dialect Segmentation: bi-LSTM-CRF vs. SVM,[singleton] the best segmentation,the best segmentation,1
28,Arabic Multi-Dialect Segmentation: bi-LSTM-CRF vs. SVM,[singleton] a sequence labeling problem,a sequence labeling problem,1
28,Arabic Multi-Dialect Segmentation: bi-LSTM-CRF vs. SVM,[singleton] a bi-LSTM RNN coupled with CRF,a bi-LSTM RNN coupled with CRF,1
28,Arabic Multi-Dialect Segmentation: bi-LSTM-CRF vs. SVM,[singleton] solid segmentation results,solid segmentation results,1
28,Arabic Multi-Dialect Segmentation: bi-LSTM-CRF vs. SVM,[singleton] Modern Standard Arabic data,Modern Standard Arabic data,1
28,Arabic Multi-Dialect Segmentation: bi-LSTM-CRF vs. SVM,[singleton] domain adaptation,domain adaptation,1
28,Arabic Multi-Dialect Segmentation: bi-LSTM-CRF vs. SVM,[singleton] context independence,context independence,1
28,Arabic Multi-Dialect Segmentation: bi-LSTM-CRF vs. SVM,[self-reference],we; We; We,3
29,Category Anchor-Guided Unsupervised Domain Adaptation for Semantic Segmentation,unsupervised domain adaptation (UDA),Unsupervised domain adaptation; UDA; the UDA performance,3
29,Category Anchor-Guided Unsupervised Domain Adaptation for Semantic Segmentation,target domain,a target domain; the target domain; the target domain,3
29,Category Anchor-Guided Unsupervised Domain Adaptation for Semantic Segmentation,the two domains,the two domains; two domains,2
29,Category Anchor-Guided Unsupervised Domain Adaptation for Semantic Segmentation,source domain features,the source domain features; the source domain features,2
29,Category Anchor-Guided Unsupervised Domain Adaptation for Semantic Segmentation,CAG-UDA model,a novel category anchor-guided UDA model for semantic segmentation; which; the proposed model; our CAG-UDA model,4
29,Category Anchor-Guided Unsupervised Domain Adaptation for Semantic Segmentation,active features in the target domain,the active features in the target domain; them,2
29,Category Anchor-Guided Unsupervised Domain Adaptation for Semantic Segmentation,[singleton] the generalization capability of a certain model,the generalization capability of a certain model,1
29,Category Anchor-Guided Unsupervised Domain Adaptation for Semantic Segmentation,[singleton] a source domain,a source domain,1
29,Category Anchor-Guided Unsupervised Domain Adaptation for Semantic Segmentation,[singleton] target domain samples,target domain samples,1
29,Category Anchor-Guided Unsupervised Domain Adaptation for Semantic Segmentation,[singleton] the different data distributions in the two domains,the different data distributions in the two domains,1
29,Category Anchor-Guided Unsupervised Domain Adaptation for Semantic Segmentation,[singleton] domain shift/discrepancy,domain shift/discrepancy,1
29,Category Anchor-Guided Unsupervised Domain Adaptation for Semantic Segmentation,[singleton] the marginal distributions,the marginal distributions,1
29,Category Anchor-Guided Unsupervised Domain Adaptation for Semantic Segmentation,[singleton] the classifier,the classifier,1
29,Category Anchor-Guided Unsupervised Domain Adaptation for Semantic Segmentation,[singleton] category-agnostic feature alignment,category-agnostic feature alignment,1
29,Category Anchor-Guided Unsupervised Domain Adaptation for Semantic Segmentation,[singleton] category-aware feature alignment,category-aware feature alignment,1
29,Category Anchor-Guided Unsupervised Domain Adaptation for Semantic Segmentation,[singleton] shared discriminative features and classifiers,shared discriminative features and classifiers,1
29,Category Anchor-Guided Unsupervised Domain Adaptation for Semantic Segmentation,[singleton] the category-wise centroids of the source domain features,the category-wise centroids of the source domain features,1
29,Category Anchor-Guided Unsupervised Domain Adaptation for Semantic Segmentation,[singleton] guided anchors,guided anchors,1
29,Category Anchor-Guided Unsupervised Domain Adaptation for Semantic Segmentation,[singleton] pseudo-labels,pseudo-labels,1
29,Category Anchor-Guided Unsupervised Domain Adaptation for Semantic Segmentation,[singleton] an anchor based pixel-level distance loss,an anchor based pixel-level distance loss,1
29,Category Anchor-Guided Unsupervised Domain Adaptation for Semantic Segmentation,[singleton] a discriminative loss,a discriminative loss,1
29,Category Anchor-Guided Unsupervised Domain Adaptation for Semantic Segmentation,[singleton] the intra-category features,the intra-category features,1
29,Category Anchor-Guided Unsupervised Domain Adaptation for Semantic Segmentation,[singleton] the inter-category features,the inter-category features,1
29,Category Anchor-Guided Unsupervised Domain Adaptation for Semantic Segmentation,[singleton] a stagewise training mechanism,a stagewise training mechanism,1
29,Category Anchor-Guided Unsupervised Domain Adaptation for Semantic Segmentation,[singleton] the error accumulation,the error accumulation,1
29,Category Anchor-Guided Unsupervised Domain Adaptation for Semantic Segmentation,[singleton] the state-of-the-art methods,the state-of-the-art methods,1
29,Category Anchor-Guided Unsupervised Domain Adaptation for Semantic Segmentation,[self-reference],we; we; we; our,4
30,Synergistic Image and Feature Adaptation: Towards Cross-Modality Domain Adaptation for Medical Image Segmentation,SIFA framework,"a novel unsupervised domain adaptation framework, called Synergistic Image and Feature Adaptation; Our proposed SIFA; an elegant learning diagram; which; our unified model; our method; our SIFA model",7
30,Synergistic Image and Feature Adaptation: Towards Cross-Modality Domain Adaptation for Medical Image Segmentation,image and feature perspectives,both image and feature perspectives; both perspectives; their,3
30,Synergistic Image and Feature Adaptation: Towards Cross-Modality Domain Adaptation for Medical Image Segmentation,[singleton] domain shift,domain shift,1
30,Synergistic Image and Feature Adaptation: Towards Cross-Modality Domain Adaptation for Medical Image Segmentation,[singleton] Domain adaptation,Domain adaptation,1
30,Synergistic Image and Feature Adaptation: Towards Cross-Modality Domain Adaptation for Medical Image Segmentation,[singleton] deep learning,deep learning,1
30,Synergistic Image and Feature Adaptation: Towards Cross-Modality Domain Adaptation for Medical Image Segmentation,[singleton] the neural networks,the neural networks,1
30,Synergistic Image and Feature Adaptation: Towards Cross-Modality Domain Adaptation for Medical Image Segmentation,[singleton] new testing domains,new testing domains,1
30,Synergistic Image and Feature Adaptation: Towards Cross-Modality Domain Adaptation for Medical Image Segmentation,[singleton] the appearance of images across domains,the appearance of images across domains,1
30,Synergistic Image and Feature Adaptation: Towards Cross-Modality Domain Adaptation for Medical Image Segmentation,[singleton] the extracted features,the extracted features,1
30,Synergistic Image and Feature Adaptation: Towards Cross-Modality Domain Adaptation for Medical Image Segmentation,[singleton] the segmentation task,the segmentation task,1
30,Synergistic Image and Feature Adaptation: Towards Cross-Modality Domain Adaptation for Medical Image Segmentation,[singleton] The feature encoder layers,The feature encoder layers,1
30,Synergistic Image and Feature Adaptation: Towards Cross-Modality Domain Adaptation for Medical Image Segmentation,[singleton] the end-to-end learning procedure,the end-to-end learning procedure,1
30,Synergistic Image and Feature Adaptation: Towards Cross-Modality Domain Adaptation for Medical Image Segmentation,[singleton] any annotation from the target domain,any annotation from the target domain,1
30,Synergistic Image and Feature Adaptation: Towards Cross-Modality Domain Adaptation for Medical Image Segmentation,[singleton] adversarial losses,adversarial losses,1
30,Synergistic Image and Feature Adaptation: Towards Cross-Modality Domain Adaptation for Medical Image Segmentation,[singleton] multiple discriminators,multiple discriminators,1
30,Synergistic Image and Feature Adaptation: Towards Cross-Modality Domain Adaptation for Medical Image Segmentation,[singleton] a challenging application of cross-modality medical image segmentation of cardiac structures,a challenging application of cross-modality medical image segmentation of cardiac structures,1
30,Synergistic Image and Feature Adaptation: Towards Cross-Modality Domain Adaptation for Medical Image Segmentation,[singleton] Experimental results,Experimental results,1
30,Synergistic Image and Feature Adaptation: Towards Cross-Modality Domain Adaptation for Medical Image Segmentation,[singleton] the state-of-the-art methods,the state-of-the-art methods,1
30,Synergistic Image and Feature Adaptation: Towards Cross-Modality Domain Adaptation for Medical Image Segmentation,[self-reference],Our; we; our; We; our; our,6
31,Source-Free Unsupervised Domain Adaptation with Hypothesis Consolidation of Prediction Rationale,Source-Free Unsupervised Domain Adaptation (SFUDA) task,Source-Free Unsupervised Domain Adaptation; a challenging task; this task; the SFUDA task,4
31,Source-Free Unsupervised Domain Adaptation with Hypothesis Consolidation of Prediction Rationale,the model being adapted,a model; the model,2
31,Source-Free Unsupervised Domain Adaptation with Hypothesis Consolidation of Prediction Rationale,the model's inaccurate predictions,the model s predictions; these inaccurate predictions,2
31,Source-Free Unsupervised Domain Adaptation with Hypothesis Consolidation of Prediction Rationale,the proposed novel approach,a novel approach; our approach,2
31,Source-Free Unsupervised Domain Adaptation with Hypothesis Consolidation of Prediction Rationale,the most likely correct hypotheses,the most likely correct hypotheses; which,2
31,Source-Free Unsupervised Domain Adaptation with Hypothesis Consolidation of Prediction Rationale,semi-supervised learning procedure,a semi-supervised learning procedure; semi-supervised learning,2
31,Source-Free Unsupervised Domain Adaptation with Hypothesis Consolidation of Prediction Rationale,[singleton] target domain labels,target domain labels,1
31,Source-Free Unsupervised Domain Adaptation with Hypothesis Consolidation of Prediction Rationale,[singleton] source domain data,source domain data,1
31,Source-Free Unsupervised Domain Adaptation with Hypothesis Consolidation of Prediction Rationale,[singleton] a new domain,a new domain,1
31,Source-Free Unsupervised Domain Adaptation with Hypothesis Consolidation of Prediction Rationale,[singleton] this paper,this paper,1
31,Source-Free Unsupervised Domain Adaptation with Hypothesis Consolidation of Prediction Rationale,[singleton] multiple prediction hypotheses,multiple prediction hypotheses,1
31,Source-Free Unsupervised Domain Adaptation with Hypothesis Consolidation of Prediction Rationale,[singleton] each hypothesis,each hypothesis,1
31,Source-Free Unsupervised Domain Adaptation with Hypothesis Consolidation of Prediction Rationale,[singleton] these hypothesis rationales,these hypothesis rationales,1
31,Source-Free Unsupervised Domain Adaptation with Hypothesis Consolidation of Prediction Rationale,[singleton] a pseudo-labeled set,a pseudo-labeled set,1
31,Source-Free Unsupervised Domain Adaptation with Hypothesis Consolidation of Prediction Rationale,[singleton] a three-step adaptation process,a three-step adaptation process,1
31,Source-Free Unsupervised Domain Adaptation with Hypothesis Consolidation of Prediction Rationale,[singleton] model pre-adaptation,model pre-adaptation,1
31,Source-Free Unsupervised Domain Adaptation with Hypothesis Consolidation of Prediction Rationale,[singleton] hypothesis consolidation,hypothesis consolidation,1
31,Source-Free Unsupervised Domain Adaptation with Hypothesis Consolidation of Prediction Rationale,[singleton] Extensive experimental results,Extensive experimental results,1
31,Source-Free Unsupervised Domain Adaptation with Hypothesis Consolidation of Prediction Rationale,[singleton] state-of-the-art performance,state-of-the-art performance,1
31,Source-Free Unsupervised Domain Adaptation with Hypothesis Consolidation of Prediction Rationale,[singleton] existing approaches,existing approaches,1
31,Source-Free Unsupervised Domain Adaptation with Hypothesis Consolidation of Prediction Rationale,[self-reference],we; we; we; our,4
32,Is attention all you need in medical image analysis? A review,CNNs,CNNs; CNNs; typical CNN models; they; their,5
32,Is attention all you need in medical image analysis? A review,Transformers,Transformers; which can learn global relationships from data; full Transformer models; full Transformers,4
32,Is attention all you need in medical image analysis? A review,Attention and Transformer compartments (Transf/Attention),Attention and Transformer compartments (Transf/Attention); which can well maintain properties for modelling global relationships,2
32,Is attention all you need in medical image analysis? A review,hybrid CNN-Transf/Attention models,hybrid models; hybrid CNN-Transf/Attention models; existing hybrid CNN-Transf/Attention models,3
32,Is attention all you need in medical image analysis? A review,[singleton] Medical imaging,Medical imaging,1
32,Is attention all you need in medical image analysis? A review,[singleton] clinical diagnosis,clinical diagnosis,1
32,Is attention all you need in medical image analysis? A review,[singleton] treatment planning,treatment planning,1
32,Is attention all you need in medical image analysis? A review,[singleton] clinical trial design,clinical trial design,1
32,Is attention all you need in medical image analysis? A review,[singleton] healthcare data,healthcare data,1
32,Is attention all you need in medical image analysis? A review,[singleton] medical image analysis,medical image analysis,1
32,Is attention all you need in medical image analysis? A review,[singleton] local pixel interactions,local pixel interactions,1
32,Is attention all you need in medical image analysis? A review,[singleton] small-scale MI data,small-scale MI data,1
32,Is attention all you need in medical image analysis? A review,[singleton] global pixel relationships within images,global pixel relationships within images,1
32,Is attention all you need in medical image analysis? A review,[singleton] out-of-distribution data with different global information,out-of-distribution data with different global information,1
32,Is attention all you need in medical image analysis? A review,[singleton] Artificial Intelligence,Artificial Intelligence,1
32,Is attention all you need in medical image analysis? A review,[singleton] large-scale data,large-scale data,1
32,Is attention all you need in medical image analysis? A review,[singleton] tremendous computational complexity,tremendous computational complexity,1
32,Is attention all you need in medical image analysis? A review,[singleton] CNN and Transf/Attention architectures,CNN and Transf/Attention architectures,1
32,Is attention all you need in medical image analysis? A review,[singleton] diverse MIA problems,diverse MIA problems,1
32,Is attention all you need in medical image analysis? A review,[singleton] this systematic review,this systematic review,1
32,Is attention all you need in medical image analysis? A review,[singleton] key architectural designs,key architectural designs,1
32,Is attention all you need in medical image analysis? A review,[singleton] a comprehensive analysis framework on generalisation opportunities of scientific and clinical impact,a comprehensive analysis framework on generalisation opportunities of scientific and clinical impact,1
32,Is attention all you need in medical image analysis? A review,[singleton] new data-driven domain generalisation and adaptation methods,new data-driven domain generalisation and adaptation methods,1
32,Is attention all you need in medical image analysis? A review,[self-reference],we; We,2
33,Expressive Score-Based Priors for Distribution Matching with Geometry-Preserving Regularization,distribution matching,Distribution matching; distribution matching,2
33,Expressive Score-Based Priors for Distribution Matching with Geometry-Preserving Regularization,fixed priors,fixed priors; fixed priors,2
33,Expressive Score-Based Priors for Distribution Matching with Geometry-Preserving Regularization,the proposed score-based prior DM approach,a novel approach to training likelihood based DM using expressive score based prior distributions; This approach; Our method; our score based method,4
33,Expressive Score-Based Priors for Distribution Matching with Geometry-Preserving Regularization,the prior,the prior; its; the prior,3
33,Expressive Score-Based Priors for Distribution Matching with Geometry-Preserving Regularization,[singleton] fair classification,fair classification,1
33,Expressive Score-Based Priors for Distribution Matching with Geometry-Preserving Regularization,[singleton] domain adaptation,domain adaptation,1
33,Expressive Score-Based Priors for Distribution Matching with Geometry-Preserving Regularization,[singleton] domain translation,domain translation,1
33,Expressive Score-Based Priors for Distribution Matching with Geometry-Preserving Regularization,[singleton] Non-parametric DM methods,Non-parametric DM methods,1
33,Expressive Score-Based Priors for Distribution Matching with Geometry-Preserving Regularization,[singleton] adversarial DM approaches,adversarial DM approaches,1
33,Expressive Score-Based Priors for Distribution Matching with Geometry-Preserving Regularization,[singleton] mode collapse,mode collapse,1
33,Expressive Score-Based Priors for Distribution Matching with Geometry-Preserving Regularization,[singleton] likelihood based methods,likelihood based methods,1
33,Expressive Score-Based Priors for Distribution Matching with Geometry-Preserving Regularization,[singleton] explicit density models,explicit density models,1
33,Expressive Score-Based Priors for Distribution Matching with Geometry-Preserving Regularization,[singleton] denoising score matching,denoising score matching,1
33,Expressive Score-Based Priors for Distribution Matching with Geometry-Preserving Regularization,[singleton] geometry-preserving regularization,geometry-preserving regularization,1
33,Expressive Score-Based Priors for Distribution Matching with Geometry-Preserving Regularization,[singleton] an explicit prior density model,an explicit prior density model,1
33,Expressive Score-Based Priors for Distribution Matching with Geometry-Preserving Regularization,[singleton] other diffusion based priors,other diffusion based priors,1
33,Expressive Score-Based Priors for Distribution Matching with Geometry-Preserving Regularization,[self-reference],Our; us; Our; our,4
34,Near-Infrared and Low-Rank Adaptation of Vision Transformers in Remote Sensing,NIR images,high-resolution NIR images; NIR images; NIR images,3
34,Near-Infrared and Low-Rank Adaptation of Vision Transformers in Remote Sensing,the RGB domain,the RGB domain; the RGB domain,2
34,Near-Infrared and Low-Rank Adaptation of Vision Transformers in Remote Sensing,low-rank adaptation (LoRA),a method called low-rank adaptation; low-rank adaptation; LoRA,3
34,Near-Infrared and Low-Rank Adaptation of Vision Transformers in Remote Sensing,domain shift issue,a domain shift issue; domain shift issues,2
34,Near-Infrared and Low-Rank Adaptation of Vision Transformers in Remote Sensing,the NIR domain,the NIR domain; the NIR domain,2
34,Near-Infrared and Low-Rank Adaptation of Vision Transformers in Remote Sensing,pre-trained vision transformer backbones,vision transformer backbones pre-trained in the RGB domain; pre-trained ViT backbones,2
34,Near-Infrared and Low-Rank Adaptation of Vision Transformers in Remote Sensing,[singleton] Plant health,Plant health,1
34,Near-Infrared and Low-Rank Adaptation of Vision Transformers in Remote Sensing,[singleton] multispectral sensors that measure Near-Infrared reflectance,multispectral sensors that measure Near-Infrared reflectance,1
34,Near-Infrared and Low-Rank Adaptation of Vision Transformers in Remote Sensing,[singleton] deep neural networks,deep neural networks,1
34,Near-Infrared and Low-Rank Adaptation of Vision Transformers in Remote Sensing,[singleton] large networks pre-trained on the RGB domain,large networks pre-trained on the RGB domain,1
34,Near-Infrared and Low-Rank Adaptation of Vision Transformers in Remote Sensing,[singleton] infrared images,infrared images,1
34,Near-Infrared and Low-Rank Adaptation of Vision Transformers in Remote Sensing,[singleton] rank-decomposition matrices,rank-decomposition matrices,1
34,Near-Infrared and Low-Rank Adaptation of Vision Transformers in Remote Sensing,[singleton] the original network weights,the original network weights,1
34,Near-Infrared and Low-Rank Adaptation of Vision Transformers in Remote Sensing,[singleton] existing parameter-efficient adaptation strategies for remote sensing images,existing parameter-efficient adaptation strategies for remote sensing images,1
34,Near-Infrared and Low-Rank Adaptation of Vision Transformers in Remote Sensing,[singleton] RGB images,RGB images,1
34,Near-Infrared and Low-Rank Adaptation of Vision Transformers in Remote Sensing,[singleton] this study,this study,1
34,Near-Infrared and Low-Rank Adaptation of Vision Transformers in Remote Sensing,[singleton] Extensive experiments,Extensive experiments,1
35,Enhancing Human-in-the-Loop Adaptive Systems through Digital Twins and VR Interfaces,the human,the human; the human; the human; the human; the human,5
35,Enhancing Human-in-the-Loop Adaptive Systems through Digital Twins and VR Interfaces,self-adaptation loop,the self-adaptation loop; the self-adaptation loop,2
35,Enhancing Human-in-the-Loop Adaptive Systems through Digital Twins and VR Interfaces,transparency,transparency; Transparency,2
35,Enhancing Human-in-the-Loop Adaptive Systems through Digital Twins and VR Interfaces,controllability,controllability; controllability,2
35,Enhancing Human-in-the-Loop Adaptive Systems through Digital Twins and VR Interfaces,digital twin,a digital twin; digital twins; the digital twin,3
35,Enhancing Human-in-the-Loop Adaptive Systems through Digital Twins and VR Interfaces,VR interface,virtual reality interfaces; a VR interface; the VR interface; a VR interface,4
35,Enhancing Human-in-the-Loop Adaptive Systems through Digital Twins and VR Interfaces,human-in-the-loop strategies,alternative human-in-the-loop strategies; two different human-in-the-loop strategies in VR,2
35,Enhancing Human-in-the-Loop Adaptive Systems through Digital Twins and VR Interfaces,[singleton] closed-loop controllers,closed-loop controllers,1
35,Enhancing Human-in-the-Loop Adaptive Systems through Digital Twins and VR Interfaces,[singleton] human-in-the-loop adaptive systems,human-in-the-loop adaptive systems,1
35,Enhancing Human-in-the-Loop Adaptive Systems through Digital Twins and VR Interfaces,[singleton] the adaptive systems and its context,the adaptive systems and its context,1
35,Enhancing Human-in-the-Loop Adaptive Systems through Digital Twins and VR Interfaces,[singleton] existing human-in-the-loop adaptation approaches,existing human-in-the-loop adaptation approaches,1
35,Enhancing Human-in-the-Loop Adaptive Systems through Digital Twins and VR Interfaces,[singleton] a self-adaptive system and its respective context,a self-adaptive system and its respective context,1
35,Enhancing Human-in-the-Loop Adaptive Systems through Digital Twins and VR Interfaces,[singleton] a virtual environment,a virtual environment,1
35,Enhancing Human-in-the-Loop Adaptive Systems through Digital Twins and VR Interfaces,[singleton] the physical entities of the real world,the physical entities of the real world,1
35,Enhancing Human-in-the-Loop Adaptive Systems through Digital Twins and VR Interfaces,[singleton] a procedural control,a procedural control,1
35,Enhancing Human-in-the-Loop Adaptive Systems through Digital Twins and VR Interfaces,[singleton] a declarative control,a declarative control,1
35,Enhancing Human-in-the-Loop Adaptive Systems through Digital Twins and VR Interfaces,[singleton] the goal state,the goal state,1
35,Enhancing Human-in-the-Loop Adaptive Systems through Digital Twins and VR Interfaces,[singleton] an AI planner,an AI planner,1
35,Enhancing Human-in-the-Loop Adaptive Systems through Digital Twins and VR Interfaces,[singleton] an autonomic robot system,an autonomic robot system,1
35,Enhancing Human-in-the-Loop Adaptive Systems through Digital Twins and VR Interfaces,[self-reference],we; we; we; we; We; our,6
36,Transferring GANs: generating images from limited data,the practice of transferring pretrained knowledge by finetuning,a widely used practice; this practice,2
36,Transferring GANs: generating images from limited data,pretrained networks,pretrained networks; pretrained networks,2
36,Transferring GANs: generating images from limited data,domain adaptation,domain adaptation applied to image generation with generative adversarial networks; domain adaptation,2
36,Transferring GANs: generating images from limited data,conditional GANs,conditional GANs; conditional GANs,2
36,Transferring GANs: generating images from limited data,Our results,Our results; Our results,2
36,Transferring GANs: generating images from limited data,[singleton] finetuning,finetuning,1
36,Transferring GANs: generating images from limited data,[singleton] discriminative models,discriminative models,1
36,Transferring GANs: generating images from limited data,[singleton] generative deep networks,generative deep networks,1
36,Transferring GANs: generating images from limited data,[singleton] the impact of target domain size,the impact of target domain size,1
36,Transferring GANs: generating images from limited data,[singleton] the relative distance between source and target domain,the relative distance between source and target domain,1
36,Transferring GANs: generating images from limited data,[singleton] the convergence time,the convergence time,1
36,Transferring GANs: generating images from limited data,[singleton] the quality of the generated images,the quality of the generated images,1
36,Transferring GANs: generating images from limited data,[singleton] the target data,the target data,1
36,Transferring GANs: generating images from limited data,[singleton] these conclusions,these conclusions,1
36,Transferring GANs: generating images from limited data,[singleton] the pretrained model,the pretrained model,1
36,Transferring GANs: generating images from limited data,[singleton] density,density,1
36,Transferring GANs: generating images from limited data,[singleton] diversity,diversity,1
36,Transferring GANs: generating images from limited data,[singleton] a dataset with one or few densely sampled classes,a dataset with one or few densely sampled classes,1
36,Transferring GANs: generating images from limited data,[singleton] a better source model,a better source model,1
36,Transferring GANs: generating images from limited data,[singleton] ImageNet,ImageNet,1
36,Transferring GANs: generating images from limited data,[singleton] Places,Places,1
36,Transferring GANs: generating images from limited data,[self-reference],our; we; We; We,4
37,Unsupervised Domain Adaptation via Discriminative Manifold Embedding and Alignment,the target domain,the unsupervised target domain; the target domain; the target domain,3
37,Unsupervised Domain Adaptation via Discriminative Manifold Embedding and Alignment,deep learning,deep learning; deep learning,2
37,Unsupervised Domain Adaptation via Discriminative Manifold Embedding and Alignment,Riemannian manifold learning framework,a Riemannian manifold learning framework; this method; the proposal; consistent manifold learning framework,4
37,Unsupervised Domain Adaptation via Discriminative Manifold Embedding and Alignment,probabilistic discriminant criterion,a probabilistic discriminant criterion; this criterion,2
37,Unsupervised Domain Adaptation via Discriminative Manifold Embedding and Alignment,global approximation scheme,a global approximation scheme; such approximation,2
37,Unsupervised Domain Adaptation via Discriminative Manifold Embedding and Alignment,the manifold metric alignment,The manifold metric alignment; the alignment,2
37,Unsupervised Domain Adaptation via Discriminative Manifold Embedding and Alignment,the first issue,First; the first problem,2
37,Unsupervised Domain Adaptation via Discriminative Manifold Embedding and Alignment,the second issue,Second; the second issue,2
37,Unsupervised Domain Adaptation via Discriminative Manifold Embedding and Alignment,[singleton] Unsupervised domain adaptation,Unsupervised domain adaptation,1
37,Unsupervised Domain Adaptation via Discriminative Manifold Embedding and Alignment,[singleton] the source domain,the source domain,1
37,Unsupervised Domain Adaptation via Discriminative Manifold Embedding and Alignment,[singleton] adversarial strategy,adversarial strategy,1
37,Unsupervised Domain Adaptation via Discriminative Manifold Embedding and Alignment,[singleton] two issues to be further explored,two issues to be further explored,1
37,Unsupervised Domain Adaptation via Discriminative Manifold Embedding and Alignment,[singleton] the hard-assigned pseudo labels,the hard-assigned pseudo labels,1
37,Unsupervised Domain Adaptation via Discriminative Manifold Embedding and Alignment,[singleton] the intrinsic data structure,the intrinsic data structure,1
37,Unsupervised Domain Adaptation via Discriminative Manifold Embedding and Alignment,[singleton] the batch-wise training manner,the batch-wise training manner,1
37,Unsupervised Domain Adaptation via Discriminative Manifold Embedding and Alignment,[singleton] the global structure,the global structure,1
37,Unsupervised Domain Adaptation via Discriminative Manifold Embedding and Alignment,[singleton] soft labels,soft labels,1
37,Unsupervised Domain Adaptation via Discriminative Manifold Embedding and Alignment,[singleton] the embedding space,the embedding space,1
37,Unsupervised Domain Adaptation via Discriminative Manifold Embedding and Alignment,[singleton] A theoretical error bound,A theoretical error bound,1
37,Unsupervised Domain Adaptation via Discriminative Manifold Embedding and Alignment,[singleton] Extensive experiments,Extensive experiments,1
37,Unsupervised Domain Adaptation via Discriminative Manifold Embedding and Alignment,[singleton] the comparison study,the comparison study,1
38,Domain Generalisation via Domain Adaptation: An Adversarial Fourier Amplitude Approach,the domain generalisation problem,the domain generalisation problem; it,2
38,Domain Generalisation via Domain Adaptation: An Adversarial Fourier Amplitude Approach,the worst-case target domain,the worst-case target domain; that worst-case domain,2
38,Domain Generalisation via Domain Adaptation: An Adversarial Fourier Amplitude Approach,the model being adapted,a model; the model,2
38,Domain Generalisation via Domain Adaptation: An Adversarial Fourier Amplitude Approach,the model hypothesis space,the model hypothesis space; the model hypothesis space,2
38,Domain Generalisation via Domain Adaptation: An Adversarial Fourier Amplitude Approach,maximum classifier discrepancy (MCD),the maximum classifier discrepancy principle; MCD,2
38,Domain Generalisation via Domain Adaptation: An Adversarial Fourier Amplitude Approach,[singleton] a domain adaptation task,a domain adaptation task,1
38,Domain Generalisation via Domain Adaptation: An Adversarial Fourier Amplitude Approach,[singleton] Fourier amplitude images,Fourier amplitude images,1
38,Domain Generalisation via Domain Adaptation: An Adversarial Fourier Amplitude Approach,[singleton] source domain phase images,source domain phase images,1
38,Domain Generalisation via Domain Adaptation: An Adversarial Fourier Amplitude Approach,[singleton] signal processing,signal processing,1
38,Domain Generalisation via Domain Adaptation: An Adversarial Fourier Amplitude Approach,[singleton] amplitude spectra,amplitude spectra,1
38,Domain Generalisation via Domain Adaptation: An Adversarial Fourier Amplitude Approach,[singleton] image style,image style,1
38,Domain Generalisation via Domain Adaptation: An Adversarial Fourier Amplitude Approach,[singleton] phase data,phase data,1
38,Domain Generalisation via Domain Adaptation: An Adversarial Fourier Amplitude Approach,[singleton] image semantics,image semantics,1
38,Domain Generalisation via Domain Adaptation: An Adversarial Fourier Amplitude Approach,[singleton] a worst-case domain for adaptation,a worst-case domain for adaptation,1
38,Domain Generalisation via Domain Adaptation: An Adversarial Fourier Amplitude Approach,[singleton] the classifier,the classifier,1
38,Domain Generalisation via Domain Adaptation: An Adversarial Fourier Amplitude Approach,[singleton] the amplitude generator,the amplitude generator,1
38,Domain Generalisation via Domain Adaptation: An Adversarial Fourier Amplitude Approach,[singleton] the target domain performance,the target domain performance,1
38,Domain Generalisation via Domain Adaptation: An Adversarial Fourier Amplitude Approach,[singleton] the discrepancy of classifiers,the discrepancy of classifiers,1
38,Domain Generalisation via Domain Adaptation: An Adversarial Fourier Amplitude Approach,[singleton] Bayesian hypothesis modeling,Bayesian hypothesis modeling,1
38,Domain Generalisation via Domain Adaptation: An Adversarial Fourier Amplitude Approach,[singleton] a posterior distribution over classifiers,a posterior distribution over classifiers,1
38,Domain Generalisation via Domain Adaptation: An Adversarial Fourier Amplitude Approach,[singleton] the source domains,the source domains,1
38,Domain Generalisation via Domain Adaptation: An Adversarial Fourier Amplitude Approach,[singleton] the DomainBed benchmark,the DomainBed benchmark,1
38,Domain Generalisation via Domain Adaptation: An Adversarial Fourier Amplitude Approach,[singleton] the large-scale DomainNet dataset,the large-scale DomainNet dataset,1
38,Domain Generalisation via Domain Adaptation: An Adversarial Fourier Amplitude Approach,[singleton] the proposed approach,the proposed approach,1
38,Domain Generalisation via Domain Adaptation: An Adversarial Fourier Amplitude Approach,[singleton] the state-of-the-art,the state-of-the-art,1
38,Domain Generalisation via Domain Adaptation: An Adversarial Fourier Amplitude Approach,[self-reference],We; we; we; we; we; we,6
39,Test-Time Adaptation for Anomaly Segmentation via Topology-Aware Optimal Transport Chaining,Deep topological data analysis (TDA),Deep topological data analysis; it; TDA,3
39,Test-Time Adaptation for Anomaly Segmentation via Topology-Aware Optimal Transport Chaining,threshold-based binarisation,thresholdbased binarisation; which,2
39,Test-Time Adaptation for Anomaly Segmentation via Topology-Aware Optimal Transport Chaining,TopoOT,TopoOT; a topology-aware optimal transport framework; TopoOT,3
39,Test-Time Adaptation for Anomaly Segmentation via Topology-Aware Optimal Transport Chaining,Optimal Transport Chaining,Optimal Transport Chaining; which,2
39,Test-Time Adaptation for Anomaly Segmentation via Topology-Aware Optimal Transport Chaining,persistence diagrams (PDs),multi-filtration persistence diagrams; PDs,2
39,Test-Time Adaptation for Anomaly Segmentation via Topology-Aware Optimal Transport Chaining,[singleton] anomaly segmentation,anomaly segmentation,1
39,Test-Time Adaptation for Anomaly Segmentation via Topology-Aware Optimal Transport Chaining,[singleton] brittle masks,brittle masks,1
39,Test-Time Adaptation for Anomaly Segmentation via Topology-Aware Optimal Transport Chaining,[singleton] distribution shift,distribution shift,1
39,Test-Time Adaptation for Anomaly Segmentation via Topology-Aware Optimal Transport Chaining,[singleton] test-time adaptation,test-time adaptation,1
39,Test-Time Adaptation for Anomaly Segmentation via Topology-Aware Optimal Transport Chaining,[singleton] geodesic stability scores,geodesic stability scores,1
39,Test-Time Adaptation for Anomaly Segmentation via Topology-Aware Optimal Transport Chaining,[singleton] These stabilityaware pseudo-labels,These stabilityaware pseudo-labels,1
39,Test-Time Adaptation for Anomaly Segmentation via Topology-Aware Optimal Transport Chaining,[singleton] a lightweight head,a lightweight head,1
39,Test-Time Adaptation for Anomaly Segmentation via Topology-Aware Optimal Transport Chaining,[singleton] OT-consistency and contrastive objectives,OT-consistency and contrastive objectives,1
39,Test-Time Adaptation for Anomaly Segmentation via Topology-Aware Optimal Transport Chaining,[singleton] domain shift,domain shift,1
39,Test-Time Adaptation for Anomaly Segmentation via Topology-Aware Optimal Transport Chaining,[singleton] standard 2D and 3D anomaly detection benchmarks,standard 2D and 3D anomaly detection benchmarks,1
39,Test-Time Adaptation for Anomaly Segmentation via Topology-Aware Optimal Transport Chaining,[singleton] state-of-the-art performance,state-of-the-art performance,1
39,Test-Time Adaptation for Anomaly Segmentation via Topology-Aware Optimal Transport Chaining,[singleton] the most competitive methods,the most competitive methods,1
39,Test-Time Adaptation for Anomaly Segmentation via Topology-Aware Optimal Transport Chaining,[singleton] mean F1,mean F1,1
39,Test-Time Adaptation for Anomaly Segmentation via Topology-Aware Optimal Transport Chaining,[singleton] 2D datasets,2D datasets,1
39,Test-Time Adaptation for Anomaly Segmentation via Topology-Aware Optimal Transport Chaining,[singleton] 3D AS benchmarks,3D AS benchmarks,1
39,Test-Time Adaptation for Anomaly Segmentation via Topology-Aware Optimal Transport Chaining,[self-reference],We; Our,2
40,DRIVE: Dual-Robustness via Information Variability and Entropic Consistency in Source-Free Unsupervised Domain Adaptation,Source-Free Unsupervised Domain Adaptation,This task; Source-Free Unsupervised Domain Adaptation,2
40,DRIVE: Dual-Robustness via Information Variability and Entropic Consistency in Source-Free Unsupervised Domain Adaptation,target domain,a target domain; the target domain; the target domain,3
40,DRIVE: Dual-Robustness via Information Variability and Entropic Consistency in Source-Free Unsupervised Domain Adaptation,DRIVE,DRIVE; a novel SFUDA framework leveraging a dual-model architecture; DRIVE,3
40,DRIVE: Dual-Robustness via Information Variability and Entropic Consistency in Source-Free Unsupervised Domain Adaptation,the two models of DRIVE,The two models; the models,2
40,DRIVE: Dual-Robustness via Information Variability and Entropic Consistency in Source-Free Unsupervised Domain Adaptation,the model being adapted,the model focuses on reliable data; the model to explore a broader range,2
40,DRIVE: Dual-Robustness via Information Variability and Entropic Consistency in Source-Free Unsupervised Domain Adaptation,the first stage,the first aligns the models; the first stage,2
40,DRIVE: Dual-Robustness via Information Variability and Entropic Consistency in Source-Free Unsupervised Domain Adaptation,[singleton] labeled data,labeled data,1
40,DRIVE: Dual-Robustness via Information Variability and Entropic Consistency in Source-Free Unsupervised Domain Adaptation,[singleton] source data,source data,1
40,DRIVE: Dual-Robustness via Information Variability and Entropic Consistency in Source-Free Unsupervised Domain Adaptation,[singleton] medical imaging,medical imaging,1
40,DRIVE: Dual-Robustness via Information Variability and Entropic Consistency in Source-Free Unsupervised Domain Adaptation,[singleton] autonomous driving,autonomous driving,1
40,DRIVE: Dual-Robustness via Information Variability and Entropic Consistency in Source-Free Unsupervised Domain Adaptation,[singleton] remote sensing,remote sensing,1
40,DRIVE: Dual-Robustness via Information Variability and Entropic Consistency in Source-Free Unsupervised Domain Adaptation,[singleton] a pre-trained model,a pre-trained model,1
40,DRIVE: Dual-Robustness via Information Variability and Entropic Consistency in Source-Free Unsupervised Domain Adaptation,[singleton] unlabeled target data,unlabeled target data,1
40,DRIVE: Dual-Robustness via Information Variability and Entropic Consistency in Source-Free Unsupervised Domain Adaptation,[singleton] Existing SFUDA methods,Existing SFUDA methods,1
40,DRIVE: Dual-Robustness via Information Variability and Entropic Consistency in Source-Free Unsupervised Domain Adaptation,[singleton] single-model architectures,single-model architectures,1
40,DRIVE: Dual-Robustness via Information Variability and Entropic Consistency in Source-Free Unsupervised Domain Adaptation,[singleton] One model,One model,1
40,DRIVE: Dual-Robustness via Information Variability and Entropic Consistency in Source-Free Unsupervised Domain Adaptation,[singleton] projection gradient descent,projection gradient descent,1
40,DRIVE: Dual-Robustness via Information Variability and Entropic Consistency in Source-Free Unsupervised Domain Adaptation,[singleton] mutual information,mutual information,1
40,DRIVE: Dual-Robustness via Information Variability and Entropic Consistency in Source-Free Unsupervised Domain Adaptation,[singleton] high-uncertainty regions,high-uncertainty regions,1
40,DRIVE: Dual-Robustness via Information Variability and Entropic Consistency in Source-Free Unsupervised Domain Adaptation,[singleton] an entropy-aware pseudo-labeling strategy,an entropy-aware pseudo-labeling strategy,1
40,DRIVE: Dual-Robustness via Information Variability and Entropic Consistency in Source-Free Unsupervised Domain Adaptation,[singleton] prediction uncertainty,prediction uncertainty,1
40,DRIVE: Dual-Robustness via Information Variability and Entropic Consistency in Source-Free Unsupervised Domain Adaptation,[singleton] The adaptation process,The adaptation process,1
40,DRIVE: Dual-Robustness via Information Variability and Entropic Consistency in Source-Free Unsupervised Domain Adaptation,[singleton] two stages,two stages,1
40,DRIVE: Dual-Robustness via Information Variability and Entropic Consistency in Source-Free Unsupervised Domain Adaptation,[singleton] a mutual information consistency loss,a mutual information consistency loss,1
40,DRIVE: Dual-Robustness via Information Variability and Entropic Consistency in Source-Free Unsupervised Domain Adaptation,[singleton] the perturbation level,the perturbation level,1
40,DRIVE: Dual-Robustness via Information Variability and Entropic Consistency in Source-Free Unsupervised Domain Adaptation,[singleton] standard SFUDA benchmarks,standard SFUDA benchmarks,1
40,DRIVE: Dual-Robustness via Information Variability and Entropic Consistency in Source-Free Unsupervised Domain Adaptation,[singleton] previous methods,previous methods,1
40,DRIVE: Dual-Robustness via Information Variability and Entropic Consistency in Source-Free Unsupervised Domain Adaptation,[singleton] complex target domains,complex target domains,1
40,DRIVE: Dual-Robustness via Information Variability and Entropic Consistency in Source-Free Unsupervised Domain Adaptation,[self-reference],we; We,2
41,Domain Adaptation by Maximizing Population Correlation with Neural Architecture Search,Domain Adaptation (DA),Domain Adaptation; DA; DA,3
41,Domain Adaptation by Maximizing Population Correlation with Neural Architecture Search,the source and target domains,the source and target domains; the source and target domains,2
41,Domain Adaptation by Maximizing Population Correlation with Neural Architecture Search,Population Correlation (PC),a new similarity function; Population Correlation; the PC function,3
41,Domain Adaptation by Maximizing Population Correlation with Neural Architecture Search,Domain Adaptation by Maximizing Population Correlation (DAMPC),Domain Adaptation by Maximizing Population Correlation; DAMPC.,2
41,Domain Adaptation by Maximizing Population Correlation with Neural Architecture Search,DAMPC with Neural Architecture Search (DAMPC-NAS),DAMPC with Neural Architecture Search; the proposed DAMPC-NAS method,2
41,Domain Adaptation by Maximizing Population Correlation with Neural Architecture Search,[singleton] the feature distributions,the feature distributions,1
41,Domain Adaptation by Maximizing Population Correlation with Neural Architecture Search,[singleton] various distance based methods,various distance based methods,1
41,Domain Adaptation by Maximizing Population Correlation with Neural Architecture Search,[singleton] the discrepancy,the discrepancy,1
41,Domain Adaptation by Maximizing Population Correlation with Neural Architecture Search,[singleton] the domain shift,the domain shift,1
41,Domain Adaptation by Maximizing Population Correlation with Neural Architecture Search,[singleton] the domain discrepancy,the domain discrepancy,1
41,Domain Adaptation by Maximizing Population Correlation with Neural Architecture Search,[singleton] a domain-invariant feature representation,a domain-invariant feature representation,1
41,Domain Adaptation by Maximizing Population Correlation with Neural Architecture Search,[singleton] most existing DA methods,most existing DA methods,1
41,Domain Adaptation by Maximizing Population Correlation with Neural Architecture Search,[singleton] hand-crafted bottleneck networks,hand-crafted bottleneck networks,1
41,Domain Adaptation by Maximizing Population Correlation with Neural Architecture Search,[singleton] the capacity and flexibility of the corresponding model,the capacity and flexibility of the corresponding model,1
41,Domain Adaptation by Maximizing Population Correlation with Neural Architecture Search,[singleton] the optimal network architecture,the optimal network architecture,1
41,Domain Adaptation by Maximizing Population Correlation with Neural Architecture Search,[singleton] several benchmark datasets,several benchmark datasets,1
41,Domain Adaptation by Maximizing Population Correlation with Neural Architecture Search,[singleton] Office-31,Office-31,1
41,Domain Adaptation by Maximizing Population Correlation with Neural Architecture Search,[singleton] Office-Home,Office-Home,1
41,Domain Adaptation by Maximizing Population Correlation with Neural Architecture Search,[singleton] VisDA-2017,VisDA-2017,1
41,Domain Adaptation by Maximizing Population Correlation with Neural Architecture Search,[singleton] state-of-the-art DA methods,state-of-the-art DA methods,1
41,Domain Adaptation by Maximizing Population Correlation with Neural Architecture Search,[self-reference],we; we; we,3
42,Box Pose and Shape Estimation and Domain Adaptation for Large-Scale Warehouse Automation,self-supervised domain adaptation pipeline,a self-supervised domain adaptation pipeline; a correct-and-certify pipeline for self-supervised box pose and shape estimation; our approach; The self-supervised model,4
42,Box Pose and Shape Estimation and Domain Adaptation for Large-Scale Warehouse Automation,[singleton] Modern warehouse automation systems,Modern warehouse automation systems,1
42,Box Pose and Shape Estimation and Domain Adaptation for Large-Scale Warehouse Automation,[singleton] fleets of intelligent robots,fleets of intelligent robots,1
42,Box Pose and Shape Estimation and Domain Adaptation for Large-Scale Warehouse Automation,[singleton] This paper,This paper,1
42,Box Pose and Shape Estimation and Domain Adaptation for Large-Scale Warehouse Automation,"[singleton] real-world, unlabeled data","real-world, unlabeled data",1
42,Box Pose and Shape Estimation and Domain Adaptation for Large-Scale Warehouse Automation,[singleton] perception models,perception models,1
42,Box Pose and Shape Estimation and Domain Adaptation for Large-Scale Warehouse Automation,[singleton] manual annotations,manual annotations,1
42,Box Pose and Shape Estimation and Domain Adaptation for Large-Scale Warehouse Automation,[singleton] the pose and shape of boxes,the pose and shape of boxes,1
42,Box Pose and Shape Estimation and Domain Adaptation for Large-Scale Warehouse Automation,"[singleton] a large-scale real-world dataset of 50,000 images","a large-scale real-world dataset of 50,000 images",1
42,Box Pose and Shape Estimation and Domain Adaptation for Large-Scale Warehouse Automation,[singleton] models trained solely in simulation,models trained solely in simulation,1
42,Box Pose and Shape Estimation and Domain Adaptation for Large-Scale Warehouse Automation,[singleton] a zero-shot 3D bounding box estimation baseline,a zero-shot 3D bounding box estimation baseline,1
42,Box Pose and Shape Estimation and Domain Adaptation for Large-Scale Warehouse Automation,[self-reference],Our; our; We,3
43,Quantization based Bounds on the Wasserstein Metric,the Wasserstein metric,The Wasserstein metric; its; it; the Wasserstein metric; the Wasserstein metric,5
43,Quantization based Bounds on the Wasserstein Metric,entropy-regularized optimal transport,entropy-regularized optimal transport; entropy-regularized OT,2
43,Quantization based Bounds on the Wasserstein Metric,the proposed approximation approach,our approach; our methods,2
43,Quantization based Bounds on the Wasserstein Metric,[singleton] generative modeling,generative modeling,1
43,Quantization based Bounds on the Wasserstein Metric,[singleton] image retrieval,image retrieval,1
43,Quantization based Bounds on the Wasserstein Metric,[singleton] domain adaptation,domain adaptation,1
43,Quantization based Bounds on the Wasserstein Metric,[singleton] downsampling,downsampling,1
43,Quantization based Bounds on the Wasserstein Metric,[singleton] subsampling,subsampling,1
43,Quantization based Bounds on the Wasserstein Metric,[singleton] discrete measures on regular grids,discrete measures on regular grids,1
43,Quantization based Bounds on the Wasserstein Metric,[singleton] a Kantorovich problem,a Kantorovich problem,1
43,Quantization based Bounds on the Wasserstein Metric,[singleton] a coarse grid,a coarse grid,1
43,Quantization based Bounds on the Wasserstein Metric,[singleton] a quantized measure,a quantized measure,1
43,Quantization based Bounds on the Wasserstein Metric,[singleton] specially designed cost matrix,specially designed cost matrix,1
43,Quantization based Bounds on the Wasserstein Metric,[singleton] an upscaling and correction stage,an upscaling and correction stage,1
43,Quantization based Bounds on the Wasserstein Metric,[singleton] the full-resolution inputs,the full-resolution inputs,1
43,Quantization based Bounds on the Wasserstein Metric,[singleton] the DOTmark optimal transport images benchmark,the DOTmark optimal transport images benchmark,1
43,Quantization based Bounds on the Wasserstein Metric,[singleton] the approximation error,the approximation error,1
43,Quantization based Bounds on the Wasserstein Metric,[self-reference],we; our; We; our,4
44,Self-Supervised 2D/3D Registration for X-Ray to CT Image Fusion,the self-supervised 2D/3D registration framework,a self-supervised 2D/3D registration framework; Our framework,2
44,Self-Supervised 2D/3D Registration for X-Ray to CT Image Fusion,the domain gap,the domain gap; the domain gap,2
44,Self-Supervised 2D/3D Registration for X-Ray to CT Image Fusion,paired annotated datasets,paired annotated datasets; paired annotated datasets,2
44,Self-Supervised 2D/3D Registration for X-Ray to CT Image Fusion,simulated X-ray projections,simulated X-ray projections from CT volumes; simulated X-ray projections,2
44,Self-Supervised 2D/3D Registration for X-Ray to CT Image Fusion,real X-ray images,real X-ray images; real X-ray images,2
44,Self-Supervised 2D/3D Registration for X-Ray to CT Image Fusion,success ratio,a high success ratio of 90.1%; success ratio,2
44,Self-Supervised 2D/3D Registration for X-Ray to CT Image Fusion,[singleton] Deep Learning based 2D/3D registration,Deep Learning based 2D/3D registration,1
44,Self-Supervised 2D/3D Registration for X-Ray to CT Image Fusion,[singleton] large annotated paired datasets,large annotated paired datasets,1
44,Self-Supervised 2D/3D Registration for X-Ray to CT Image Fusion,[singleton] paired CT volume and X-ray images with ground truth registration,paired CT volume and X-ray images with ground truth registration,1
44,Self-Supervised 2D/3D Registration for X-Ray to CT Image Fusion,[singleton] interventional scenarios,interventional scenarios,1
44,Self-Supervised 2D/3D Registration for X-Ray to CT Image Fusion,[singleton] Deep Neural Networks,Deep Neural Networks,1
44,Self-Supervised 2D/3D Registration for X-Ray to CT Image Fusion,[singleton] unsupervised feature and pixel space domain adaptation,unsupervised feature and pixel space domain adaptation,1
44,Self-Supervised 2D/3D Registration for X-Ray to CT Image Fusion,[singleton] a registration accuracy of mm,a registration accuracy of mm,1
44,Self-Supervised 2D/3D Registration for X-Ray to CT Image Fusion,[singleton] reference annotation-free algorithms,reference annotation-free algorithms,1
44,Self-Supervised 2D/3D Registration for X-Ray to CT Image Fusion,[self-reference],We; Our,2
45,Multi-Task Domain Adaptation for Language Grounding with 3D Objects,DA4LG,a novel method called Domain Adaptation for Language Grounding (DA4LG) with 3D objects; the proposed DA4LG; DA4LG competitively performs; DA4LG achieves state-of-the-art performance; performance of DA4LG,5
45,Multi-Task Domain Adaptation for Language Grounding with 3D Objects,existing works on object-level language grounding,The existing works on object-level language grounding with 3D objects; they,2
45,Multi-Task Domain Adaptation for Language Grounding with 3D Objects,[singleton] the off-the-shelf pre-trained models,the off-the-shelf pre-trained models,1
45,Multi-Task Domain Adaptation for Language Grounding with 3D Objects,[singleton] viewpoint selection,viewpoint selection,1
45,Multi-Task Domain Adaptation for Language Grounding with 3D Objects,[singleton] geometric priors,geometric priors,1
45,Multi-Task Domain Adaptation for Language Grounding with 3D Objects,[singleton] the cross-modal representation of language-vision alignment,the cross-modal representation of language-vision alignment,1
45,Multi-Task Domain Adaptation for Language Grounding with 3D Objects,[singleton] a visual adapter module with multi-task learning,a visual adapter module with multi-task learning,1
45,Multi-Task Domain Adaptation for Language Grounding with 3D Objects,[singleton] comprehensive multimodal feature representation,comprehensive multimodal feature representation,1
45,Multi-Task Domain Adaptation for Language Grounding with 3D Objects,[singleton] the single-view setting,the single-view setting,1
45,Multi-Task Domain Adaptation for Language Grounding with 3D Objects,[singleton] multi-view setting,multi-view setting,1
45,Multi-Task Domain Adaptation for Language Grounding with 3D Objects,[singleton] the language grounding benchmark SNARE,the language grounding benchmark SNARE,1
45,Multi-Task Domain Adaptation for Language Grounding with 3D Objects,[singleton] The simulation experiments,The simulation experiments,1
45,Multi-Task Domain Adaptation for Language Grounding with 3D Objects,[singleton] the existing methods,the existing methods,1
45,Multi-Task Domain Adaptation for Language Grounding with 3D Objects,[self-reference],we,1
46,CLIP-Powered Domain Generalization and Domain Adaptation: A Comprehensive Survey,Contrastive Language-Image Pretraining (CLIP),Contrastive Language-Image Pretraining; CLIP; CLIP; CLIP; CLIP,5
46,CLIP-Powered Domain Generalization and Domain Adaptation: A Comprehensive Survey,domain generalization (DG),domain generalization; DG; DG; DG; domain generalization,5
46,CLIP-Powered Domain Generalization and Domain Adaptation: A Comprehensive Survey,domain adaptation (DA),domain adaptation; DA; DA; DA; adaptation,5
46,CLIP-Powered Domain Generalization and Domain Adaptation: A Comprehensive Survey,this survey,this review; This survey; this survey; this work,4
46,CLIP-Powered Domain Generalization and Domain Adaptation: A Comprehensive Survey,[singleton] model robustness,model robustness,1
46,CLIP-Powered Domain Generalization and Domain Adaptation: A Comprehensive Survey,[singleton] zero-shot capabilities,zero-shot capabilities,1
46,CLIP-Powered Domain Generalization and Domain Adaptation: A Comprehensive Survey,[singleton] unseen domains,unseen domains,1
46,CLIP-Powered Domain Generalization and Domain Adaptation: A Comprehensive Survey,[singleton] prompt learning,prompt learning,1
46,CLIP-Powered Domain Generalization and Domain Adaptation: A Comprehensive Survey,[singleton] a backbone,a backbone,1
46,CLIP-Powered Domain Generalization and Domain Adaptation: A Comprehensive Survey,[singleton] source-available methods utilizing labeled source data,source-available methods utilizing labeled source data,1
46,CLIP-Powered Domain Generalization and Domain Adaptation: A Comprehensive Survey,[singleton] source-free approaches primarily based on target domain data,source-free approaches primarily based on target domain data,1
46,CLIP-Powered Domain Generalization and Domain Adaptation: A Comprehensive Survey,[singleton] knowledge transfer mechanisms,knowledge transfer mechanisms,1
46,CLIP-Powered Domain Generalization and Domain Adaptation: A Comprehensive Survey,[singleton] overfitting,overfitting,1
46,CLIP-Powered Domain Generalization and Domain Adaptation: A Comprehensive Survey,[singleton] domain diversity,domain diversity,1
46,CLIP-Powered Domain Generalization and Domain Adaptation: A Comprehensive Survey,[singleton] computational efficiency,computational efficiency,1
46,CLIP-Powered Domain Generalization and Domain Adaptation: A Comprehensive Survey,[singleton] researchers and practitioners,researchers and practitioners,1
46,CLIP-Powered Domain Generalization and Domain Adaptation: A Comprehensive Survey,[singleton] resilient machine learning models,resilient machine learning models,1
46,CLIP-Powered Domain Generalization and Domain Adaptation: A Comprehensive Survey,[self-reference],we; we,2
47,Few-Shot Domain Adaptation for Low Light RAW Image Enhancement,existing CNN based methods,existing Convolutional Neural Network based methods; their performance; such methods,3
47,Few-Shot Domain Adaptation for Low Light RAW Image Enhancement,target camera domain,the target camera; the target domain; the target camera domain,3
47,Few-Shot Domain Adaptation for Low Light RAW Image Enhancement,[singleton] severe noise and color distortions,severe noise and color distortions,1
47,Few-Shot Domain Adaptation for Low Light RAW Image Enhancement,[singleton] short exposure time,short exposure time,1
47,Few-Shot Domain Adaptation for Low Light RAW Image Enhancement,[singleton] limited illumination,limited illumination,1
47,Few-Shot Domain Adaptation for Low Light RAW Image Enhancement,[singleton] large datasets with short-exposure and corresponding long-exposure ground truth raw images,large datasets with short-exposure and corresponding long-exposure ground truth raw images,1
47,Few-Shot Domain Adaptation for Low Light RAW Image Enhancement,[singleton] a novel few-shot domain adaptation method,a novel few-shot domain adaptation method,1
47,Few-Shot Domain Adaptation for Low Light RAW Image Enhancement,[singleton] the existing source camera labeled data,the existing source camera labeled data,1
47,Few-Shot Domain Adaptation for Low Light RAW Image Enhancement,[singleton] a large labeled target camera dataset,a large labeled target camera dataset,1
47,Few-Shot Domain Adaptation for Low Light RAW Image Enhancement,[singleton] a new low-light raw image dataset captured with a Nikon camera,a new low-light raw image dataset captured with a Nikon camera,1
47,Few-Shot Domain Adaptation for Low Light RAW Image Enhancement,[self-reference],we; Our; we,3
48,When Test-Time Adaptation Meets Self-Supervised Models,online adaptation from source to target domains,Online adaptation from source to target domains; it,2
48,When Test-Time Adaptation Meets Self-Supervised Models,the proposed collaborative learning framework,a collaborative learning framework that integrates SSL and TTA models; our method; our approach; it,4
48,When Test-Time Adaptation Meets Self-Supervised Models,[singleton] deep learning models,deep learning models,1
48,When Test-Time Adaptation Meets Self-Supervised Models,[singleton] the performance of source pretrained model,the performance of source pretrained model,1
48,When Test-Time Adaptation Meets Self-Supervised Models,[singleton] test-time adaptation methods,test-time adaptation methods,1
48,When Test-Time Adaptation Meets Self-Supervised Models,[singleton] models trained via self-supervised learning,models trained via self-supervised learning,1
48,When Test-Time Adaptation Meets Self-Supervised Models,[singleton] a self-supervised TTA protocol,a self-supervised TTA protocol,1
48,When Test-Time Adaptation Meets Self-Supervised Models,[singleton] existing TTA approaches,existing TTA approaches,1
48,When Test-Time Adaptation Meets Self-Supervised Models,[singleton] self-supervised models with low accuracy on the source domain,self-supervised models with low accuracy on the source domain,1
48,When Test-Time Adaptation Meets Self-Supervised Models,[singleton] contrastive learning,contrastive learning,1
48,When Test-Time Adaptation Meets Self-Supervised Models,[singleton] knowledge distillation,knowledge distillation,1
48,When Test-Time Adaptation Meets Self-Supervised Models,[singleton] stepwise representation refinement,stepwise representation refinement,1
48,When Test-Time Adaptation Meets Self-Supervised Models,[singleton] diverse self-supervised models,diverse self-supervised models,1
48,When Test-Time Adaptation Meets Self-Supervised Models,[singleton] DINO,DINO,1
48,When Test-Time Adaptation Meets Self-Supervised Models,[singleton] MoCo,MoCo,1
48,When Test-Time Adaptation Meets Self-Supervised Models,[singleton] iBOT,iBOT,1
48,When Test-Time Adaptation Meets Self-Supervised Models,[singleton] TTA benchmarks,TTA benchmarks,1
48,When Test-Time Adaptation Meets Self-Supervised Models,[self-reference],we; We; we; our; We; our; our,7
49,Pose-aware Adversarial Domain Adaptation for Personalized Facial Expression Recognition,the proposed unsupervised adversarial domain adaptation method,a novel unsupervised adversarial domain adaptation method; which; our method; the proposed method,4
49,Pose-aware Adversarial Domain Adaptation for Personalized Facial Expression Recognition,pose and subject variations,pose and subject variations; both variations,2
49,Pose-aware Adversarial Domain Adaptation for Personalized Facial Expression Recognition,adversarial domain adaptation learning,adversarial domain adaptation learning; The first; this learning strategy,3
49,Pose-aware Adversarial Domain Adaptation for Personalized Facial Expression Recognition,cross adversarial feature learning,cross adversarial feature learning; The second,2
49,Pose-aware Adversarial Domain Adaptation for Personalized Facial Expression Recognition,reconstruction learning,reconstruction learning; The last,2
49,Pose-aware Adversarial Domain Adaptation for Personalized Facial Expression Recognition,the source domain,the source domain; the source domain,2
49,Pose-aware Adversarial Domain Adaptation for Personalized Facial Expression Recognition,the target domain,the target domain; the target domain,2
49,Pose-aware Adversarial Domain Adaptation for Personalized Facial Expression Recognition,expression-related feature representations,the expression-related feature representations; the learned expression-related feature representations,2
49,Pose-aware Adversarial Domain Adaptation for Personalized Facial Expression Recognition,[singleton] Current facial expression recognition methods,Current facial expression recognition methods,1
49,Pose-aware Adversarial Domain Adaptation for Personalized Facial Expression Recognition,[singleton] three learning strategies,three learning strategies,1
49,Pose-aware Adversarial Domain Adaptation for Personalized Facial Expression Recognition,[singleton] adversarial learning,adversarial learning,1
49,Pose-aware Adversarial Domain Adaptation for Personalized Facial Expression Recognition,[singleton] personalized adversarial domain adaptation,personalized adversarial domain adaptation,1
49,Pose-aware Adversarial Domain Adaptation for Personalized Facial Expression Recognition,[singleton] feature disentanglement,feature disentanglement,1
49,Pose-aware Adversarial Domain Adaptation for Personalized Facial Expression Recognition,[singleton] pose-related feature representations,pose-related feature representations,1
49,Pose-aware Adversarial Domain Adaptation for Personalized Facial Expression Recognition,[singleton] face image reconstructions,face image reconstructions,1
49,Pose-aware Adversarial Domain Adaptation for Personalized Facial Expression Recognition,[singleton] four benchmark datasets,four benchmark datasets,1
49,Pose-aware Adversarial Domain Adaptation for Personalized Facial Expression Recognition,[self-reference],we; our,2
50,Recent Advances in Medical Imaging Segmentation: A Survey,Medical imaging,Medical imaging; its; medical imaging,3
50,Recent Advances in Medical Imaging Segmentation: A Survey,"methodologies such as Generative AI, Few-Shot Learning, Foundation Models, and Universal Models","methodologies such as Generative AI, Few-Shot Learning, Foundation Models, and Universal Models; These approaches; these methods",3
50,Recent Advances in Medical Imaging Segmentation: A Survey,[singleton] segmentation,segmentation,1
50,Recent Advances in Medical Imaging Segmentation: A Survey,[singleton] data accessibility,data accessibility,1
50,Recent Advances in Medical Imaging Segmentation: A Survey,[singleton] annotation complexity,annotation complexity,1
50,Recent Advances in Medical Imaging Segmentation: A Survey,[singleton] structural variability,structural variability,1
50,Recent Advances in Medical Imaging Segmentation: A Survey,[singleton] variation in medical imaging modalities,variation in medical imaging modalities,1
50,Recent Advances in Medical Imaging Segmentation: A Survey,[singleton] privacy constraints,privacy constraints,1
50,Recent Advances in Medical Imaging Segmentation: A Survey,[singleton] robust generalization,robust generalization,1
50,Recent Advances in Medical Imaging Segmentation: A Survey,[singleton] domain adaptation,domain adaptation,1
50,Recent Advances in Medical Imaging Segmentation: A Survey,[singleton] domain expertise,domain expertise,1
50,Recent Advances in Medical Imaging Segmentation: A Survey,[singleton] This survey,This survey,1
50,Recent Advances in Medical Imaging Segmentation: A Survey,[singleton] medical image segmentation,medical image segmentation,1
50,Recent Advances in Medical Imaging Segmentation: A Survey,[singleton] the theoretical foundations,the theoretical foundations,1
50,Recent Advances in Medical Imaging Segmentation: A Survey,[singleton] state-of-the-art techniques,state-of-the-art techniques,1
50,Recent Advances in Medical Imaging Segmentation: A Survey,[singleton] segmentation models,segmentation models,1
50,Recent Advances in Medical Imaging Segmentation: A Survey,[self-reference],We; we,2
51,Labeling Where Adapting Fails: Cross-Domain Semantic Segmentation with Point Supervision via Active Selection,pixel-wise annotations,pixel-wise annotated data; these annotations,2
51,Labeling Where Adapting Fails: Cross-Domain Semantic Segmentation with Point Supervision via Active Selection,unsupervised domain adaptation approaches,unsupervised domain adaptation approaches; these strategies; existing unsupervised domain adaptation approaches,3
51,Labeling Where Adapting Fails: Cross-Domain Semantic Segmentation with Point Supervision via Active Selection,proposed domain adaptation framework with active point selection,a new domain adaptation framework for semantic segmentation with annotated points via active selection; our methods; The propose pipeline,3
51,Labeling Where Adapting Fails: Cross-Domain Semantic Segmentation with Point Supervision via Active Selection,the unsupervised domain adaptation of the model,an unsupervised domain adaptation of the model; this adaptation,2
51,Labeling Where Adapting Fails: Cross-Domain Semantic Segmentation with Point Supervision via Active Selection,target points,target points; these target points,2
51,Labeling Where Adapting Fails: Cross-Domain Semantic Segmentation with Point Supervision via Active Selection,[singleton] semantic segmentation,semantic segmentation,1
51,Labeling Where Adapting Fails: Cross-Domain Semantic Segmentation with Point Supervision via Active Selection,[singleton] the labeled source,the labeled source,1
51,Labeling Where Adapting Fails: Cross-Domain Semantic Segmentation with Point Supervision via Active Selection,[singleton] the unlabeled target data,the unlabeled target data,1
51,Labeling Where Adapting Fails: Cross-Domain Semantic Segmentation with Point Supervision via Active Selection,[singleton] the domain adaptation task,the domain adaptation task,1
51,Labeling Where Adapting Fails: Cross-Domain Semantic Segmentation with Point Supervision via Active Selection,[singleton] human interactions,human interactions,1
51,Labeling Where Adapting Fails: Cross-Domain Semantic Segmentation with Point Supervision via Active Selection,[singleton] sparse single-pixel annotations in the target data,sparse single-pixel annotations in the target data,1
51,Labeling Where Adapting Fails: Cross-Domain Semantic Segmentation with Point Supervision via Active Selection,[singleton] the model,the model,1
51,Labeling Where Adapting Fails: Cross-Domain Semantic Segmentation with Point Supervision via Active Selection,[singleton] an entropy based uncertainty measurement,an entropy based uncertainty measurement,1
51,Labeling Where Adapting Fails: Cross-Domain Semantic Segmentation with Point Supervision via Active Selection,[singleton] the domain gap,the domain gap,1
51,Labeling Where Adapting Fails: Cross-Domain Semantic Segmentation with Point Supervision via Active Selection,[singleton] human annotators,human annotators,1
51,Labeling Where Adapting Fails: Cross-Domain Semantic Segmentation with Point Supervision via Active Selection,[singleton] benchmark datasets,benchmark datasets,1
51,Labeling Where Adapting Fails: Cross-Domain Semantic Segmentation with Point Supervision via Active Selection,[singleton] an extra module,an extra module,1
51,Labeling Where Adapting Fails: Cross-Domain Semantic Segmentation with Point Supervision via Active Selection,[singleton] existing domain adaptation strategies,existing domain adaptation strategies,1
51,Labeling Where Adapting Fails: Cross-Domain Semantic Segmentation with Point Supervision via Active Selection,[self-reference],we; we; we; we; our,5
52,Diffusion Transport Alignment,Diffusion Transport Alignment (DTA),Diffusion Transport Alignment; a semi-supervised manifold alignment method; DTA finds a transportation plan; DTA can also compute a partial alignment; DTA outperforms other methods; DTA can improve the performance,6
52,Diffusion Transport Alignment,[singleton] Many existing data integration methods,Many existing data integration methods,1
52,Diffusion Transport Alignment,[singleton] existing manifold alignment methods,existing manifold alignment methods,1
52,Diffusion Transport Alignment,[singleton] prior correspondence knowledge,prior correspondence knowledge,1
52,Diffusion Transport Alignment,[singleton] a diffusion process,a diffusion process,1
52,Diffusion Transport Alignment,[singleton] a transportation plan,a transportation plan,1
52,Diffusion Transport Alignment,[singleton] two heterogeneous domains with different feature spaces,two heterogeneous domains with different feature spaces,1
52,Diffusion Transport Alignment,[singleton] the same underlying data generating process,the same underlying data generating process,1
52,Diffusion Transport Alignment,[singleton] a partial alignment,a partial alignment,1
52,Diffusion Transport Alignment,[singleton] domain adaptation,domain adaptation,1
52,Diffusion Transport Alignment,[singleton] inter-domain feature mapping,inter-domain feature mapping,1
52,Diffusion Transport Alignment,[singleton] exploratory data analysis,exploratory data analysis,1
52,Diffusion Transport Alignment,[singleton] competing methods,competing methods,1
52,Diffusion Transport Alignment,[self-reference],We; We; We,3
53,MFM-DA: Instance-Aware Adaptor and Hierarchical Alignment for Efficient Domain Adaptation in Medical Foundation Models,Medical Foundation Models (MFMs),Medical Foundation Models; these models; MFMs; the MFM,4
53,MFM-DA: Instance-Aware Adaptor and Hierarchical Alignment for Efficient Domain Adaptation in Medical Foundation Models,MFM-DA framework,"a few-shot unsupervised domain adaptation framework for MFMs, named MFM-DA; which; Our approach; MFM-DA",4
53,MFM-DA: Instance-Aware Adaptor and Hierarchical Alignment for Efficient Domain Adaptation in Medical Foundation Models,Denoising Diffusion Probabilistic Model (DDPM),a Denoising Diffusion Probabilistic Model; which; the DDPM,3
53,MFM-DA: Instance-Aware Adaptor and Hierarchical Alignment for Efficient Domain Adaptation in Medical Foundation Models,the target domain,the target domain; the target domain; the target domain,3
53,MFM-DA: Instance-Aware Adaptor and Hierarchical Alignment for Efficient Domain Adaptation in Medical Foundation Models,[singleton] large-scale datasets,large-scale datasets,1
53,MFM-DA: Instance-Aware Adaptor and Hierarchical Alignment for Efficient Domain Adaptation in Medical Foundation Models,[singleton] domain gaps in practical applications,domain gaps in practical applications,1
53,MFM-DA: Instance-Aware Adaptor and Hierarchical Alignment for Efficient Domain Adaptation in Medical Foundation Models,[singleton] source-domain data,source-domain data,1
53,MFM-DA: Instance-Aware Adaptor and Hierarchical Alignment for Efficient Domain Adaptation in Medical Foundation Models,[singleton] task-adapted foundation models,task-adapted foundation models,1
53,MFM-DA: Instance-Aware Adaptor and Hierarchical Alignment for Efficient Domain Adaptation in Medical Foundation Models,[singleton] a limited number of unlabeled target-domain images,a limited number of unlabeled target-domain images,1
53,MFM-DA: Instance-Aware Adaptor and Hierarchical Alignment for Efficient Domain Adaptation in Medical Foundation Models,[singleton] a proposed dynamic instance-aware adaptor,a proposed dynamic instance-aware adaptor,1
53,MFM-DA: Instance-Aware Adaptor and Hierarchical Alignment for Efficient Domain Adaptation in Medical Foundation Models,[singleton] a distribution direction loss,a distribution direction loss,1
53,MFM-DA: Instance-Aware Adaptor and Hierarchical Alignment for Efficient Domain Adaptation in Medical Foundation Models,[singleton] source-domain images,source-domain images,1
53,MFM-DA: Instance-Aware Adaptor and Hierarchical Alignment for Efficient Domain Adaptation in Medical Foundation Models,[singleton] The adapted images,The adapted images,1
53,MFM-DA: Instance-Aware Adaptor and Hierarchical Alignment for Efficient Domain Adaptation in Medical Foundation Models,[singleton] a designed channel-spatial alignment Low-Rank Adaptation,a designed channel-spatial alignment Low-Rank Adaptation,1
53,MFM-DA: Instance-Aware Adaptor and Hierarchical Alignment for Efficient Domain Adaptation in Medical Foundation Models,[singleton] optic cup and disc segmentation tasks,optic cup and disc segmentation tasks,1
53,MFM-DA: Instance-Aware Adaptor and Hierarchical Alignment for Efficient Domain Adaptation in Medical Foundation Models,[singleton] state-of-the-art methods,state-of-the-art methods,1
53,MFM-DA: Instance-Aware Adaptor and Hierarchical Alignment for Efficient Domain Adaptation in Medical Foundation Models,[singleton] the domain gap issue in real-world MFM deployment,the domain gap issue in real-world MFM deployment,1
53,MFM-DA: Instance-Aware Adaptor and Hierarchical Alignment for Efficient Domain Adaptation in Medical Foundation Models,[singleton] Code,Code,1
53,MFM-DA: Instance-Aware Adaptor and Hierarchical Alignment for Efficient Domain Adaptation in Medical Foundation Models,[self-reference],we; we; Our work,3
54,OSMDA: OpenStreetMap based Domain Adaptation for Remote Sensing VLMs,large frontier models (teachers),large frontier models; large teachers; the teacher,3
54,OSMDA: OpenStreetMap based Domain Adaptation for Remote Sensing VLMs,dependence on large teachers,this dependence on large teachers; this dependency,2
54,OSMDA: OpenStreetMap based Domain Adaptation for Remote Sensing VLMs,OSMDA framework,OSMDA; a self-contained domain adaptation framework; our method,3
54,OSMDA: OpenStreetMap based Domain Adaptation for Remote Sensing VLMs,the base VLM,a capable base VLM; its own annotation engine; the model; The model,4
54,OSMDA: OpenStreetMap based Domain Adaptation for Remote Sensing VLMs,OSMDA-VLM,OSMDA-VLM; a domain-adapted VLM,2
54,OSMDA: OpenStreetMap based Domain Adaptation for Remote Sensing VLMs,[singleton] Vision-Language Models adapted to remote sensing,Vision-Language Models adapted to remote sensing,1
54,OSMDA: OpenStreetMap based Domain Adaptation for Remote Sensing VLMs,[singleton] domain-specific image-text supervision,domain-specific image-text supervision,1
54,OSMDA: OpenStreetMap based Domain Adaptation for Remote Sensing VLMs,[singleton] high-quality annotations for satellite and aerial imagery,high-quality annotations for satellite and aerial imagery,1
54,OSMDA: OpenStreetMap based Domain Adaptation for Remote Sensing VLMs,[singleton] Prevailing pseudo-labeling pipelines,Prevailing pseudo-labeling pipelines,1
54,OSMDA: OpenStreetMap based Domain Adaptation for Remote Sensing VLMs,[singleton] this gap,this gap,1
54,OSMDA: OpenStreetMap based Domain Adaptation for Remote Sensing VLMs,[singleton] aerial images,aerial images,1
54,OSMDA: OpenStreetMap based Domain Adaptation for Remote Sensing VLMs,[singleton] rendered OpenStreetMap tiles,rendered OpenStreetMap tiles,1
54,OSMDA: OpenStreetMap based Domain Adaptation for Remote Sensing VLMs,[singleton] optical character recognition,optical character recognition,1
54,OSMDA: OpenStreetMap based Domain Adaptation for Remote Sensing VLMs,[singleton] chart comprehension capabilities,chart comprehension capabilities,1
54,OSMDA: OpenStreetMap based Domain Adaptation for Remote Sensing VLMs,[singleton] OSM s vast auxiliary metadata,OSM s vast auxiliary metadata,1
54,OSMDA: OpenStreetMap based Domain Adaptation for Remote Sensing VLMs,[singleton] the resulting corpus,the resulting corpus,1
54,OSMDA: OpenStreetMap based Domain Adaptation for Remote Sensing VLMs,[singleton] satellite imagery,satellite imagery,1
54,OSMDA: OpenStreetMap based Domain Adaptation for Remote Sensing VLMs,[singleton] 10 benchmarks,10 benchmarks,1
54,OSMDA: OpenStreetMap based Domain Adaptation for Remote Sensing VLMs,[singleton] image-text-to-text tasks,image-text-to-text tasks,1
54,OSMDA: OpenStreetMap based Domain Adaptation for Remote Sensing VLMs,[singleton] 9 competitive baselines,9 competitive baselines,1
54,OSMDA: OpenStreetMap based Domain Adaptation for Remote Sensing VLMs,[singleton] real data,real data,1
54,OSMDA: OpenStreetMap based Domain Adaptation for Remote Sensing VLMs,[singleton] state-of-the-art results,state-of-the-art results,1
54,OSMDA: OpenStreetMap based Domain Adaptation for Remote Sensing VLMs,[singleton] teacher-dependent alternatives,teacher-dependent alternatives,1
54,OSMDA: OpenStreetMap based Domain Adaptation for Remote Sensing VLMs,[singleton] a strong foundation model,a strong foundation model,1
54,OSMDA: OpenStreetMap based Domain Adaptation for Remote Sensing VLMs,[singleton] crowd-sourced geographic data,crowd-sourced geographic data,1
54,OSMDA: OpenStreetMap based Domain Adaptation for Remote Sensing VLMs,[singleton] Dataset and model weights,Dataset and model weights,1
54,OSMDA: OpenStreetMap based Domain Adaptation for Remote Sensing VLMs,[self-reference],We; Our; we; We; our,5
55,Semi-Self-Supervised Domain Adaptation: Developing Deep Learning Models with Limited Annotated Data for Wheat Head Segmentation,the proposed semi-self-supervised domain adaptation model,a semi-self-supervised domain adaptation technique based on deep convolutional neural networks with a probabilistic diffusion process; a two-branch convolutional encoder-decoder model architecture; The proposed model; its,4
55,Semi-Self-Supervised Domain Adaptation: Developing Deep Learning Models with Limited Annotated Data for Wheat Head Segmentation,computationally annotated image-mask pairs,a large-scale computationally annotated dataset of image-mask pairs; synthesized image-mask pairs,2
55,Semi-Self-Supervised Domain Adaptation: Developing Deep Learning Models with Limited Annotated Data for Wheat Head Segmentation,unannotated images from video frames,a large dataset of unannotated images extracted from video frames; unannotated images,2
55,Semi-Self-Supervised Domain Adaptation: Developing Deep Learning Models with Limited Annotated Data for Wheat Head Segmentation,deep learning approaches,Deep learning approaches; these approaches,2
55,Semi-Self-Supervised Domain Adaptation: Developing Deep Learning Models with Limited Annotated Data for Wheat Head Segmentation,[singleton] Precision agriculture,Precision agriculture,1
55,Semi-Self-Supervised Domain Adaptation: Developing Deep Learning Models with Limited Annotated Data for Wheat Head Segmentation,[singleton] deep learning based techniques,deep learning based techniques,1
55,Semi-Self-Supervised Domain Adaptation: Developing Deep Learning Models with Limited Annotated Data for Wheat Head Segmentation,[singleton] extensive annotated datasets,extensive annotated datasets,1
55,Semi-Self-Supervised Domain Adaptation: Developing Deep Learning Models with Limited Annotated Data for Wheat Head Segmentation,[singleton] three manually annotated images,three manually annotated images,1
55,Semi-Self-Supervised Domain Adaptation: Developing Deep Learning Models with Limited Annotated Data for Wheat Head Segmentation,[singleton] a selection of video clips from wheat fields,a selection of video clips from wheat fields,1
55,Semi-Self-Supervised Domain Adaptation: Developing Deep Learning Models with Limited Annotated Data for Wheat Head Segmentation,[singleton] real images,real images,1
55,Semi-Self-Supervised Domain Adaptation: Developing Deep Learning Models with Limited Annotated Data for Wheat Head Segmentation,[singleton] a Dice score of 80.7,a Dice score of 80.7,1
55,Semi-Self-Supervised Domain Adaptation: Developing Deep Learning Models with Limited Annotated Data for Wheat Head Segmentation,[singleton] an internal test dataset,an internal test dataset,1
55,Semi-Self-Supervised Domain Adaptation: Developing Deep Learning Models with Limited Annotated Data for Wheat Head Segmentation,[singleton] a Dice score of 64.8,a Dice score of 64.8,1
55,Semi-Self-Supervised Domain Adaptation: Developing Deep Learning Models with Limited Annotated Data for Wheat Head Segmentation,[singleton] an external test set,an external test set,1
55,Semi-Self-Supervised Domain Adaptation: Developing Deep Learning Models with Limited Annotated Data for Wheat Head Segmentation,[singleton] five countries,five countries,1
55,Semi-Self-Supervised Domain Adaptation: Developing Deep Learning Models with Limited Annotated Data for Wheat Head Segmentation,[singleton] 18 domains,18 domains,1
55,Semi-Self-Supervised Domain Adaptation: Developing Deep Learning Models with Limited Annotated Data for Wheat Head Segmentation,[self-reference],we; we; We,3
56,Adaptive Domain Interest Network for Multi-domain Recommendation,multiple business scenarios,multiple business scenarios; these scenarios,2
56,Adaptive Domain Interest Network for Multi-domain Recommendation,Alibaba display advertising system,Alibaba display advertising system; the display advertising system of Alibaba,2
56,Adaptive Domain Interest Network for Multi-domain Recommendation,Adaptive Domain Interest network (ADI),Adaptive Domain Interest network; the proposed method; our proposed ADI; ADI,4
56,Adaptive Domain Interest Network for Multi-domain Recommendation,[singleton] Industrial recommender systems,Industrial recommender systems,1
56,Adaptive Domain Interest Network for Multi-domain Recommendation,[singleton] the topK high-quality items,the topK high-quality items,1
56,Adaptive Domain Interest Network for Multi-domain Recommendation,[singleton] a large number of corpus,a large number of corpus,1
56,Adaptive Domain Interest Network for Multi-domain Recommendation,[singleton] the behavior patterns of Taobao users,the behavior patterns of Taobao users,1
56,Adaptive Domain Interest Network for Multi-domain Recommendation,[singleton] bid prices assigned by advertisers,bid prices assigned by advertisers,1
56,Adaptive Domain Interest Network for Multi-domain Recommendation,[singleton] Traditional methods,Traditional methods,1
56,Adaptive Domain Interest Network for Multi-domain Recommendation,[singleton] a shared model,a shared model,1
56,Adaptive Domain Interest Network for Multi-domain Recommendation,[singleton] multi-scenarios data,multi-scenarios data,1
56,Adaptive Domain Interest Network for Multi-domain Recommendation,[singleton] various topK candidates,various topK candidates,1
56,Adaptive Domain Interest Network for Multi-domain Recommendation,[singleton] shared networks,shared networks,1
56,Adaptive Domain Interest Network for Multi-domain Recommendation,[singleton] domain-specific networks,domain-specific networks,1
56,Adaptive Domain Interest Network for Multi-domain Recommendation,[singleton] the domain-specific batch normalization,the domain-specific batch normalization,1
56,Adaptive Domain Interest Network for Multi-domain Recommendation,[singleton] the domain interest adaptation layer,the domain interest adaptation layer,1
56,Adaptive Domain Interest Network for Multi-domain Recommendation,[singleton] A self training strategy,A self training strategy,1
56,Adaptive Domain Interest Network for Multi-domain Recommendation,[singleton] 1.8% improvement on advertising revenue,1.8% improvement on advertising revenue,1
56,Adaptive Domain Interest Network for Multi-domain Recommendation,[self-reference],we; our; our,3
57,Semi-Supervised Domain Adaptation Using Target-Oriented Domain Augmentation for 3D Object Detection,3D object detection,3D object detection; 3D object detection; 3D object detection,3
57,Semi-Supervised Domain Adaptation Using Target-Oriented Domain Augmentation for 3D Object Detection,source domain,a source domain; the source domain; the source-domain,3
57,Semi-Supervised Domain Adaptation Using Target-Oriented Domain Augmentation for 3D Object Detection,target domain,a target domain; the target domain; target-domain; the target domain,4
57,Semi-Supervised Domain Adaptation Using Target-Oriented Domain Augmentation for 3D Object Detection,Target-Oriented Domain Augmentation (TODA),Target-Oriented Domain Augmentation; TODA; TODA; TODA,4
57,Semi-Supervised Domain Adaptation Using Target-Oriented Domain Augmentation for 3D Object Detection,TargetMix,TargetMix; TargetMix,2
57,Semi-Supervised Domain Adaptation Using Target-Oriented Domain Augmentation for 3D Object Detection,AdvMix,AdvMix; AdvMix,2
57,Semi-Supervised Domain Adaptation Using Target-Oriented Domain Augmentation for 3D Object Detection,mixing augmentation,mixing augmentation; mixing augmentation,2
57,Semi-Supervised Domain Adaptation Using Target-Oriented Domain Augmentation for 3D Object Detection,unlabeled data in the target domain,unlabeled data; the unlabeled data,2
57,Semi-Supervised Domain Adaptation Using Target-Oriented Domain Augmentation for 3D Object Detection,[singleton] autonomous driving,autonomous driving,1
57,Semi-Supervised Domain Adaptation Using Target-Oriented Domain Augmentation for 3D Object Detection,[singleton] robotics,robotics,1
57,Semi-Supervised Domain Adaptation Using Target-Oriented Domain Augmentation for 3D Object Detection,[singleton] sensor data distribution,sensor data distribution,1
57,Semi-Supervised Domain Adaptation Using Target-Oriented Domain Augmentation for 3D Object Detection,[singleton] Semi-Supervised Domain Adaptation,Semi-Supervised Domain Adaptation,1
57,Semi-Supervised Domain Adaptation Using Target-Oriented Domain Augmentation for 3D Object Detection,[singleton] This paper,This paper,1
57,Semi-Supervised Domain Adaptation Using Target-Oriented Domain Augmentation for 3D Object Detection,[singleton] a new SSDA method,a new SSDA method,1
57,Semi-Supervised Domain Adaptation Using Target-Oriented Domain Augmentation for 3D Object Detection,[singleton] LiDAR sensor characteristics,LiDAR sensor characteristics,1
57,Semi-Supervised Domain Adaptation Using Target-Oriented Domain Augmentation for 3D Object Detection,[singleton] feature alignment,feature alignment,1
57,Semi-Supervised Domain Adaptation Using Target-Oriented Domain Augmentation for 3D Object Detection,[singleton] point-wise adversarial augmentation,point-wise adversarial augmentation,1
57,Semi-Supervised Domain Adaptation Using Target-Oriented Domain Augmentation for 3D Object Detection,[singleton] the challenging domain adaptation tasks,the challenging domain adaptation tasks,1
57,Semi-Supervised Domain Adaptation Using Target-Oriented Domain Augmentation for 3D Object Detection,[singleton] existing domain adaptation techniques,existing domain adaptation techniques,1
57,Semi-Supervised Domain Adaptation Using Target-Oriented Domain Augmentation for 3D Object Detection,[self-reference],Our,1
58,Camera Adaptation for Fundus-Image-Based CVD Risk Estimation,Fundus Camera Paired dataset,a Fundus Camera Paired dataset; FCP data,2
58,Camera Adaptation for Fundus-Image-Based CVD Risk Estimation,domain discrepancy,the domain discrepancy issue; a significant domain discrepancy between different cameras,2
58,Camera Adaptation for Fundus-Image-Based CVD Risk Estimation,cross-laterality feature alignment pre-training scheme,a cross-laterality feature alignment pre-training scheme; The cross-laterality feature alignment training,2
58,Camera Adaptation for Fundus-Image-Based CVD Risk Estimation,self-attention camera adaptor module,a self-attention camera adaptor module; the device adaptation module,2
58,Camera Adaptation for Fundus-Image-Based CVD Risk Estimation,the model,the model robustness; the model to learn common knowledge,2
58,Camera Adaptation for Fundus-Image-Based CVD Risk Estimation,[singleton] cardiovascular disease risk,cardiovascular disease risk,1
58,Camera Adaptation for Fundus-Image-Based CVD Risk Estimation,[singleton] retinal fundus images,retinal fundus images,1
58,Camera Adaptation for Fundus-Image-Based CVD Risk Estimation,[singleton] deep learning,deep learning,1
58,Camera Adaptation for Fundus-Image-Based CVD Risk Estimation,[singleton] portable fundus cameras,portable fundus cameras,1
58,Camera Adaptation for Fundus-Image-Based CVD Risk Estimation,[singleton] CVD risk estimation,CVD risk estimation,1
58,Camera Adaptation for Fundus-Image-Based CVD Risk Estimation,[singleton] healthcare democratization,healthcare democratization,1
58,Camera Adaptation for Fundus-Image-Based CVD Risk Estimation,[singleton] Most high-quality retinography databases ready for research,Most high-quality retinography databases ready for research,1
58,Camera Adaptation for Fundus-Image-Based CVD Risk Estimation,[singleton] high-end fundus cameras,high-end fundus cameras,1
58,Camera Adaptation for Fundus-Image-Based CVD Risk Estimation,[singleton] the high-end Topcon retinal camera,the high-end Topcon retinal camera,1
58,Camera Adaptation for Fundus-Image-Based CVD Risk Estimation,[singleton] the low-end Mediwork portable fundus camera,the low-end Mediwork portable fundus camera,1
58,Camera Adaptation for Fundus-Image-Based CVD Risk Estimation,[singleton] model generalization,model generalization,1
58,Camera Adaptation for Fundus-Image-Based CVD Risk Estimation,[singleton] the target domain,the target domain,1
58,Camera Adaptation for Fundus-Image-Based CVD Risk Estimation,[singleton] the source domain,the source domain,1
58,Camera Adaptation for Fundus-Image-Based CVD Risk Estimation,[singleton] the UK Biobank database,the UK Biobank database,1
58,Camera Adaptation for Fundus-Image-Based CVD Risk Estimation,[singleton] the CVD risk regression accuracy,the CVD risk regression accuracy,1
58,Camera Adaptation for Fundus-Image-Based CVD Risk Estimation,[singleton] our proposed method,our proposed method,1
58,Camera Adaptation for Fundus-Image-Based CVD Risk Estimation,[self-reference],we; we; We; our; our,5
59,A Stronger Mixture of Low-Rank Experts for Fine-Tuning Foundation Models,LoRA (Low-Rank Adapters),Low-Rank Adapters; LoRA; LoRA; LoRA,4
59,A Stronger Mixture of Low-Rank Experts for Fine-Tuning Foundation Models,MoE-LoRA (mixture of LoRAs),the mixture of LoRAs (MoE-LoRA); its; MoE-LoRA; its,4
59,A Stronger Mixture of Low-Rank Experts for Fine-Tuning Foundation Models,[singleton] foundation models,foundation models,1
59,A Stronger Mixture of Low-Rank Experts for Fine-Tuning Foundation Models,[singleton] instruction tuning,instruction tuning,1
59,A Stronger Mixture of Low-Rank Experts for Fine-Tuning Foundation Models,[singleton] domain adaptation,domain adaptation,1
59,A Stronger Mixture of Low-Rank Experts for Fine-Tuning Foundation Models,[singleton] a full-rank matrix,a full-rank matrix,1
59,A Stronger Mixture of Low-Rank Experts for Fine-Tuning Foundation Models,[singleton] two lower-rank matrices,two lower-rank matrices,1
59,A Stronger Mixture of Low-Rank Experts for Fine-Tuning Foundation Models,[singleton] the Mixture-of-Expert,the Mixture-of-Expert,1
59,A Stronger Mixture of Low-Rank Experts for Fine-Tuning Foundation Models,[singleton] multiple LoRA adapters,multiple LoRA adapters,1
59,A Stronger Mixture of Low-Rank Experts for Fine-Tuning Foundation Models,[singleton] LoRA experts,LoRA experts,1
59,A Stronger Mixture of Low-Rank Experts for Fine-Tuning Foundation Models,[singleton] the Riemannian Preconditioners,the Riemannian Preconditioners,1
59,A Stronger Mixture of Low-Rank Experts for Fine-Tuning Foundation Models,[singleton] a sub-space projector,a sub-space projector,1
59,A Stronger Mixture of Low-Rank Experts for Fine-Tuning Foundation Models,[singleton] a new training strategy,a new training strategy,1
59,A Stronger Mixture of Low-Rank Experts for Fine-Tuning Foundation Models,[singleton] multi-space projections,multi-space projections,1
59,A Stronger Mixture of Low-Rank Experts for Fine-Tuning Foundation Models,[singleton] SGD and AdamW optimizers,SGD and AdamW optimizers,1
59,A Stronger Mixture of Low-Rank Experts for Fine-Tuning Foundation Models,[self-reference],we; our,2
60,Turning a CLIP Model into a Scene Text Detector,CLIP model,The recent large-scale Contrastive Language-Image Pretraining model; CLIP; the CLIP Model; the CLIP model,4
60,Turning a CLIP Model into a Scene Text Detector,TCM,"a new method, termed TCM; the proposed TCM; our framework; It",4
60,Turning a CLIP Model into a Scene Text Detector,[singleton] downstream tasks,downstream tasks,1
60,Turning a CLIP Model into a Scene Text Detector,[singleton] the pretrained vision and language knowledge,the pretrained vision and language knowledge,1
60,Turning a CLIP Model into a Scene Text Detector,[singleton] Scene text,Scene text,1
60,Turning a CLIP Model into a Scene Text Detector,[singleton] pretraining approaches based on vision language models,pretraining approaches based on vision language models,1
60,Turning a CLIP Model into a Scene Text Detector,[singleton] existing scene text detector,existing scene text detector,1
60,Turning a CLIP Model into a Scene Text Detector,[singleton] the few-shot training capability of existing methods,the few-shot training capability of existing methods,1
60,Turning a CLIP Model into a Scene Text Detector,[singleton] 10% of labeled data,10% of labeled data,1
60,Turning a CLIP Model into a Scene Text Detector,[singleton] the baseline method,the baseline method,1
60,Turning a CLIP Model into a Scene Text Detector,[singleton] the F-measure,the F-measure,1
60,Turning a CLIP Model into a Scene Text Detector,[singleton] 4 benchmarks,4 benchmarks,1
60,Turning a CLIP Model into a Scene Text Detector,[singleton] existing scene text detection methods,existing scene text detection methods,1
60,Turning a CLIP Model into a Scene Text Detector,[singleton] domain adaptation ability,domain adaptation ability,1
60,Turning a CLIP Model into a Scene Text Detector,[self-reference],We; we; we,3
61,Sliced Wasserstein Discrepancy in Disentangling Representation and Adaptation Networks for Unsupervised Domain Adaptation,DRANet-SWD,DRANet-SWD; The approach; the method; DRANet-SWD,4
61,Sliced Wasserstein Discrepancy in Disentangling Representation and Adaptation Networks for Unsupervised Domain Adaptation,sliced Wasserstein discrepancy (SWD),the sliced Wasserstein discrepancy; SWD; SWD; SWD,4
61,Sliced Wasserstein Discrepancy in Disentangling Representation and Adaptation Networks for Unsupervised Domain Adaptation,Gram matrix loss,the traditional Gram matrix loss; the Gram matrix loss,2
61,Sliced Wasserstein Discrepancy in Disentangling Representation and Adaptation Networks for Unsupervised Domain Adaptation,domain adaptation,unsupervised domain adaptation; domain adaptation,2
61,Sliced Wasserstein Discrepancy in Disentangling Representation and Adaptation Networks for Unsupervised Domain Adaptation,[singleton] content and style representations of images,content and style representations of images,1
61,Sliced Wasserstein Discrepancy in Disentangling Representation and Adaptation Networks for Unsupervised Domain Adaptation,[singleton] DRANet,DRANet,1
61,Sliced Wasserstein Discrepancy in Disentangling Representation and Adaptation Networks for Unsupervised Domain Adaptation,[singleton] a style loss,a style loss,1
61,Sliced Wasserstein Discrepancy in Disentangling Representation and Adaptation Networks for Unsupervised Domain Adaptation,[singleton] digit classification datasets,digit classification datasets,1
61,Sliced Wasserstein Discrepancy in Disentangling Representation and Adaptation Networks for Unsupervised Domain Adaptation,[singleton] driving scenario segmentation,driving scenario segmentation,1
61,Sliced Wasserstein Discrepancy in Disentangling Representation and Adaptation Networks for Unsupervised Domain Adaptation,[singleton] feature distributions,feature distributions,1
61,Sliced Wasserstein Discrepancy in Disentangling Representation and Adaptation Networks for Unsupervised Domain Adaptation,[singleton] style adaptation,style adaptation,1
61,Sliced Wasserstein Discrepancy in Disentangling Representation and Adaptation Networks for Unsupervised Domain Adaptation,[singleton] feature alignment,feature alignment,1
61,Sliced Wasserstein Discrepancy in Disentangling Representation and Adaptation Networks for Unsupervised Domain Adaptation,[singleton] domain adaptation tasks,domain adaptation tasks,1
61,Sliced Wasserstein Discrepancy in Disentangling Representation and Adaptation Networks for Unsupervised Domain Adaptation,[singleton] these benchmarks,these benchmarks,1
61,Sliced Wasserstein Discrepancy in Disentangling Representation and Adaptation Networks for Unsupervised Domain Adaptation,[singleton] code,code,1
61,Sliced Wasserstein Discrepancy in Disentangling Representation and Adaptation Networks for Unsupervised Domain Adaptation,[self-reference],Our,1
62,SURT 2.0: Advances in Transducer based Multi-talker Speech Recognition,SURT (original Streaming Unmixing and Recognition Transducer model),The Streaming Unmixing and Recognition Transducer model; SURT; it; it; it; it; the original SURT; its predecessor,8
62,SURT 2.0: Advances in Transducer based Multi-talker Speech Recognition,SURT's notable limitations,notable limitations; the above limitations,2
62,SURT 2.0: Advances in Transducer based Multi-talker Speech Recognition,the proposed modifications,several modifications; which; our modifications,3
62,SURT 2.0: Advances in Transducer based Multi-talker Speech Recognition,the transducer,the transducer; the transducer,2
62,SURT 2.0: Advances in Transducer based Multi-talker Speech Recognition,[singleton] multi-turn meetings,multi-turn meetings,1
62,SURT 2.0: Advances in Transducer based Multi-talker Speech Recognition,[singleton] synthetic mixtures,synthetic mixtures,1
62,SURT 2.0: Advances in Transducer based Multi-talker Speech Recognition,[singleton] the unmixing module,the unmixing module,1
62,SURT 2.0: Advances in Transducer based Multi-talker Speech Recognition,[singleton] a mask estimator,a mask estimator,1
62,SURT 2.0: Advances in Transducer based Multi-talker Speech Recognition,[singleton] dual-path modeling,dual-path modeling,1
62,SURT 2.0: Advances in Transducer based Multi-talker Speech Recognition,[singleton] a streaming zipformer encoder,a streaming zipformer encoder,1
62,SURT 2.0: Advances in Transducer based Multi-talker Speech Recognition,[singleton] a stateless decoder,a stateless decoder,1
62,SURT 2.0: Advances in Transducer based Multi-talker Speech Recognition,[singleton] mixture simulation,mixture simulation,1
62,SURT 2.0: Advances in Transducer based Multi-talker Speech Recognition,[singleton] force-aligned subsegments,force-aligned subsegments,1
62,SURT 2.0: Advances in Transducer based Multi-talker Speech Recognition,[singleton] single-speaker data,single-speaker data,1
62,SURT 2.0: Advances in Transducer based Multi-talker Speech Recognition,[singleton] auxiliary objectives,auxiliary objectives,1
62,SURT 2.0: Advances in Transducer based Multi-talker Speech Recognition,[singleton] masking loss,masking loss,1
62,SURT 2.0: Advances in Transducer based Multi-talker Speech Recognition,[singleton] encoder CTC loss,encoder CTC loss,1
62,SURT 2.0: Advances in Transducer based Multi-talker Speech Recognition,[singleton] domain adaptation for far-field recognition,domain adaptation for far-field recognition,1
62,SURT 2.0: Advances in Transducer based Multi-talker Speech Recognition,[singleton] SURT 2.0,SURT 2.0,1
62,SURT 2.0: Advances in Transducer based Multi-talker Speech Recognition,[singleton] academic resources,academic resources,1
62,SURT 2.0: Advances in Transducer based Multi-talker Speech Recognition,[singleton] 3 publicly available meeting benchmarks,3 publicly available meeting benchmarks,1
62,SURT 2.0: Advances in Transducer based Multi-talker Speech Recognition,[singleton] LibriCSS,LibriCSS,1
62,SURT 2.0: Advances in Transducer based Multi-talker Speech Recognition,[singleton] AMI,AMI,1
62,SURT 2.0: Advances in Transducer based Multi-talker Speech Recognition,[singleton] ICSI,ICSI,1
62,SURT 2.0: Advances in Transducer based Multi-talker Speech Recognition,[singleton] our best model,our best model,1
62,SURT 2.0: Advances in Transducer based Multi-talker Speech Recognition,[singleton] far-field unsegmented recordings,far-field unsegmented recordings,1
62,SURT 2.0: Advances in Transducer based Multi-talker Speech Recognition,[self-reference],we; we; We; our; We; our; our,7
63,Unlocking Constraints: Source-Free Occlusion-Aware Seamless Segmentation,Previous unsupervised domain adaptation methods,Previous unsupervised domain adaptation methods; they,2
63,Unlocking Constraints: Source-Free Occlusion-Aware Seamless Segmentation,source pinhole data,labeled pinhole data; source pinhole data; source data,3
63,Unlocking Constraints: Source-Free Occlusion-Aware Seamless Segmentation,Source-Free Occlusion-Aware Seamless Segmentation (SFOASS) task,a more practical task; Source-Free Occlusion-Aware Seamless Segmentation; the proposed SFOASS task,3
63,Unlocking Constraints: Source-Free Occlusion-Aware Seamless Segmentation,UNconstrained Learning Omni-Context Knowledge (UNLOCK),its first solution; UNconstrained Learning Omni-Context Knowledge; UNLOCK; this framework; our source-free method,5
63,Unlocking Constraints: Source-Free Occlusion-Aware Seamless Segmentation,[singleton] Panoramic image processing,Panoramic image processing,1
63,Unlocking Constraints: Source-Free Occlusion-Aware Seamless Segmentation,[singleton] omni-context perception,omni-context perception,1
63,Unlocking Constraints: Source-Free Occlusion-Aware Seamless Segmentation,[singleton] distortions,distortions,1
63,Unlocking Constraints: Source-Free Occlusion-Aware Seamless Segmentation,[singleton] perspective occlusions,perspective occlusions,1
63,Unlocking Constraints: Source-Free Occlusion-Aware Seamless Segmentation,[singleton] limited annotations,limited annotations,1
63,Unlocking Constraints: Source-Free Occlusion-Aware Seamless Segmentation,[singleton] unlabeled panoramic images,unlabeled panoramic images,1
63,Unlocking Constraints: Source-Free Occlusion-Aware Seamless Segmentation,[singleton] Omni Pseudo-Labeling Learning,Omni Pseudo-Labeling Learning,1
63,Unlocking Constraints: Source-Free Occlusion-Aware Seamless Segmentation,[singleton] Amodal-Driven Context Learning,Amodal-Driven Context Learning,1
63,Unlocking Constraints: Source-Free Occlusion-Aware Seamless Segmentation,[singleton] target labels,target labels,1
63,Unlocking Constraints: Source-Free Occlusion-Aware Seamless Segmentation,[singleton] real-to-real and synthetic-to-real adaptation settings,real-to-real and synthetic-to-real adaptation settings,1
63,Unlocking Constraints: Source-Free Occlusion-Aware Seamless Segmentation,[singleton] source-dependent methods,source-dependent methods,1
63,Unlocking Constraints: Source-Free Occlusion-Aware Seamless Segmentation,[singleton] mAAP,mAAP,1
63,Unlocking Constraints: Source-Free Occlusion-Aware Seamless Segmentation,[singleton] mAP,mAP,1
63,Unlocking Constraints: Source-Free Occlusion-Aware Seamless Segmentation,[singleton] mAPQ,mAPQ,1
63,Unlocking Constraints: Source-Free Occlusion-Aware Seamless Segmentation,[singleton] the source only method,the source only method,1
63,Unlocking Constraints: Source-Free Occlusion-Aware Seamless Segmentation,[self-reference],we; we; our; our,4
64,Multi-Representation Adaptation Network for Cross-domain Image Classification,Multi-Representation Adaptation Network (MRAN),Multi-Representation Adaptation Network; Our approach; the network; MRAN,4
64,Multi-Representation Adaptation Network for Cross-domain Image Classification,Inception Adaptation Module (IAM),Inception Adaptation Module; IAM,2
64,Multi-Representation Adaptation Network for Cross-domain Image Classification,[singleton] image classification,image classification,1
64,Multi-Representation Adaptation Network for Cross-domain Image Classification,[singleton] domain adaptation,domain adaptation,1
64,Multi-Representation Adaptation Network for Cross-domain Image Classification,[singleton] Multi-Representation Adaptation,Multi-Representation Adaptation,1
64,Multi-Representation Adaptation Network for Cross-domain Image Classification,[singleton] cross-domain image classification task,cross-domain image classification task,1
64,Multi-Representation Adaptation Network for Cross-domain Image Classification,[singleton] multi-representation alignment,multi-representation alignment,1
64,Multi-Representation Adaptation Network for Cross-domain Image Classification,[singleton] Maximum Mean Discrepancy,Maximum Mean Discrepancy,1
64,Multi-Representation Adaptation Network for Cross-domain Image Classification,[singleton] the adaptation loss,the adaptation loss,1
64,Multi-Representation Adaptation Network for Cross-domain Image Classification,[singleton] most feed-forward models,most feed-forward models,1
64,Multi-Representation Adaptation Network for Cross-domain Image Classification,[singleton] back-propagation,back-propagation,1
64,Multi-Representation Adaptation Network for Cross-domain Image Classification,[singleton] three benchmark image datasets,three benchmark image datasets,1
64,Multi-Representation Adaptation Network for Cross-domain Image Classification,[self-reference],we; we; we,3
65,Return of Frustratingly Easy Unsupervised Video Domain Adaptation,MetaTrans,"a frustratingly easy UVDA method, called MetaTrans; MetaTrans adopts; MetaTrans embodies; MetaTrans effectively removes",4
65,Return of Frustratingly Easy Unsupervised Video Domain Adaptation,the learning objective,a concise learning objective that contains only two fundamental loss terms; the learning objective,2
65,Return of Frustratingly Easy Unsupervised Video Domain Adaptation,spatial and temporal divergence,the spatial and temporal divergence of cross-domain videos; spatial and temporal divergence,2
65,Return of Frustratingly Easy Unsupervised Video Domain Adaptation,[singleton] Unsupervised video domain adaptation,Unsupervised video domain adaptation,1
65,Return of Frustratingly Easy Unsupervised Video Domain Adaptation,[singleton] a subtle model architecture design,a subtle model architecture design,1
65,Return of Frustratingly Easy Unsupervised Video Domain Adaptation,[singleton] a temporal-static subtraction module,a temporal-static subtraction module,1
65,Return of Frustratingly Easy Unsupervised Video Domain Adaptation,[singleton] various cross-domain action recognition tasks,various cross-domain action recognition tasks,1
65,Return of Frustratingly Easy Unsupervised Video Domain Adaptation,[singleton] state-of-the-art UVDA baselines,state-of-the-art UVDA baselines,1
65,Return of Frustratingly Easy Unsupervised Video Domain Adaptation,[self-reference],we,1
66,Overcoming Negative Transfer by Online Selection: Distant Domain Adaptation for Fault Diagnosis,UDA methods,most UDA methods; conventional UDA methods,2
66,Overcoming Negative Transfer by Online Selection: Distant Domain Adaptation for Fault Diagnosis,distant domain adaptation problem,distant domain adaptation problem; This problem; this challenge,3
66,Overcoming Negative Transfer by Online Selection: Distant Domain Adaptation for Fault Diagnosis,source domain,a labeled source domain; the source domain,2
66,Overcoming Negative Transfer by Online Selection: Distant Domain Adaptation for Fault Diagnosis,target domain,a significantly disparate unlabeled target domain; the target domain,2
66,Overcoming Negative Transfer by Online Selection: Distant Domain Adaptation for Fault Diagnosis,negative transfer,negative transfer; this negative transfer,2
66,Overcoming Negative Transfer by Online Selection: Distant Domain Adaptation for Fault Diagnosis,Online Selective Adversarial Alignment (OSAA),a novel Online Selective Adversarial Alignment approach; OSAA; its; the OSAA method; its,5
66,Overcoming Negative Transfer by Online Selection: Distant Domain Adaptation for Fault Diagnosis,the source and target domains,the source and target domains; the source and target domains; the domains,3
66,Overcoming Negative Transfer by Online Selection: Distant Domain Adaptation for Fault Diagnosis,intermediate domain,an intermediate domain; a transitional domain,2
66,Overcoming Negative Transfer by Online Selection: Distant Domain Adaptation for Fault Diagnosis,label distribution disparities,the label distribution disparities; potential label distribution disparities,2
66,Overcoming Negative Transfer by Online Selection: Distant Domain Adaptation for Fault Diagnosis,[singleton] Unsupervised domain adaptation,Unsupervised domain adaptation,1
66,Overcoming Negative Transfer by Online Selection: Distant Domain Adaptation for Fault Diagnosis,[singleton] fault diagnosis,fault diagnosis,1
66,Overcoming Negative Transfer by Online Selection: Distant Domain Adaptation for Fault Diagnosis,[singleton] diverse industrial applications,diverse industrial applications,1
66,Overcoming Negative Transfer by Online Selection: Distant Domain Adaptation for Fault Diagnosis,[singleton] cross-working condition scenarios,cross-working condition scenarios,1
66,Overcoming Negative Transfer by Online Selection: Distant Domain Adaptation for Fault Diagnosis,[singleton] distant source samples,distant source samples,1
66,Overcoming Negative Transfer by Online Selection: Distant Domain Adaptation for Fault Diagnosis,[singleton] an online gradient masking approach,an online gradient masking approach,1
66,Overcoming Negative Transfer by Online Selection: Distant Domain Adaptation for Fault Diagnosis,[singleton] the target samples,the target samples,1
66,Overcoming Negative Transfer by Online Selection: Distant Domain Adaptation for Fault Diagnosis,[singleton] a class-conditional adversarial adaptation,a class-conditional adversarial adaptation,1
66,Overcoming Negative Transfer by Online Selection: Distant Domain Adaptation for Fault Diagnosis,[singleton] domain invariant representation,domain invariant representation,1
66,Overcoming Negative Transfer by Online Selection: Distant Domain Adaptation for Fault Diagnosis,[singleton] ablation studies,ablation studies,1
66,Overcoming Negative Transfer by Online Selection: Distant Domain Adaptation for Fault Diagnosis,[singleton] two real-world datasets,two real-world datasets,1
66,Overcoming Negative Transfer by Online Selection: Distant Domain Adaptation for Fault Diagnosis,[singleton] state-of-the-art methods,state-of-the-art methods,1
66,Overcoming Negative Transfer by Online Selection: Distant Domain Adaptation for Fault Diagnosis,[self-reference],We; we; we; we; we,5
67,Siamese x-vector reconstruction for domain adapted speaker recognition,the x-vector,The x-vector; an embedding approach based on a deep neural network,2
67,Siamese x-vector reconstruction for domain adapted speaker recognition,Siamese x-vector Reconstruction,the Siamese x-vector Reconstruction; our method,2
67,Siamese x-vector reconstruction for domain adapted speaker recognition,[singleton] voice-activated applications,voice-activated applications,1
67,Siamese x-vector reconstruction for domain adapted speaker recognition,[singleton] speaker recognition,speaker recognition,1
67,Siamese x-vector reconstruction for domain adapted speaker recognition,[singleton] proper end-to-end training,proper end-to-end training,1
67,Siamese x-vector reconstruction for domain adapted speaker recognition,[singleton] the x-vector training data,the x-vector training data,1
67,Siamese x-vector reconstruction for domain adapted speaker recognition,[singleton] the target data,the target data,1
67,Siamese x-vector reconstruction for domain adapted speaker recognition,[singleton] enrollment and test data,enrollment and test data,1
67,Siamese x-vector reconstruction for domain adapted speaker recognition,[singleton] the embedding of a higher quality signal,the embedding of a higher quality signal,1
67,Siamese x-vector reconstruction for domain adapted speaker recognition,[singleton] a lower quality counterpart,a lower quality counterpart,1
67,Siamese x-vector reconstruction for domain adapted speaker recognition,[singleton] a lean auxiliary Siamese DNN,a lean auxiliary Siamese DNN,1
67,Siamese x-vector reconstruction for domain adapted speaker recognition,[singleton] several mismatch scenarios,several mismatch scenarios,1
67,Siamese x-vector reconstruction for domain adapted speaker recognition,[singleton] the baseline,the baseline,1
67,Siamese x-vector reconstruction for domain adapted speaker recognition,[self-reference],We; We; our; We,4
68,ReCLIP: Refine Contrastive Language Image Pre-Training with Source Free Domain Adaptation,CLIP,CLIP; CLIP; CLIP,3
68,ReCLIP: Refine Contrastive Language Image Pre-Training with Source Free Domain Adaptation,ReCLIP,ReCLIP; the first source-free domain adaptation method for vision-language models; which; ReCLIP; ReCLIP,5
68,ReCLIP: Refine Contrastive Language Image Pre-Training with Source Free Domain Adaptation,pseudo labels,pseudo labels; the pseudo labels,2
68,ReCLIP: Refine Contrastive Language Image Pre-Training with Source Free Domain Adaptation,[singleton] Large-scale Pre-Training Vision-Language Model,Large-scale Pre-Training Vision-Language Model,1
68,ReCLIP: Refine Contrastive Language Image Pre-Training with Source Free Domain Adaptation,[singleton] zero-shot classification,zero-shot classification,1
68,ReCLIP: Refine Contrastive Language Image Pre-Training with Source Free Domain Adaptation,[singleton] 76.3% top-1 accuracy,76.3% top-1 accuracy,1
68,ReCLIP: Refine Contrastive Language Image Pre-Training with Source Free Domain Adaptation,[singleton] ImageNet,ImageNet,1
68,ReCLIP: Refine Contrastive Language Image Pre-Training with Source Free Domain Adaptation,[singleton] a downstream target domain,a downstream target domain,1
68,ReCLIP: Refine Contrastive Language Image Pre-Training with Source Free Domain Adaptation,[singleton] the model performance,the model performance,1
68,ReCLIP: Refine Contrastive Language Image Pre-Training with Source Free Domain Adaptation,[singleton] a projection space,a projection space,1
68,ReCLIP: Refine Contrastive Language Image Pre-Training with Source Free Domain Adaptation,[singleton] the misaligned visual-text embeddings,the misaligned visual-text embeddings,1
68,ReCLIP: Refine Contrastive Language Image Pre-Training with Source Free Domain Adaptation,[singleton] cross-modality self-training,cross-modality self-training,1
68,ReCLIP: Refine Contrastive Language Image Pre-Training with Source Free Domain Adaptation,[singleton] visual and text encoders,visual and text encoders,1
68,ReCLIP: Refine Contrastive Language Image Pre-Training with Source Free Domain Adaptation,[singleton] the average error rate,the average error rate,1
68,ReCLIP: Refine Contrastive Language Image Pre-Training with Source Free Domain Adaptation,[singleton] 22 image classification benchmarks,22 image classification benchmarks,1
68,ReCLIP: Refine Contrastive Language Image Pre-Training with Source Free Domain Adaptation,[self-reference],we; we,2
69,Learning to see across Domains and Modalities,Deep learning,Deep learning; it; it,3
69,Learning to see across Domains and Modalities,transfer learning,transfer learning; Transfer learning,2
69,Learning to see across Domains and Modalities,this thesis / this work,This thesis; this work,2
69,Learning to see across Domains and Modalities,unsupervised domain adaptation setting,unsupervised domain adaptation; this setting,2
69,Learning to see across Domains and Modalities,three methods for the unsupervised domain adaptation setting,three methods for this setting; these methods,2
69,Learning to see across Domains and Modalities,Robotic platforms,Robotic platforms; they,2
69,Learning to see across Domains and Modalities,[singleton] large quantities of data,large quantities of data,1
69,Learning to see across Domains and Modalities,[singleton] a successful model,a successful model,1
69,Learning to see across Domains and Modalities,[singleton] prior knowledge,prior knowledge,1
69,Learning to see across Domains and Modalities,[singleton] the task of visual object recognition,the task of visual object recognition,1
69,Learning to see across Domains and Modalities,[singleton] image classification,image classification,1
69,Learning to see across Domains and Modalities,[singleton] the learner,the learner,1
69,Learning to see across Domains and Modalities,[singleton] unlabeled data from the a target domain,unlabeled data from the a target domain,1
69,Learning to see across Domains and Modalities,[singleton] labeled data from a different domain,labeled data from a different domain,1
69,Learning to see across Domains and Modalities,[singleton] The second part,The second part,1
69,Learning to see across Domains and Modalities,[singleton] the real life issues of robotic perception,the real life issues of robotic perception,1
69,Learning to see across Domains and Modalities,[singleton] RGB-D recognition,RGB-D recognition,1
69,Learning to see across Domains and Modalities,[singleton] a Depth camera,a Depth camera,1
69,Learning to see across Domains and Modalities,[singleton] the depth modality,the depth modality,1
69,Learning to see across Domains and Modalities,[singleton] pretrained models,pretrained models,1
69,Learning to see across Domains and Modalities,[singleton] Two methods for dealing with this scenario,Two methods for dealing with this scenario,1
69,Learning to see across Domains and Modalities,[singleton] synthetic data,synthetic data,1
69,Learning to see across Domains and Modalities,[singleton] cross-modality transfer learning,cross-modality transfer learning,1
70,Adversarial and Random Transformations for Robust Domain Adaptation and Generalization,searching algorithms,searching algorithms such as reinforcement learning or evolution strategy; which,2
70,Adversarial and Random Transformations for Robust Domain Adaptation and Generalization,the proposed differentiable adversarial data augmentation method,a differentiable adversarial data augmentation method based on spatial transformer networks; The combined adversarial and random transformations based method; the proposed method,3
70,Adversarial and Random Transformations for Robust Domain Adaptation and Generalization,[singleton] Data augmentation,Data augmentation,1
70,Adversarial and Random Transformations for Robust Domain Adaptation and Generalization,[singleton] deep neural networks,deep neural networks,1
70,Adversarial and Random Transformations for Robust Domain Adaptation and Generalization,[singleton] worst-case transformations or adversarial augmentation strategies,worst-case transformations or adversarial augmentation strategies,1
70,Adversarial and Random Transformations for Robust Domain Adaptation and Generalization,[singleton] image transformations,image transformations,1
70,Adversarial and Random Transformations for Robust Domain Adaptation and Generalization,[singleton] consistency training with random data augmentation,consistency training with random data augmentation,1
70,Adversarial and Random Transformations for Robust Domain Adaptation and Generalization,[singleton] domain adaptation and generalization (DG),domain adaptation and generalization (DG),1
70,Adversarial and Random Transformations for Robust Domain Adaptation and Generalization,[singleton] adversarial examples,adversarial examples,1
70,Adversarial and Random Transformations for Robust Domain Adaptation and Generalization,[singleton] spatial transformer networks,spatial transformer networks,1
70,Adversarial and Random Transformations for Robust Domain Adaptation and Generalization,[singleton] multiple DA and DG benchmark datasets,multiple DA and DG benchmark datasets,1
70,Adversarial and Random Transformations for Robust Domain Adaptation and Generalization,[singleton] commonly used datasets,commonly used datasets,1
70,Adversarial and Random Transformations for Robust Domain Adaptation and Generalization,[self-reference],we; we,2
71,Discriminative Radial Domain Adaptation,Discriminative Radial Domain Adaptation,Discriminative Radial Domain Adaptation; It; It; our method,4
71,Discriminative Radial Domain Adaptation,the radial structure,a shared radial structure; a radial structure; such an inherently discriminative structure; a radial structure; the structure; the structure,6
71,Discriminative Radial Domain Adaptation,domain shift,domain shift; domain shift,2
71,Discriminative Radial Domain Adaptation,local anchor(s),a local anchor; the corresponding local anchors,2
71,Discriminative Radial Domain Adaptation,[singleton] Domain adaptation methods,Domain adaptation methods,1
71,Discriminative Radial Domain Adaptation,[singleton] domain-invariant features,domain-invariant features,1
71,Discriminative Radial Domain Adaptation,[singleton] distribution matching,distribution matching,1
71,Discriminative Radial Domain Adaptation,[singleton] adversarial domain adaptation,adversarial domain adaptation,1
71,Discriminative Radial Domain Adaptation,[singleton] feature discriminability,feature discriminability,1
71,Discriminative Radial Domain Adaptation,[singleton] source and target domains,source and target domains,1
71,Discriminative Radial Domain Adaptation,[singleton] the model,the model,1
71,Discriminative Radial Domain Adaptation,[singleton] a global anchor,a global anchor,1
71,Discriminative Radial Domain Adaptation,[singleton] structure matching,structure matching,1
71,Discriminative Radial Domain Adaptation,[singleton] isometric transformation,isometric transformation,1
71,Discriminative Radial Domain Adaptation,[singleton] local refinement,local refinement,1
71,Discriminative Radial Domain Adaptation,[singleton] optimal-transport assignment,optimal-transport assignment,1
71,Discriminative Radial Domain Adaptation,[singleton] multiple benchmarks,multiple benchmarks,1
71,Discriminative Radial Domain Adaptation,[singleton] state-of-the-art approaches,state-of-the-art approaches,1
71,Discriminative Radial Domain Adaptation,[singleton] the typical unsupervised domain adaptation,the typical unsupervised domain adaptation,1
71,Discriminative Radial Domain Adaptation,[singleton] multi-source domain adaptation,multi-source domain adaptation,1
71,Discriminative Radial Domain Adaptation,[singleton] domain-agnostic learning,domain-agnostic learning,1
71,Discriminative Radial Domain Adaptation,[singleton] domain generalization,domain generalization,1
71,Discriminative Radial Domain Adaptation,[self-reference],we; We; we; we,4
72,Anticipatory Understanding of Resilient Agriculture to Climate,the wheat breadbasket of northern India,the wheat breadbasket of northern India; which,2
72,Anticipatory Understanding of Resilient Agriculture to Climate,climate change,climate change; climate change,2
72,Anticipatory Understanding of Resilient Agriculture to Climate,the food distribution system,the food distribution system; the food distribution system in India,2
72,Anticipatory Understanding of Resilient Agriculture to Climate,system dynamics model of the food distribution system in India,a system dynamics model of the food distribution system in India; this model,2
72,Anticipatory Understanding of Resilient Agriculture to Climate,[singleton] a framework to better identify food security hotspots,a framework to better identify food security hotspots,1
72,Anticipatory Understanding of Resilient Agriculture to Climate,[singleton] remote sensing,remote sensing,1
72,Anticipatory Understanding of Resilient Agriculture to Climate,[singleton] deep learning,deep learning,1
72,Anticipatory Understanding of Resilient Agriculture to Climate,[singleton] crop yield modeling,crop yield modeling,1
72,Anticipatory Understanding of Resilient Agriculture to Climate,[singleton] geopolitical events,geopolitical events,1
72,Anticipatory Understanding of Resilient Agriculture to Climate,[singleton] deep learning domain adaptation methods,deep learning domain adaptation methods,1
72,Anticipatory Understanding of Resilient Agriculture to Climate,[singleton] wheat farm identification,wheat farm identification,1
72,Anticipatory Understanding of Resilient Agriculture to Climate,[singleton] curated remote sensing data from France,curated remote sensing data from France,1
72,Anticipatory Understanding of Resilient Agriculture to Climate,[singleton] the existing crop yield modeling tool WOFOST,the existing crop yield modeling tool WOFOST,1
72,Anticipatory Understanding of Resilient Agriculture to Climate,[singleton] a longitudinal penalized functional regression,a longitudinal penalized functional regression,1
72,Anticipatory Understanding of Resilient Agriculture to Climate,[singleton] the predicted crop yields,the predicted crop yields,1
72,Anticipatory Understanding of Resilient Agriculture to Climate,[singleton] food insecurity identification,food insecurity identification,1
72,Anticipatory Understanding of Resilient Agriculture to Climate,[self-reference],we; we; our; We; We; we,6
73,Knowledge-tuning Large Language Models with Structured Medical Knowledge Bases for Reliable Response Generation in Chinese,Large Language Models (LLMs),Large Language Models; LLMs; LLMs; the LLMs; LLMs; the LLMs; LLMs,7
73,Knowledge-tuning Large Language Models with Structured Medical Knowledge Bases for Reliable Response Generation in Chinese,knowledge-tuning,knowledge-tuning; which,2
73,Knowledge-tuning Large Language Models with Structured Medical Knowledge Bases for Reliable Response Generation in Chinese,medical knowledge bases,structured medical knowledge bases; medical knowledge bases,2
73,Knowledge-tuning Large Language Models with Structured Medical Knowledge Bases for Reliable Response Generation in Chinese,cMedKnowQA,cMedKnowQA; cMedKnowQA,2
73,Knowledge-tuning Large Language Models with Structured Medical Knowledge Bases for Reliable Response Generation in Chinese,[singleton] diverse natural language processing tasks in general domains,diverse natural language processing tasks in general domains,1
73,Knowledge-tuning Large Language Models with Structured Medical Knowledge Bases for Reliable Response Generation in Chinese,[singleton] the hallucination about medical facts,the hallucination about medical facts,1
73,Knowledge-tuning Large Language Models with Structured Medical Knowledge Bases for Reliable Response Generation in Chinese,[singleton] a Chinese medical knowledge question-answering dataset,a Chinese medical knowledge question-answering dataset,1
73,Knowledge-tuning Large Language Models with Structured Medical Knowledge Bases for Reliable Response Generation in Chinese,[singleton] Experimental results,Experimental results,1
73,Knowledge-tuning Large Language Models with Structured Medical Knowledge Bases for Reliable Response Generation in Chinese,[singleton] vanilla instruction-tuning,vanilla instruction-tuning,1
73,Knowledge-tuning Large Language Models with Structured Medical Knowledge Bases for Reliable Response Generation in Chinese,[self-reference],we; We,2
74,Temporal Convolution Domain Adaptation Learning for Crops Growth Prediction,the proposed network architecture,an innovative network architecture based on domain adaptation learning; This network architecture; a domain adaptation network architecture; which; the network; our proposed architecture; the proposed temporal convolution based network architecture,7
74,Temporal Convolution Domain Adaptation Learning for Crops Growth Prediction,existing deep neural nets for crops growth prediction,Existing Deep Neural Nets on crops growth prediction; these deep learning models,2
74,Temporal Convolution Domain Adaptation Learning for Crops Growth Prediction,[singleton] a large amount of data,a large amount of data,1
74,Temporal Convolution Domain Adaptation Learning for Crops Growth Prediction,[singleton] enough high-quality data,enough high-quality data,1
74,Temporal Convolution Domain Adaptation Learning for Crops Growth Prediction,[singleton] crops growth curves,crops growth curves,1
74,Temporal Convolution Domain Adaptation Learning for Crops Growth Prediction,[singleton] limited available crop data,limited available crop data,1
74,Temporal Convolution Domain Adaptation Learning for Crops Growth Prediction,[singleton] generated data from the developed crops simulation model,generated data from the developed crops simulation model,1
74,Temporal Convolution Domain Adaptation Learning for Crops Growth Prediction,[singleton] the temporal convolution filters,the temporal convolution filters,1
74,Temporal Convolution Domain Adaptation Learning for Crops Growth Prediction,[singleton] deep learning regression models,deep learning regression models,1
74,Temporal Convolution Domain Adaptation Learning for Crops Growth Prediction,[singleton] very limited training data of the target domain,very limited training data of the target domain,1
74,Temporal Convolution Domain Adaptation Learning for Crops Growth Prediction,[singleton] other state-of-the-art methods,other state-of-the-art methods,1
74,Temporal Convolution Domain Adaptation Learning for Crops Growth Prediction,[singleton] a recent LSTM based domain adaptation network architecture,a recent LSTM based domain adaptation network architecture,1
74,Temporal Convolution Domain Adaptation Learning for Crops Growth Prediction,[singleton] accuracy,accuracy,1
74,Temporal Convolution Domain Adaptation Learning for Crops Growth Prediction,[singleton] model size,model size,1
74,Temporal Convolution Domain Adaptation Learning for Crops Growth Prediction,[singleton] convergence rate,convergence rate,1
74,Temporal Convolution Domain Adaptation Learning for Crops Growth Prediction,[self-reference],we; We; We; our,4
75,Reinforcement Learning for Unsupervised Domain Adaptation in Spatio-Temporal Echocardiography Segmentation,RL4Seg3D,RL4Seg3D; RL4Seg3D; its; our approach; our framework; it,6
75,Reinforcement Learning for Unsupervised Domain Adaptation in Spatio-Temporal Echocardiography Segmentation,the target domain,the target domain; the target domain,2
75,Reinforcement Learning for Unsupervised Domain Adaptation in Spatio-Temporal Echocardiography Segmentation,robust uncertainty estimator,a robust uncertainty estimator; which,2
75,Reinforcement Learning for Unsupervised Domain Adaptation in Spatio-Temporal Echocardiography Segmentation,[singleton] Domain adaptation methods,Domain adaptation methods,1
75,Reinforcement Learning for Unsupervised Domain Adaptation in Spatio-Temporal Echocardiography Segmentation,[singleton] medical image segmentation,medical image segmentation,1
75,Reinforcement Learning for Unsupervised Domain Adaptation in Spatio-Temporal Echocardiography Segmentation,[singleton] spatio-temporal data,spatio-temporal data,1
75,Reinforcement Learning for Unsupervised Domain Adaptation in Spatio-Temporal Echocardiography Segmentation,[singleton] novel reward functions,novel reward functions,1
75,Reinforcement Learning for Unsupervised Domain Adaptation in Spatio-Temporal Echocardiography Segmentation,[singleton] a fusion scheme,a fusion scheme,1
75,Reinforcement Learning for Unsupervised Domain Adaptation in Spatio-Temporal Echocardiography Segmentation,[singleton] full-sized input videos,full-sized input videos,1
75,Reinforcement Learning for Unsupervised Domain Adaptation in Spatio-Temporal Echocardiography Segmentation,[singleton] reinforcement learning,reinforcement learning,1
75,Reinforcement Learning for Unsupervised Domain Adaptation in Spatio-Temporal Echocardiography Segmentation,"[singleton] over 30,000 echocardiographic videos","over 30,000 echocardiographic videos",1
75,Reinforcement Learning for Unsupervised Domain Adaptation in Spatio-Temporal Echocardiography Segmentation,[singleton] standard domain adaptation techniques,standard domain adaptation techniques,1
75,Reinforcement Learning for Unsupervised Domain Adaptation in Spatio-Temporal Echocardiography Segmentation,[self-reference],we; our; We; our,4
76,Universal Domain Adaptation in Ordinal Regression,the proposed method,a method that complements the OR classifier with an auxiliary task of order learning; our model; our method; it,4
76,Universal Domain Adaptation in Ordinal Regression,auxiliary task of order learning,an auxiliary task of order learning; which,2
76,Universal Domain Adaptation in Ordinal Regression,[singleton] universal domain adaptation in ordinal regression,universal domain adaptation in ordinal regression,1
76,Universal Domain Adaptation in Ordinal Regression,[singleton] classification problems in which labels are not independent,classification problems in which labels are not independent,1
76,Universal Domain Adaptation in Ordinal Regression,[singleton] the UDA techniques developed for classification and based on the clustering assumption,the UDA techniques developed for classification and based on the clustering assumption,1
76,Universal Domain Adaptation in Ordinal Regression,[singleton] OR settings,OR settings,1
76,Universal Domain Adaptation in Ordinal Regression,[singleton] the OR classifier,the OR classifier,1
76,Universal Domain Adaptation in Ordinal Regression,[singleton] common and private instances,common and private instances,1
76,Universal Domain Adaptation in Ordinal Regression,[singleton] class labels,class labels,1
76,Universal Domain Adaptation in Ordinal Regression,[singleton] the private target images,the private target images,1
76,Universal Domain Adaptation in Ordinal Regression,[singleton] ranking,ranking,1
76,Universal Domain Adaptation in Ordinal Regression,[singleton] adversarial domain discrimination,adversarial domain discrimination,1
76,Universal Domain Adaptation in Ordinal Regression,"[singleton] the closed set, partial and open set configurations","the closed set, partial and open set configurations",1
76,Universal Domain Adaptation in Ordinal Regression,[singleton] three face age estimation datasets,three face age estimation datasets,1
76,Universal Domain Adaptation in Ordinal Regression,[singleton] the baseline methods,the baseline methods,1
76,Universal Domain Adaptation in Ordinal Regression,[self-reference],We; We; We; our; our,5
77,Low-Resource Domain Adaptation for Speech LLMs via Text-Only Fine-Tuning,Speech LLMs,Speech LLMs; them; Speech LLMs,3
77,Low-Resource Domain Adaptation for Speech LLMs via Text-Only Fine-Tuning,text only fine-tuning strategy,a text only fine-tuning strategy; our method; It; text only fine-tuning,4
77,Low-Resource Domain Adaptation for Speech LLMs via Text-Only Fine-Tuning,[singleton] automatic speech recognition,automatic speech recognition,1
77,Low-Resource Domain Adaptation for Speech LLMs via Text-Only Fine-Tuning,[singleton] speech encoders,speech encoders,1
77,Low-Resource Domain Adaptation for Speech LLMs via Text-Only Fine-Tuning,[singleton] large language models,large language models,1
77,Low-Resource Domain Adaptation for Speech LLMs via Text-Only Fine-Tuning,[singleton] projection,projection,1
77,Low-Resource Domain Adaptation for Speech LLMs via Text-Only Fine-Tuning,[singleton] low-resource settings,low-resource settings,1
77,Low-Resource Domain Adaptation for Speech LLMs via Text-Only Fine-Tuning,[singleton] paired speech-text data,paired speech-text data,1
77,Low-Resource Domain Adaptation for Speech LLMs via Text-Only Fine-Tuning,[singleton] unpaired target-domain text,unpaired target-domain text,1
77,Low-Resource Domain Adaptation for Speech LLMs via Text-Only Fine-Tuning,[singleton] additional audio,additional audio,1
77,Low-Resource Domain Adaptation for Speech LLMs via Text-Only Fine-Tuning,[singleton] speech-text alignment,speech-text alignment,1
77,Low-Resource Domain Adaptation for Speech LLMs via Text-Only Fine-Tuning,[singleton] a real-time evaluation mechanism,a real-time evaluation mechanism,1
77,Low-Resource Domain Adaptation for Speech LLMs via Text-Only Fine-Tuning,[singleton] domain adaptation,domain adaptation,1
77,Low-Resource Domain Adaptation for Speech LLMs via Text-Only Fine-Tuning,[singleton] source-domain performance,source-domain performance,1
77,Low-Resource Domain Adaptation for Speech LLMs via Text-Only Fine-Tuning,[singleton] LibriSpeech,LibriSpeech,1
77,Low-Resource Domain Adaptation for Speech LLMs via Text-Only Fine-Tuning,[singleton] SlideSpeech,SlideSpeech,1
77,Low-Resource Domain Adaptation for Speech LLMs via Text-Only Fine-Tuning,[singleton] Medical datasets,Medical datasets,1
77,Low-Resource Domain Adaptation for Speech LLMs via Text-Only Fine-Tuning,[singleton] full audio-text fine-tuning,full audio-text fine-tuning,1
77,Low-Resource Domain Adaptation for Speech LLMs via Text-Only Fine-Tuning,[singleton] catastrophic forgetting,catastrophic forgetting,1
77,Low-Resource Domain Adaptation for Speech LLMs via Text-Only Fine-Tuning,[singleton] low-resource domain adaptation of ASR,low-resource domain adaptation of ASR,1
77,Low-Resource Domain Adaptation for Speech LLMs via Text-Only Fine-Tuning,[self-reference],We; we; our,3
78,DRANet: Disentangling Representation and Adaptation Networks for Unsupervised Cross-Domain Adaptation,DRANet,DRANet; a network architecture that disentangles image representations and transfers the visual attributes in a latent space for unsupervised cross-domain adaptation; DRANet; Our model; it; This learning framework; our model; The proposed method,8
78,DRANet: Disentangling Representation and Adaptation Networks for Unsupervised Cross-Domain Adaptation,[singleton] the existing domain adaptation methods that learn associated features sharing a domain,the existing domain adaptation methods that learn associated features sharing a domain,1
78,DRANet: Disentangling Representation and Adaptation Networks for Unsupervised Cross-Domain Adaptation,[singleton] the transferred style factor,the transferred style factor,1
78,DRANet: Disentangling Representation and Adaptation Networks for Unsupervised Cross-Domain Adaptation,[singleton] the content factor,the content factor,1
78,DRANet: Disentangling Representation and Adaptation Networks for Unsupervised Cross-Domain Adaptation,[singleton] learnable weights,learnable weights,1
78,DRANet: Disentangling Representation and Adaptation Networks for Unsupervised Cross-Domain Adaptation,[singleton] a single encoder-decoder network,a single encoder-decoder network,1
78,DRANet: Disentangling Representation and Adaptation Networks for Unsupervised Cross-Domain Adaptation,[singleton] a content-adaptive domain transfer module,a content-adaptive domain transfer module,1
78,DRANet: Disentangling Representation and Adaptation Networks for Unsupervised Cross-Domain Adaptation,[singleton] content-style factors,content-style factors,1
78,DRANet: Disentangling Representation and Adaptation Networks for Unsupervised Cross-Domain Adaptation,[singleton] visually pleasing domain-transferred images,visually pleasing domain-transferred images,1
78,DRANet: Disentangling Representation and Adaptation Networks for Unsupervised Cross-Domain Adaptation,[singleton] standard digit classification tasks,standard digit classification tasks,1
78,DRANet: Disentangling Representation and Adaptation Networks for Unsupervised Cross-Domain Adaptation,[singleton] semantic segmentation tasks,semantic segmentation tasks,1
78,DRANet: Disentangling Representation and Adaptation Networks for Unsupervised Cross-Domain Adaptation,[singleton] source and target images,source and target images,1
78,DRANet: Disentangling Representation and Adaptation Networks for Unsupervised Cross-Domain Adaptation,[self-reference],we; we,2
79,Gaze-Assisted Human-Centric Domain Adaptation for Cardiac Ultrasound Image Segmentation,gaze-assisted human-centric domain adaptation (GAHCDA),gaze-assisted human-centric domain adaptation; GAHCDA; our proposed framework,3
79,Gaze-Assisted Human-Centric Domain Adaptation for Cardiac Ultrasound Image Segmentation,Gaze Augment Alignment (GAA),Gaze Augment Alignment; GAA,2
79,Gaze-Assisted Human-Centric Domain Adaptation for Cardiac Ultrasound Image Segmentation,Gaze Balance Loss (GBL),Gaze Balance Loss; GBL,2
79,Gaze-Assisted Human-Centric Domain Adaptation for Cardiac Ultrasound Image Segmentation,target domain,target domain; the target domain; the target domain,3
79,Gaze-Assisted Human-Centric Domain Adaptation for Cardiac Ultrasound Image Segmentation,cardiac ultrasound images,cardiac ultrasound images; cardiac ultrasound images; cardiac ultrasound images,3
79,Gaze-Assisted Human-Centric Domain Adaptation for Cardiac Ultrasound Image Segmentation,[singleton] cardiac ultrasound image segmentation,cardiac ultrasound image segmentation,1
79,Gaze-Assisted Human-Centric Domain Adaptation for Cardiac Ultrasound Image Segmentation,[singleton] previous domain adaptation methods,previous domain adaptation methods,1
79,Gaze-Assisted Human-Centric Domain Adaptation for Cardiac Ultrasound Image Segmentation,[singleton] the incomplete pseudo-label,the incomplete pseudo-label,1
79,Gaze-Assisted Human-Centric Domain Adaptation for Cardiac Ultrasound Image Segmentation,[singleton] low-quality target to source images,low-quality target to source images,1
79,Gaze-Assisted Human-Centric Domain Adaptation for Cardiac Ultrasound Image Segmentation,[singleton] Human-centric domain adaptation,Human-centric domain adaptation,1
79,Gaze-Assisted Human-Centric Domain Adaptation for Cardiac Ultrasound Image Segmentation,[singleton] Doctor gaze trajectories,Doctor gaze trajectories,1
79,Gaze-Assisted Human-Centric Domain Adaptation for Cardiac Ultrasound Image Segmentation,[singleton] gaze information,gaze information,1
79,Gaze-Assisted Human-Centric Domain Adaptation for Cardiac Ultrasound Image Segmentation,[singleton] human cognition general features,human cognition general features,1
79,Gaze-Assisted Human-Centric Domain Adaptation for Cardiac Ultrasound Image Segmentation,[singleton] gaze heatmap,gaze heatmap,1
79,Gaze-Assisted Human-Centric Domain Adaptation for Cardiac Ultrasound Image Segmentation,[singleton] GAN based methods,GAN based methods,1
79,Gaze-Assisted Human-Centric Domain Adaptation for Cardiac Ultrasound Image Segmentation,[singleton] other self-train based methods,other self-train based methods,1
79,Gaze-Assisted Human-Centric Domain Adaptation for Cardiac Ultrasound Image Segmentation,[self-reference],we; our,2
80,Adaptation Method for Misinformation Identification,ADOSE,ADOSE; an Active Domain Adaptation framework for multimodal fake news detection; ADOSE; our model,4
80,Adaptation Method for Misinformation Identification,multiple expert classifiers,multiple expert classifiers; These classifiers; multiple classifiers,3
80,Adaptation Method for Misinformation Identification,least-disagree uncertainty selector,a least-disagree uncertainty selector; The selector; It,3
80,Adaptation Method for Misinformation Identification,[singleton] Multimodal fake news detection,Multimodal fake news detection,1
80,Adaptation Method for Misinformation Identification,[singleton] online misinformation,online misinformation,1
80,Adaptation Method for Misinformation Identification,[singleton] annotated labels,annotated labels,1
80,Adaptation Method for Misinformation Identification,[singleton] two unimodal classifiers,two unimodal classifiers,1
80,Adaptation Method for Misinformation Identification,[singleton] one cross-modal classifier,one cross-modal classifier,1
80,Adaptation Method for Misinformation Identification,[singleton] a diversity calculator,a diversity calculator,1
80,Adaptation Method for Misinformation Identification,[singleton] the most informative samples,the most informative samples,1
80,Adaptation Method for Misinformation Identification,[singleton] diversity scores,diversity scores,1
80,Adaptation Method for Misinformation Identification,[singleton] multi-view features,multi-view features,1
80,Adaptation Method for Misinformation Identification,[singleton] target domain features,target domain features,1
80,Adaptation Method for Misinformation Identification,[singleton] existing ADA methods,existing ADA methods,1
80,Adaptation Method for Misinformation Identification,[self-reference],we; we; we; our,4
81,CRISP: Constrained Refinement via Iterative Squeezing Process for Robust Medical Image Segmentation under Domain Shift,distribution shift,Distribution shift in medical imaging; it; distribution shifts,3
81,CRISP: Constrained Refinement via Iterative Squeezing Process for Robust Medical Image Segmentation under Domain Shift,CRISP framework,"CRISP; a model-agnostic framework; a target-free, plug-in refinement framework; CRISP; CRISP",5
81,CRISP: Constrained Refinement via Iterative Squeezing Process for Robust Medical Image Segmentation under Domain Shift,Rank Stability of Positive Regions assumption,the Rank Stability of Positive Regions; a working assumption under distribution shift; it; this assumption,4
81,CRISP: Constrained Refinement via Iterative Squeezing Process for Robust Medical Image Segmentation under Domain Shift,robust spatial priors (dual priors),robust spatial priors; these dual priors,2
81,CRISP: Constrained Refinement via Iterative Squeezing Process for Robust Medical Image Segmentation under Domain Shift,high-precision core (HP),a high-precision core; HP,2
81,CRISP: Constrained Refinement via Iterative Squeezing Process for Robust Medical Image Segmentation under Domain Shift,high-recall support (HR),a high-recall support; HR,2
81,CRISP: Constrained Refinement via Iterative Squeezing Process for Robust Medical Image Segmentation under Domain Shift,[singleton] medical AI,medical AI,1
81,CRISP: Constrained Refinement via Iterative Squeezing Process for Robust Medical Image Segmentation under Domain Shift,[singleton] health inequities,health inequities,1
81,CRISP: Constrained Refinement via Iterative Squeezing Process for Robust Medical Image Segmentation under Domain Shift,[singleton] Existing methods for domain adaptation,Existing methods for domain adaptation,1
81,CRISP: Constrained Refinement via Iterative Squeezing Process for Robust Medical Image Segmentation under Domain Shift,[singleton] simulated shifts,simulated shifts,1
81,CRISP: Constrained Refinement via Iterative Squeezing Process for Robust Medical Image Segmentation under Domain Shift,[singleton] pseudo-supervision,pseudo-supervision,1
81,CRISP: Constrained Refinement via Iterative Squeezing Process for Robust Medical Image Segmentation under Domain Shift,[singleton] robust spatial hints,robust spatial hints,1
81,CRISP: Constrained Refinement via Iterative Squeezing Process for Robust Medical Image Segmentation under Domain Shift,[singleton] source only segmentation,source only segmentation,1
81,CRISP: Constrained Refinement via Iterative Squeezing Process for Robust Medical Image Segmentation under Domain Shift,[singleton] deployment-time adaptation,deployment-time adaptation,1
81,CRISP: Constrained Refinement via Iterative Squeezing Process for Robust Medical Image Segmentation under Domain Shift,[singleton] test-time parameter updates,test-time parameter updates,1
81,CRISP: Constrained Refinement via Iterative Squeezing Process for Robust Medical Image Segmentation under Domain Shift,[singleton] target-domain data,target-domain data,1
81,CRISP: Constrained Refinement via Iterative Squeezing Process for Robust Medical Image Segmentation under Domain Shift,[singleton] frozen weights,frozen weights,1
81,CRISP: Constrained Refinement via Iterative Squeezing Process for Robust Medical Image Segmentation under Domain Shift,[singleton] the stability of probability rankings,the stability of probability rankings,1
81,CRISP: Constrained Refinement via Iterative Squeezing Process for Robust Medical Image Segmentation under Domain Shift,[singleton] latent feature perturbation,latent feature perturbation,1
81,CRISP: Constrained Refinement via Iterative Squeezing Process for Robust Medical Image Segmentation under Domain Shift,[singleton] perturbation-invariant high-grade regions,perturbation-invariant high-grade regions,1
81,CRISP: Constrained Refinement via Iterative Squeezing Process for Robust Medical Image Segmentation under Domain Shift,[singleton] voxels that remain potentially foreground under at least one perturbation,voxels that remain potentially foreground under at least one perturbation,1
81,CRISP: Constrained Refinement via Iterative Squeezing Process for Robust Medical Image Segmentation under Domain Shift,[singleton] an iterative training framework,an iterative training framework,1
81,CRISP: Constrained Refinement via Iterative Squeezing Process for Robust Medical Image Segmentation under Domain Shift,[singleton] the final segmentation,the final segmentation,1
81,CRISP: Constrained Refinement via Iterative Squeezing Process for Robust Medical Image Segmentation under Domain Shift,[singleton] multi-center cardiac MRI,multi-center cardiac MRI,1
81,CRISP: Constrained Refinement via Iterative Squeezing Process for Robust Medical Image Segmentation under Domain Shift,[singleton] CT based lung vessel segmentation,CT based lung vessel segmentation,1
81,CRISP: Constrained Refinement via Iterative Squeezing Process for Robust Medical Image Segmentation under Domain Shift,[singleton] state-of-the-art methods,state-of-the-art methods,1
81,CRISP: Constrained Refinement via Iterative Squeezing Process for Robust Medical Image Segmentation under Domain Shift,[singleton] HD95 reductions,HD95 reductions,1
81,CRISP: Constrained Refinement via Iterative Squeezing Process for Robust Medical Image Segmentation under Domain Shift,[self-reference],we; we; We,3
82,Label Alignment Regularization for Distribution Shift,label alignment property (LAP),the label alignment property; the LAP,2
82,Label Alignment Regularization for Distribution Shift,the proposed regularization method,a regularization method for unsupervised domain adaptation; our solution; our method,3
82,Label Alignment Regularization for Distribution Shift,the target domain,the target domain; its; the target domain data,3
82,Label Alignment Regularization for Distribution Shift,conventional domain adaptation approaches,conventional domain adaptation approaches; traditional domain adaptation methods,2
82,Label Alignment Regularization for Distribution Shift,[singleton] supervised learning,supervised learning,1
82,Label Alignment Regularization for Distribution Shift,[singleton] the vector of all labels in the dataset,the vector of all labels in the dataset,1
82,Label Alignment Regularization for Distribution Shift,[singleton] the top few singular vectors of the data matrix,the top few singular vectors of the data matrix,1
82,Label Alignment Regularization for Distribution Shift,[singleton] regularizing representations,regularizing representations,1
82,Label Alignment Regularization for Distribution Shift,[singleton] the classifier,the classifier,1
82,Label Alignment Regularization for Distribution Shift,[singleton] the unsupervised target data,the unsupervised target data,1
82,Label Alignment Regularization for Distribution Shift,[singleton] both the source and target domains,both the source and target domains,1
82,Label Alignment Regularization for Distribution Shift,[singleton] Theoretical analysis,Theoretical analysis,1
82,Label Alignment Regularization for Distribution Shift,[singleton] the span of the top right singular vectors of the target domain data,the span of the top right singular vectors of the target domain data,1
82,Label Alignment Regularization for Distribution Shift,[singleton] the optimal solution,the optimal solution,1
82,Label Alignment Regularization for Distribution Shift,[singleton] the commonly used optimal joint risk assumption,the commonly used optimal joint risk assumption,1
82,Label Alignment Regularization for Distribution Shift,[singleton] classic domain adaptation theory,classic domain adaptation theory,1
82,Label Alignment Regularization for Distribution Shift,[singleton] high joint error,high joint error,1
82,Label Alignment Regularization for Distribution Shift,[singleton] domain adaptation baselines,domain adaptation baselines,1
82,Label Alignment Regularization for Distribution Shift,[singleton] MNIST-USPS domain adaptation,MNIST-USPS domain adaptation,1
82,Label Alignment Regularization for Distribution Shift,[singleton] cross-lingual sentiment analysis,cross-lingual sentiment analysis,1
82,Label Alignment Regularization for Distribution Shift,[self-reference],we; we; our; we; our; we,6
83,Face4FairShifts: A Large Image Benchmark for Fairness and Robust Learning across Visual Domains,Face4FairShifts benchmark,Face4FairShifts; a large-scale facial image benchmark designed to systematically evaluate fairness-aware learning and domain generalization; The dataset; Face4FairShifts,4
83,Face4FairShifts: A Large Image Benchmark for Fairness and Robust Learning across Visual Domains,[singleton] machine learning models,machine learning models,1
83,Face4FairShifts: A Large Image Benchmark for Fairness and Robust Learning across Visual Domains,[singleton] domain shifts,domain shifts,1
83,Face4FairShifts: A Large Image Benchmark for Fairness and Robust Learning across Visual Domains,"[singleton] 100,000 images","100,000 images",1
83,Face4FairShifts: A Large Image Benchmark for Fairness and Robust Learning across Visual Domains,[singleton] four visually distinct domains,four visually distinct domains,1
83,Face4FairShifts: A Large Image Benchmark for Fairness and Robust Learning across Visual Domains,[singleton] 39 annotations,39 annotations,1
83,Face4FairShifts: A Large Image Benchmark for Fairness and Robust Learning across Visual Domains,[singleton] 14 attributes,14 attributes,1
83,Face4FairShifts: A Large Image Benchmark for Fairness and Robust Learning across Visual Domains,[singleton] model performance,model performance,1
83,Face4FairShifts: A Large Image Benchmark for Fairness and Robust Learning across Visual Domains,[singleton] distribution shifts,distribution shifts,1
83,Face4FairShifts: A Large Image Benchmark for Fairness and Robust Learning across Visual Domains,[singleton] existing related datasets,existing related datasets,1
83,Face4FairShifts: A Large Image Benchmark for Fairness and Robust Learning across Visual Domains,[singleton] more effective fairness-aware domain adaptation techniques,more effective fairness-aware domain adaptation techniques,1
83,Face4FairShifts: A Large Image Benchmark for Fairness and Robust Learning across Visual Domains,[singleton] a comprehensive testbed,a comprehensive testbed,1
83,Face4FairShifts: A Large Image Benchmark for Fairness and Robust Learning across Visual Domains,[singleton] equitable and reliable AI systems,equitable and reliable AI systems,1
83,Face4FairShifts: A Large Image Benchmark for Fairness and Robust Learning across Visual Domains,[self-reference],We; we; Our,3
84,Revisiting the Threat Space for Vision based Keystroke Inference Attacks,vision based keystroke inference attack,A vision based keystroke inference attack; a side-channel attack; these attacks,3
84,Revisiting the Threat Space for Vision based Keystroke Inference Attacks,the attacker,an attacker; the attacker,2
84,Revisiting the Threat Space for Vision based Keystroke Inference Attacks,the threat space,The threat space for these attacks; this threat space,2
84,Revisiting the Threat Space for Vision based Keystroke Inference Attacks,deep neural networks,deep neural networks; these models require large amounts of training data,2
84,Revisiting the Threat Space for Vision based Keystroke Inference Attacks,the synthetic dataset,a large-scale synthetic dataset; synthetic data; our synthetic data; the synthetic data; our synthetic data,5
84,Revisiting the Threat Space for Vision based Keystroke Inference Attacks,our deep learning models,our deep learning models; these models are able to learn,2
84,Revisiting the Threat Space for Vision based Keystroke Inference Attacks,[singleton] an optical device,an optical device,1
84,Revisiting the Threat Space for Vision based Keystroke Inference Attacks,[singleton] users,users,1
84,Revisiting the Threat Space for Vision based Keystroke Inference Attacks,[singleton] their mobile devices,their mobile devices,1
84,Revisiting the Threat Space for Vision based Keystroke Inference Attacks,[singleton] Previous works,Previous works,1
84,Revisiting the Threat Space for Vision based Keystroke Inference Attacks,[singleton] adversaries with vision systems,adversaries with vision systems,1
84,Revisiting the Threat Space for Vision based Keystroke Inference Attacks,[singleton] transfer learning techniques,transfer learning techniques,1
84,Revisiting the Threat Space for Vision based Keystroke Inference Attacks,"[singleton] small, real-life datasets","small, real-life datasets",1
84,Revisiting the Threat Space for Vision based Keystroke Inference Attacks,[singleton] single keypress classification,single keypress classification,1
84,Revisiting the Threat Space for Vision based Keystroke Inference Attacks,[singleton] a frame of a keypress,a frame of a keypress,1
84,Revisiting the Threat Space for Vision based Keystroke Inference Attacks,[singleton] a predicted key,a predicted key,1
84,Revisiting the Threat Space for Vision based Keystroke Inference Attacks,[singleton] an accuracy of 95.6%,an accuracy of 95.6%,1
84,Revisiting the Threat Space for Vision based Keystroke Inference Attacks,[singleton] a CNN,a CNN,1
84,Revisiting the Threat Space for Vision based Keystroke Inference Attacks,[singleton] a small set of real-life data,a small set of real-life data,1
84,Revisiting the Threat Space for Vision based Keystroke Inference Attacks,[singleton] an adversarial domain adaptation framework,an adversarial domain adaptation framework,1
84,Revisiting the Threat Space for Vision based Keystroke Inference Attacks,[self-reference],we; we; We; our; our; we; We; our,8
85,Sub-Aperture Feature Adaptation in Single Image Super-resolution Model for Light Field Imaging,Light Field cameras,commercial Light Field cameras; commercial microlens based LF cameras; light field cameras,3
85,Sub-Aperture Feature Adaptation in Single Image Super-resolution Model for Light Field Imaging,the spatial resolution,the spatial resolution; it,2
85,Sub-Aperture Feature Adaptation in Single Image Super-resolution Model for Light Field Imaging,pretrained Single Image Super Resolution (SISR) network,a pretrained Single Image Super Resolution network; the powerful SISR model; the SISR network,3
85,Sub-Aperture Feature Adaptation in Single Image Super-resolution Model for Light Field Imaging,the adaptation module,an adaptation module; The adaption module; It,3
85,Sub-Aperture Feature Adaptation in Single Image Super-resolution Model for Light Field Imaging,the proposed method,the proposed method; It,2
85,Sub-Aperture Feature Adaptation in Single Image Super-resolution Model for Light Field Imaging,[singleton] computational photography,computational photography,1
85,Sub-Aperture Feature Adaptation in Single Image Super-resolution Model for Light Field Imaging,[singleton] the inherent multiplexing of spatial and angular information,the inherent multiplexing of spatial and angular information,1
85,Sub-Aperture Feature Adaptation in Single Image Super-resolution Model for Light Field Imaging,[singleton] highly engineered light field imaging domain specific Super Resolution models,highly engineered light field imaging domain specific Super Resolution models,1
85,Sub-Aperture Feature Adaptation in Single Image Super-resolution Model for Light Field Imaging,[singleton] a Sub aperture Shift block,a Sub aperture Shift block,1
85,Sub-Aperture Feature Adaptation in Single Image Super-resolution Model for Light Field Imaging,[singleton] a fusion block,a fusion block,1
85,Sub-Aperture Feature Adaptation in Single Image Super-resolution Model for Light Field Imaging,[singleton] the spatial and angular information in LF images,the spatial and angular information in LF images,1
85,Sub-Aperture Feature Adaptation in Single Image Super-resolution Model for Light Field Imaging,[singleton] the super resolution performance,the super resolution performance,1
85,Sub-Aperture Feature Adaptation in Single Image Super-resolution Model for Light Field Imaging,[singleton] Experimental validation,Experimental validation,1
85,Sub-Aperture Feature Adaptation in Single Image Super-resolution Model for Light Field Imaging,[singleton] existing light field super resolution algorithms,existing light field super resolution algorithms,1
85,Sub-Aperture Feature Adaptation in Single Image Super-resolution Model for Light Field Imaging,[singleton] the same pretrained SISR models,the same pretrained SISR models,1
85,Sub-Aperture Feature Adaptation in Single Image Super-resolution Model for Light Field Imaging,[singleton] scale factor 2,scale factor 2,1
85,Sub-Aperture Feature Adaptation in Single Image Super-resolution Model for Light Field Imaging,[singleton] scale factor 4,scale factor 4,1
86,MME-RAG: Multi-Manager-Expert Retrieval-Augmented Generation for Fine-Grained Entity Recognition in Task-Oriented Dialogues,MME-RAG,MME-RAG; a Multi-Manager-Expert Retrieval-Augmented Generation framework; MME-RAG; MME-RAG,4
86,MME-RAG: Multi-Manager-Expert Retrieval-Augmented Generation for Fine-Grained Entity Recognition in Task-Oriented Dialogues,the specialized experts,specialized experts; Each expert,2
86,MME-RAG: Multi-Manager-Expert Retrieval-Augmented Generation for Fine-Grained Entity Recognition in Task-Oriented Dialogues,[singleton] Fine-grained entity recognition,Fine-grained entity recognition,1
86,MME-RAG: Multi-Manager-Expert Retrieval-Augmented Generation for Fine-Grained Entity Recognition in Task-Oriented Dialogues,[singleton] current large language models,current large language models,1
86,MME-RAG: Multi-Manager-Expert Retrieval-Augmented Generation for Fine-Grained Entity Recognition in Task-Oriented Dialogues,[singleton] type-level judgment,type-level judgment,1
86,MME-RAG: Multi-Manager-Expert Retrieval-Augmented Generation for Fine-Grained Entity Recognition in Task-Oriented Dialogues,[singleton] lightweight managers,lightweight managers,1
86,MME-RAG: Multi-Manager-Expert Retrieval-Augmented Generation for Fine-Grained Entity Recognition in Task-Oriented Dialogues,[singleton] span-level extraction,span-level extraction,1
86,MME-RAG: Multi-Manager-Expert Retrieval-Augmented Generation for Fine-Grained Entity Recognition in Task-Oriented Dialogues,[singleton] a KeyInfo retriever,a KeyInfo retriever,1
86,MME-RAG: Multi-Manager-Expert Retrieval-Augmented Generation for Fine-Grained Entity Recognition in Task-Oriented Dialogues,"[singleton] semantically aligned, few-shot exemplars","semantically aligned, few-shot exemplars",1
86,MME-RAG: Multi-Manager-Expert Retrieval-Augmented Generation for Fine-Grained Entity Recognition in Task-Oriented Dialogues,[singleton] CrossNER,CrossNER,1
86,MME-RAG: Multi-Manager-Expert Retrieval-Augmented Generation for Fine-Grained Entity Recognition in Task-Oriented Dialogues,[singleton] MIT-Movie,MIT-Movie,1
86,MME-RAG: Multi-Manager-Expert Retrieval-Augmented Generation for Fine-Grained Entity Recognition in Task-Oriented Dialogues,[singleton] MIT-Restaurant,MIT-Restaurant,1
86,MME-RAG: Multi-Manager-Expert Retrieval-Augmented Generation for Fine-Grained Entity Recognition in Task-Oriented Dialogues,[singleton] newly constructed multi-domain customer-service dataset,newly constructed multi-domain customer-service dataset,1
86,MME-RAG: Multi-Manager-Expert Retrieval-Augmented Generation for Fine-Grained Entity Recognition in Task-Oriented Dialogues,[singleton] recent baselines,recent baselines,1
86,MME-RAG: Multi-Manager-Expert Retrieval-Augmented Generation for Fine-Grained Entity Recognition in Task-Oriented Dialogues,[singleton] Ablation studies,Ablation studies,1
86,MME-RAG: Multi-Manager-Expert Retrieval-Augmented Generation for Fine-Grained Entity Recognition in Task-Oriented Dialogues,[singleton] the hierarchical decomposition,the hierarchical decomposition,1
86,MME-RAG: Multi-Manager-Expert Retrieval-Augmented Generation for Fine-Grained Entity Recognition in Task-Oriented Dialogues,[singleton] KeyInfo-guided retrieval,KeyInfo-guided retrieval,1
86,MME-RAG: Multi-Manager-Expert Retrieval-Augmented Generation for Fine-Grained Entity Recognition in Task-Oriented Dialogues,[self-reference],We; our,2
87,Unsupervised Domain Adaptation in the Absence of Source Data,current unsupervised domain adaptation methods,Current unsupervised domain adaptation methods; they,2
87,Unsupervised Domain Adaptation in the Absence of Source Data,source data,data from the source domain; source data,2
87,Unsupervised Domain Adaptation in the Absence of Source Data,the source domain,the source domain; the source domain,2
87,Unsupervised Domain Adaptation in the Absence of Source Data,the proposed unsupervised adaptation method,an unsupervised method; Our method; our method; it,4
87,Unsupervised Domain Adaptation in the Absence of Source Data,the source classifier,a source classifier; the source classifier,2
87,Unsupervised Domain Adaptation in the Absence of Source Data,[singleton] pre-trained models,pre-trained models,1
87,Unsupervised Domain Adaptation in the Absence of Source Data,[singleton] a target domain,a target domain,1
87,Unsupervised Domain Adaptation in the Absence of Source Data,[singleton] unlabeled target instances,unlabeled target instances,1
87,Unsupervised Domain Adaptation in the Absence of Source Data,[singleton] rotation,rotation,1
87,Unsupervised Domain Adaptation in the Absence of Source Data,[singleton] fine-tuning baselines,fine-tuning baselines,1
87,Unsupervised Domain Adaptation in the Absence of Source Data,[singleton] limited labeled data,limited labeled data,1
87,Unsupervised Domain Adaptation in the Absence of Source Data,[self-reference],We; Our; We; our,4
88,Improving Generalization Ability for 3D Object Detection by Learning Sparsity-invariant Features,3D object detection,3D object detection; this task; 3D object detection,3
88,Improving Generalization Ability for 3D Object Detection by Learning Sparsity-invariant Features,various technologies for 3D object detection,various technologies; them; they,3
88,Improving Generalization Ability for 3D Object Detection by Learning Sparsity-invariant Features,the proposed method,a method; our method; our approach,3
88,Improving Generalization Ability for 3D Object Detection by Learning Sparsity-invariant Features,a single source domain,a single source domain; a single source domain,2
88,Improving Generalization Ability for 3D Object Detection by Learning Sparsity-invariant Features,the detector,the current detector; the detector; the detector,3
88,Improving Generalization Ability for 3D Object Detection by Learning Sparsity-invariant Features,[singleton] autonomous driving,autonomous driving,1
88,Improving Generalization Ability for 3D Object Detection by Learning Sparsity-invariant Features,[singleton] unseen domains,unseen domains,1
88,Improving Generalization Ability for 3D Object Detection by Learning Sparsity-invariant Features,[singleton] target domains,target domains,1
88,Improving Generalization Ability for 3D Object Detection by Learning Sparsity-invariant Features,[singleton] sparsity-invariant features,sparsity-invariant features,1
88,Improving Generalization Ability for 3D Object Detection by Learning Sparsity-invariant Features,[singleton] the source data,the source data,1
88,Improving Generalization Ability for 3D Object Detection by Learning Sparsity-invariant Features,[singleton] a specific beam,a specific beam,1
88,Improving Generalization Ability for 3D Object Detection by Learning Sparsity-invariant Features,[singleton] confidence scores,confidence scores,1
88,Improving Generalization Ability for 3D Object Detection by Learning Sparsity-invariant Features,[singleton] the density,the density,1
88,Improving Generalization Ability for 3D Object Detection by Learning Sparsity-invariant Features,[singleton] the teacher-student framework,the teacher-student framework,1
88,Improving Generalization Ability for 3D Object Detection by Learning Sparsity-invariant Features,[singleton] the Bird s Eye View features,the Bird s Eye View features,1
88,Improving Generalization Ability for 3D Object Detection by Learning Sparsity-invariant Features,[singleton] different point clouds densities,different point clouds densities,1
88,Improving Generalization Ability for 3D Object Detection by Learning Sparsity-invariant Features,[singleton] feature content alignment,feature content alignment,1
88,Improving Generalization Ability for 3D Object Detection by Learning Sparsity-invariant Features,[singleton] graph based embedding relationship alignment,graph based embedding relationship alignment,1
88,Improving Generalization Ability for 3D Object Detection by Learning Sparsity-invariant Features,[singleton] Extensive experiments,Extensive experiments,1
88,Improving Generalization Ability for 3D Object Detection by Learning Sparsity-invariant Features,[singleton] other baselines,other baselines,1
88,Improving Generalization Ability for 3D Object Detection by Learning Sparsity-invariant Features,[singleton] certain domain adaptation methods,certain domain adaptation methods,1
88,Improving Generalization Ability for 3D Object Detection by Learning Sparsity-invariant Features,[singleton] the target domain data,the target domain data,1
88,Improving Generalization Ability for 3D Object Detection by Learning Sparsity-invariant Features,[self-reference],we; We; we; we; We; our; our,7
89,Unsupervised Domain Adaptation from Axial to Short-Axis Multi-Slice Cardiac MR Images by Incorporating Pretrained Task Networks,specific cardiovascular diseases affecting RV morphology,specific cardiovascular diseases that affect right ventricular morphology; these diseases,2
89,Unsupervised Domain Adaptation from Axial to Short-Axis Multi-Slice Cardiac MR Images by Incorporating Pretrained Task Networks,deep learning based methods,deep learning based methods; they,2
89,Unsupervised Domain Adaptation from Axial to Short-Axis Multi-Slice Cardiac MR Images by Incorporating Pretrained Task Networks,right ventricle (RV),RV; the right ventricle; RV,3
89,Unsupervised Domain Adaptation from Axial to Short-Axis Multi-Slice Cardiac MR Images by Incorporating Pretrained Task Networks,AX images,AX samples; the AX images,2
89,Unsupervised Domain Adaptation from Axial to Short-Axis Multi-Slice Cardiac MR Images by Incorporating Pretrained Task Networks,proposed unsupervised domain adaptation approach,a novel unsupervised domain adaptation approach; which,2
89,Unsupervised Domain Adaptation from Axial to Short-Axis Multi-Slice Cardiac MR Images by Incorporating Pretrained Task Networks,Dice score,A mean 3D Dice; Dice,2
89,Unsupervised Domain Adaptation from Axial to Short-Axis Multi-Slice Cardiac MR Images by Incorporating Pretrained Task Networks,[singleton] Anisotropic multi-slice Cardiac Magnetic Resonance Images,Anisotropic multi-slice Cardiac Magnetic Resonance Images,1
89,Unsupervised Domain Adaptation from Axial to Short-Axis Multi-Slice Cardiac MR Images by Incorporating Pretrained Task Networks,[singleton] patient-specific short-axis orientation,patient-specific short-axis orientation,1
89,Unsupervised Domain Adaptation from Axial to Short-Axis Multi-Slice Cardiac MR Images by Incorporating Pretrained Task Networks,[singleton] standard axial orientation,standard axial orientation,1
89,Unsupervised Domain Adaptation from Axial to Short-Axis Multi-Slice Cardiac MR Images by Incorporating Pretrained Task Networks,[singleton] RV volume measurement,RV volume measurement,1
89,Unsupervised Domain Adaptation from Axial to Short-Axis Multi-Slice Cardiac MR Images by Incorporating Pretrained Task Networks,[singleton] SAX CMR images,SAX CMR images,1
89,Unsupervised Domain Adaptation from Axial to Short-Axis Multi-Slice Cardiac MR Images by Incorporating Pretrained Task Networks,[singleton] a considerable domain shift,a considerable domain shift,1
89,Unsupervised Domain Adaptation from Axial to Short-Axis Multi-Slice Cardiac MR Images by Incorporating Pretrained Task Networks,[singleton] existing models,existing models,1
89,Unsupervised Domain Adaptation from Axial to Short-Axis Multi-Slice Cardiac MR Images by Incorporating Pretrained Task Networks,[singleton] task-related probabilities,task-related probabilities,1
89,Unsupervised Domain Adaptation from Axial to Short-Axis Multi-Slice Cardiac MR Images by Incorporating Pretrained Task Networks,[singleton] an attention mechanism,an attention mechanism,1
89,Unsupervised Domain Adaptation from Axial to Short-Axis Multi-Slice Cardiac MR Images by Incorporating Pretrained Task Networks,[singleton] cycle consistency,cycle consistency,1
89,Unsupervised Domain Adaptation from Axial to Short-Axis Multi-Slice Cardiac MR Images by Incorporating Pretrained Task Networks,[singleton] the learned patient-individual 3D rigid transformation,the learned patient-individual 3D rigid transformation,1
89,Unsupervised Domain Adaptation from Axial to Short-Axis Multi-Slice Cardiac MR Images by Incorporating Pretrained Task Networks,[singleton] SAX orientations,SAX orientations,1
89,Unsupervised Domain Adaptation from Axial to Short-Axis Multi-Slice Cardiac MR Images by Incorporating Pretrained Task Networks,[singleton] The network,The network,1
89,Unsupervised Domain Adaptation from Axial to Short-Axis Multi-Slice Cardiac MR Images by Incorporating Pretrained Task Networks,[singleton] 122 registered 3D AX-SAX CMR volume pairs,122 registered 3D AX-SAX CMR volume pairs,1
89,Unsupervised Domain Adaptation from Axial to Short-Axis Multi-Slice Cardiac MR Images by Incorporating Pretrained Task Networks,[singleton] a multi-centric patient cohort,a multi-centric patient cohort,1
89,Unsupervised Domain Adaptation from Axial to Short-Axis Multi-Slice Cardiac MR Images by Incorporating Pretrained Task Networks,[singleton] the left ventricle,the left ventricle,1
89,Unsupervised Domain Adaptation from Axial to Short-Axis Multi-Slice Cardiac MR Images by Incorporating Pretrained Task Networks,[singleton] the myocardium,the myocardium,1
89,Unsupervised Domain Adaptation from Axial to Short-Axis Multi-Slice Cardiac MR Images by Incorporating Pretrained Task Networks,[singleton] axial slices,axial slices,1
89,Unsupervised Domain Adaptation from Axial to Short-Axis Multi-Slice Cardiac MR Images by Incorporating Pretrained Task Networks,[singleton] our pre-trained task module,our pre-trained task module,1
89,Unsupervised Domain Adaptation from Axial to Short-Axis Multi-Slice Cardiac MR Images by Incorporating Pretrained Task Networks,[singleton] the target domain,the target domain,1
89,Unsupervised Domain Adaptation from Axial to Short-Axis Multi-Slice Cardiac MR Images by Incorporating Pretrained Task Networks,[singleton] the domain gap,the domain gap,1
89,Unsupervised Domain Adaptation from Axial to Short-Axis Multi-Slice Cardiac MR Images by Incorporating Pretrained Task Networks,[self-reference],we; We; our,3
90,Pseudo Label Refinery for Unsupervised Domain Adaptation on Cross-dataset 3D Object Detection,self-training techniques,Recent self-training techniques; These techniques,2
90,Pseudo Label Refinery for Unsupervised Domain Adaptation on Cross-dataset 3D Object Detection,pseudo labels,pseudo labels; pseudo labels; pseudo labels; pseudo labels,4
90,Pseudo Label Refinery for Unsupervised Domain Adaptation on Cross-dataset 3D Object Detection,the selection process,this selection process; the selection process,2
90,Pseudo Label Refinery for Unsupervised Domain Adaptation on Cross-dataset 3D Object Detection,unreliable 3D boxes,unreliable 3D boxes; in which; these boxes; these boxes,4
90,Pseudo Label Refinery for Unsupervised Domain Adaptation on Cross-dataset 3D Object Detection,the training process,the training process; the training process,2
90,Pseudo Label Refinery for Unsupervised Domain Adaptation on Cross-dataset 3D Object Detection,pseudo label refinery framework,a novel pseudo label refinery framework; our method,2
90,Pseudo Label Refinery for Unsupervised Domain Adaptation on Cross-dataset 3D Object Detection,complementary augmentation strategy,a complementary augmentation strategy; This strategy,2
90,Pseudo Label Refinery for Unsupervised Domain Adaptation on Cross-dataset 3D Object Detection,an unreliable box,an unreliable box; it,2
90,Pseudo Label Refinery for Unsupervised Domain Adaptation on Cross-dataset 3D Object Detection,[singleton] unsupervised domain adaptation for 3D object detection,unsupervised domain adaptation for 3D object detection,1
90,Pseudo Label Refinery for Unsupervised Domain Adaptation on Cross-dataset 3D Object Detection,[singleton] the target domain,the target domain,1
90,Pseudo Label Refinery for Unsupervised Domain Adaptation on Cross-dataset 3D Object Detection,[singleton] 3D points,3D points,1
90,Pseudo Label Refinery for Unsupervised Domain Adaptation on Cross-dataset 3D Object Detection,[singleton] Previous techniques,Previous techniques,1
90,Pseudo Label Refinery for Unsupervised Domain Adaptation on Cross-dataset 3D Object Detection,[singleton] this paper,this paper,1
90,Pseudo Label Refinery for Unsupervised Domain Adaptation on Cross-dataset 3D Object Detection,[singleton] pseudo boxes,pseudo boxes,1
90,Pseudo Label Refinery for Unsupervised Domain Adaptation on Cross-dataset 3D Object Detection,[singleton] a high-confidence box,a high-confidence box,1
90,Pseudo Label Refinery for Unsupervised Domain Adaptation on Cross-dataset 3D Object Detection,[singleton] high-beam datasets,high-beam datasets,1
90,Pseudo Label Refinery for Unsupervised Domain Adaptation on Cross-dataset 3D Object Detection,[singleton] low-beam datasets,low-beam datasets,1
90,Pseudo Label Refinery for Unsupervised Domain Adaptation on Cross-dataset 3D Object Detection,[singleton] additional proposals,additional proposals,1
90,Pseudo Label Refinery for Unsupervised Domain Adaptation on Cross-dataset 3D Object Detection,[singleton] RoI features,RoI features,1
90,Pseudo Label Refinery for Unsupervised Domain Adaptation on Cross-dataset 3D Object Detection,[singleton] the state-of-the-art methods,the state-of-the-art methods,1
90,Pseudo Label Refinery for Unsupervised Domain Adaptation on Cross-dataset 3D Object Detection,[singleton] six autonomous driving benchmarks,six autonomous driving benchmarks,1
90,Pseudo Label Refinery for Unsupervised Domain Adaptation on Cross-dataset 3D Object Detection,[self-reference],we; we; We; our,4
91,Simulation-to-Reality domain adaptation for offline 3D object annotation on pointclouds with correlation alignment,simulated data,simulated data; labeled simulated data from CARLA,2
91,Simulation-to-Reality domain adaptation for offline 3D object annotation on pointclouds with correlation alignment,real-world pointclouds from the target vehicle,real-world pointclouds collected by deployment vehicles; real world pointclouds from our target vehicle,2
91,Simulation-to-Reality domain adaptation for offline 3D object annotation on pointclouds with correlation alignment,[singleton] 3D bounding boxes,3D bounding boxes,1
91,Simulation-to-Reality domain adaptation for offline 3D object annotation on pointclouds with correlation alignment,[singleton] LiDAR pointclouds,LiDAR pointclouds,1
91,Simulation-to-Reality domain adaptation for offline 3D object annotation on pointclouds with correlation alignment,[singleton] an autonomous driving perception system,an autonomous driving perception system,1
91,Simulation-to-Reality domain adaptation for offline 3D object annotation on pointclouds with correlation alignment,[singleton] a method,a method,1
91,Simulation-to-Reality domain adaptation for offline 3D object annotation on pointclouds with correlation alignment,[singleton] a 3D object detector model,a 3D object detector model,1
91,Simulation-to-Reality domain adaptation for offline 3D object annotation on pointclouds with correlation alignment,[singleton] The supervised object detection loss,The supervised object detection loss,1
91,Simulation-to-Reality domain adaptation for offline 3D object annotation on pointclouds with correlation alignment,[singleton] a CORAL loss term,a CORAL loss term,1
91,Simulation-to-Reality domain adaptation for offline 3D object annotation on pointclouds with correlation alignment,[singleton] unlabeled real pointcloud feature representations,unlabeled real pointcloud feature representations,1
91,Simulation-to-Reality domain adaptation for offline 3D object annotation on pointclouds with correlation alignment,[singleton] an updated survey on domain adaptation methods for pointclouds,an updated survey on domain adaptation methods for pointclouds,1
91,Simulation-to-Reality domain adaptation for offline 3D object annotation on pointclouds with correlation alignment,[self-reference],we; our; We,3
92,Mitigating domain shift in AI based tuberculosis screening with unsupervised domain adaptation,Domain Invariant Feature Learning (DIFL),Domain Invariant Feature Learning; DIFL; DIFL; DIFL,4
92,Mitigating domain shift in AI based tuberculosis screening with unsupervised domain adaptation,ResNet-50 classifier,a ResNet-50 classifier; ResNet-50,2
92,Mitigating domain shift in AI based tuberculosis screening with unsupervised domain adaptation,public Tuberculosis screening datasets,the four most popular public datasets with geographically diverse sources of imagery; a number of public Tuberculosis screening datasets with imagery from geographically distributed regions; a variety of public datasets,3
92,Mitigating domain shift in AI based tuberculosis screening with unsupervised domain adaptation,[singleton] a deep learning Tuberculosis screening algorithm,a deep learning Tuberculosis screening algorithm,1
92,Mitigating domain shift in AI based tuberculosis screening with unsupervised domain adaptation,[singleton] state-of-the-art deep learning algorithms,state-of-the-art deep learning algorithms,1
92,Mitigating domain shift in AI based tuberculosis screening with unsupervised domain adaptation,[singleton] unseen data distributions,unseen data distributions,1
92,Mitigating domain shift in AI based tuberculosis screening with unsupervised domain adaptation,[singleton] domain shift,domain shift,1
92,Mitigating domain shift in AI based tuberculosis screening with unsupervised domain adaptation,[singleton] medical imaging,medical imaging,1
92,Mitigating domain shift in AI based tuberculosis screening with unsupervised domain adaptation,[singleton] unintended biases,unintended biases,1
92,Mitigating domain shift in AI based tuberculosis screening with unsupervised domain adaptation,[singleton] domain adaptation,domain adaptation,1
92,Mitigating domain shift in AI based tuberculosis screening with unsupervised domain adaptation,[singleton] accuracy,accuracy,1
92,Mitigating domain shift in AI based tuberculosis screening with unsupervised domain adaptation,[singleton] sensitivity,sensitivity,1
92,Mitigating domain shift in AI based tuberculosis screening with unsupervised domain adaptation,[singleton] specificity,specificity,1
92,Mitigating domain shift in AI based tuberculosis screening with unsupervised domain adaptation,[singleton] AUC,AUC,1
92,Mitigating domain shift in AI based tuberculosis screening with unsupervised domain adaptation,[singleton] the baseline,the baseline,1
92,Mitigating domain shift in AI based tuberculosis screening with unsupervised domain adaptation,[singleton] the source domain imagery,the source domain imagery,1
92,Mitigating domain shift in AI based tuberculosis screening with unsupervised domain adaptation,[self-reference],We; We; We; We,4
93,Exploiting Diverse Characteristics and Adversarial Ambivalence for Domain Adaptive Segmentation,the new target domain,the new target domain; the target domain,2
93,Exploiting Diverse Characteristics and Adversarial Ambivalence for Domain Adaptive Segmentation,attentive progressive adversarial training (APAT) mechanism,a special attentive progressive adversarial training mechanism; The APAT strategy,2
93,Exploiting Diverse Characteristics and Adversarial Ambivalence for Domain Adaptive Segmentation,the novel self-training policy,a novel self-training policy; The new self-training scheme,2
93,Exploiting Diverse Characteristics and Adversarial Ambivalence for Domain Adaptive Segmentation,DCAA condition-guided adaptation framework,a condition-guided adaptation framework; our method (DCAA); DCAA,3
93,Exploiting Diverse Characteristics and Adversarial Ambivalence for Domain Adaptive Segmentation,[singleton] semantic segmentation models,semantic segmentation models,1
93,Exploiting Diverse Characteristics and Adversarial Ambivalence for Domain Adaptive Segmentation,[singleton] existing methods,existing methods,1
93,Exploiting Diverse Characteristics and Adversarial Ambivalence for Domain Adaptive Segmentation,[singleton] real datasets,real datasets,1
93,Exploiting Diverse Characteristics and Adversarial Ambivalence for Domain Adaptive Segmentation,[singleton] heterogeneous sub-domains,heterogeneous sub-domains,1
93,Exploiting Diverse Characteristics and Adversarial Ambivalence for Domain Adaptive Segmentation,[singleton] the multiple modalities,the multiple modalities,1
93,Exploiting Diverse Characteristics and Adversarial Ambivalence for Domain Adaptive Segmentation,[singleton] adaptation models,adaptation models,1
93,Exploiting Diverse Characteristics and Adversarial Ambivalence for Domain Adaptive Segmentation,[singleton] condition-specific alignment,condition-specific alignment,1
93,Exploiting Diverse Characteristics and Adversarial Ambivalence for Domain Adaptive Segmentation,[singleton] attentive global feature matching,attentive global feature matching,1
93,Exploiting Diverse Characteristics and Adversarial Ambivalence for Domain Adaptive Segmentation,[singleton] the adversarial ambivalences of easy and hard adaptation regions,the adversarial ambivalences of easy and hard adaptation regions,1
93,Exploiting Diverse Characteristics and Adversarial Ambivalence for Domain Adaptive Segmentation,[singleton] the correlations among target sub-domains,the correlations among target sub-domains,1
93,Exploiting Diverse Characteristics and Adversarial Ambivalence for Domain Adaptive Segmentation,[singleton] various adaptation scenarios,various adaptation scenarios,1
93,Exploiting Diverse Characteristics and Adversarial Ambivalence for Domain Adaptive Segmentation,[singleton] the target images,the target images,1
93,Exploiting Diverse Characteristics and Adversarial Ambivalence for Domain Adaptive Segmentation,[singleton] weather conditions,weather conditions,1
93,Exploiting Diverse Characteristics and Adversarial Ambivalence for Domain Adaptive Segmentation,[singleton] baselines,baselines,1
93,Exploiting Diverse Characteristics and Adversarial Ambivalence for Domain Adaptive Segmentation,[singleton] the state-of-the-art approaches,the state-of-the-art approaches,1
93,Exploiting Diverse Characteristics and Adversarial Ambivalence for Domain Adaptive Segmentation,[singleton] the competitors,the competitors,1
93,Exploiting Diverse Characteristics and Adversarial Ambivalence for Domain Adaptive Segmentation,[self-reference],We; we; our,3
94,Domain Adaptation and Generalization on Functional Medical Images: A Systematic Survey,machine learning algorithms,Machine learning algorithms; machine learning algorithms; these models,3
94,Domain Adaptation and Generalization on Functional Medical Images: A Systematic Survey,the i.i.d assumption,the fundamental assumption that the training and test data are independent and identically distributed (i.i.d); the i.i.d assumption,2
94,Domain Adaptation and Generalization on Functional Medical Images: A Systematic Survey,DG and DA,DG and DA on functional brain signals; DG and DA on functional brain images,2
94,Domain Adaptation and Generalization on Functional Medical Images: A Systematic Survey,[singleton] natural language processing,natural language processing,1
94,Domain Adaptation and Generalization on Functional Medical Images: A Systematic Survey,[singleton] computer vision,computer vision,1
94,Domain Adaptation and Generalization on Functional Medical Images: A Systematic Survey,[singleton] signal processing,signal processing,1
94,Domain Adaptation and Generalization on Functional Medical Images: A Systematic Survey,[singleton] medical data processing,medical data processing,1
94,Domain Adaptation and Generalization on Functional Medical Images: A Systematic Survey,[singleton] a shift in the test and training data distributions,a shift in the test and training data distributions,1
94,Domain Adaptation and Generalization on Functional Medical Images: A Systematic Survey,[singleton] This gap,This gap,1
94,Domain Adaptation and Generalization on Functional Medical Images: A Systematic Survey,[singleton] medical images and signals,medical images and signals,1
94,Domain Adaptation and Generalization on Functional Medical Images: A Systematic Survey,[singleton] the analysis of medical records,the analysis of medical records,1
94,Domain Adaptation and Generalization on Functional Medical Images: A Systematic Survey,[singleton] the analysis of medical data,the analysis of medical data,1
94,Domain Adaptation and Generalization on Functional Medical Images: A Systematic Survey,[singleton] This paper,This paper,1
94,Domain Adaptation and Generalization on Functional Medical Images: A Systematic Survey,[singleton] the first systematic review,the first systematic review,1
94,Domain Adaptation and Generalization on Functional Medical Images: A Systematic Survey,[singleton] the gap of the absence of a comprehensive study in this era,the gap of the absence of a comprehensive study in this era,1
94,Domain Adaptation and Generalization on Functional Medical Images: A Systematic Survey,[singleton] the attention-worthy future tracks in this field,the attention-worthy future tracks in this field,1
94,Domain Adaptation and Generalization on Functional Medical Images: A Systematic Survey,[self-reference],We; We,2
95,In the light of feature distributions: moment matching for Neural Style Transfer,the fundamental concept underlying Neural Style Transfer,The fundamental concept underlying NeuralStyle Transfer; that concept,2
95,In the light of feature distributions: moment matching for Neural Style Transfer,a desired style,a desired style; its; the desired style,3
95,In the light of feature distributions: moment matching for Neural Style Transfer,the feature distributions,the feature distributions; the distributions,2
95,In the light of feature distributions: moment matching for Neural Style Transfer,Central Moment Discrepancy,the dual form of Central Moment Discrepancy; this metric,2
95,In the light of feature distributions: moment matching for Neural Style Transfer,[singleton] Style transfer,Style transfer,1
95,In the light of feature distributions: moment matching for Neural Style Transfer,[singleton] the content of a given image,the content of a given image,1
95,In the light of feature distributions: moment matching for Neural Style Transfer,[singleton] the graphical/artistic style of another image,the graphical/artistic style of another image,1
95,In the light of feature distributions: moment matching for Neural Style Transfer,[singleton] a distribution in the feature space of a Convolutional Neural Network,a distribution in the feature space of a Convolutional Neural Network,1
95,In the light of feature distributions: moment matching for Neural Style Transfer,[singleton] most current implementations,most current implementations,1
95,In the light of feature distributions: moment matching for Neural Style Transfer,[singleton] domain adaptation,domain adaptation,1
95,In the light of feature distributions: moment matching for Neural Style Transfer,[singleton] the target style,the target style,1
95,In the light of feature distributions: moment matching for Neural Style Transfer,[singleton] the feature distribution of the output image,the feature distribution of the output image,1
95,In the light of feature distributions: moment matching for Neural Style Transfer,[singleton] all higher-order centralized moments,all higher-order centralized moments,1
95,In the light of feature distributions: moment matching for Neural Style Transfer,[singleton] existing NST methods,existing NST methods,1
95,In the light of feature distributions: moment matching for Neural Style Transfer,[singleton] the first and second moments,the first and second moments,1
95,In the light of feature distributions: moment matching for Neural Style Transfer,[singleton] visually better style transfer,visually better style transfer,1
95,In the light of feature distributions: moment matching for Neural Style Transfer,[singleton] semantic image content,semantic image content,1
95,In the light of feature distributions: moment matching for Neural Style Transfer,[self-reference],We; We; we; Our,4
96,Hard Class Rectification for Domain Adaptation,Domain adaptation (DA),Domain adaptation; DA; DA; DA,4
96,Hard Class Rectification for Domain Adaptation,hard class,the classes with larger domain shift; These classes; hard class; which; hard class; the hard class,6
96,Hard Class Rectification for Domain Adaptation,Hard Class Rectification Pseudo-labeling,"a novel framework, called Hard Class Rectification Pseudo-labeling; The proposed method; the proposed method",3
96,Hard Class Rectification for Domain Adaptation,the target samples,the target samples; the target samples; the target samples; target samples; these samples,5
96,Hard Class Rectification for Domain Adaptation,[singleton] a label-rich and related domain,a label-rich and related domain,1
96,Hard Class Rectification for Domain Adaptation,[singleton] a label-scare domain,a label-scare domain,1
96,Hard Class Rectification for Domain Adaptation,[singleton] Pseudo-labeling,Pseudo-labeling,1
96,Hard Class Rectification for Domain Adaptation,[singleton] pseudo-labels,pseudo-labels,1
96,Hard Class Rectification for Domain Adaptation,"[singleton] a simple yet effective scheme, named Adaptive Prediction Calibration","a simple yet effective scheme, named Adaptive Prediction Calibration",1
96,Hard Class Rectification for Domain Adaptation,[singleton] Temporal-Ensembling,Temporal-Ensembling,1
96,Hard Class Rectification for Domain Adaptation,[singleton] Self-Ensembling,Self-Ensembling,1
96,Hard Class Rectification for Domain Adaptation,[singleton] unsupervised domain adaptation,unsupervised domain adaptation,1
96,Hard Class Rectification for Domain Adaptation,[singleton] semi-supervised domain adaptation,semi-supervised domain adaptation,1
96,Hard Class Rectification for Domain Adaptation,[singleton] The experimental results,The experimental results,1
96,Hard Class Rectification for Domain Adaptation,[singleton] ImageCLEF,ImageCLEF,1
96,Hard Class Rectification for Domain Adaptation,[singleton] Office-31,Office-31,1
96,Hard Class Rectification for Domain Adaptation,[singleton] Office-Home,Office-Home,1
96,Hard Class Rectification for Domain Adaptation,[self-reference],we; We; we; we; we,5
97,TOHAN: A One-step Approach towards Few-shot Hypothesis Adaptation,the target domain (TD),the target domain; the target domain; the TD,3
97,TOHAN: A One-step Approach towards Few-shot Hypothesis Adaptation,the source domain (SD),the source domain; SD; SD; SD; SD,5
97,TOHAN: A One-step Approach towards Few-shot Hypothesis Adaptation,private information,private information; the private information; the private information,3
97,TOHAN: A One-step Approach towards Few-shot Hypothesis Adaptation,target-domain classifier,a target-domain classifier; the classifier for the TD; a target-domain classifier,3
97,TOHAN: A One-step Approach towards Few-shot Hypothesis Adaptation,few-shot hypothesis adaptation (FHA),few-shot hypothesis adaptation; FHA; the FHA problem,3
97,TOHAN: A One-step Approach towards Few-shot Hypothesis Adaptation,target orientated hypothesis adaptation network (TOHAN),a target orientated hypothesis adaptation network; TOHAN; TOHAN,3
97,TOHAN: A One-step Approach towards Few-shot Hypothesis Adaptation,[singleton] few-shot domain adaptation,few-shot domain adaptation,1
97,TOHAN: A One-step Approach towards Few-shot Hypothesis Adaptation,[singleton] accessible labeled data,accessible labeled data,1
97,TOHAN: A One-step Approach towards Few-shot Hypothesis Adaptation,[singleton] few labeled data,few labeled data,1
97,TOHAN: A One-step Approach towards Few-shot Hypothesis Adaptation,[singleton] personal phones,personal phones,1
97,TOHAN: A One-step Approach towards Few-shot Hypothesis Adaptation,[singleton] few labeled target data,few labeled target data,1
97,TOHAN: A One-step Approach towards Few-shot Hypothesis Adaptation,[singleton] a well-trained SD classifier,a well-trained SD classifier,1
97,TOHAN: A One-step Approach towards Few-shot Hypothesis Adaptation,[singleton] highly-compatible unlabeled data,highly-compatible unlabeled data,1
97,TOHAN: A One-step Approach towards Few-shot Hypothesis Adaptation,[singleton] two deep networks,two deep networks,1
97,TOHAN: A One-step Approach towards Few-shot Hypothesis Adaptation,[singleton] an intermediate domain,an intermediate domain,1
97,TOHAN: A One-step Approach towards Few-shot Hypothesis Adaptation,[singleton] the intermediate-to-target distributional adaptation,the intermediate-to-target distributional adaptation,1
97,TOHAN: A One-step Approach towards Few-shot Hypothesis Adaptation,[singleton] the target-risk minimization,the target-risk minimization,1
97,TOHAN: A One-step Approach towards Few-shot Hypothesis Adaptation,[singleton] Experimental results,Experimental results,1
97,TOHAN: A One-step Approach towards Few-shot Hypothesis Adaptation,[singleton] competitive baselines,competitive baselines,1
97,TOHAN: A One-step Approach towards Few-shot Hypothesis Adaptation,[self-reference],we; we; we; we; we,5
98,Pixel-wise Crowd Understanding via Synthetic Data,crowd analysis,Crowd analysis via computer vision techniques; crowd analysis,2
98,Pixel-wise Crowd Understanding via Synthetic Data,pixel-wise crowd understanding,Pixel-wise crowd understanding; its; pixel-level understanding; the pixel-wise crowd understanding,4
98,Pixel-wise Crowd Understanding via Synthetic Data,labeled training data,a large amount of labeled training data; them,2
98,Pixel-wise Crowd Understanding via Synthetic Data,free data collector and labeler,a free data collector and labeler; it,2
98,Pixel-wise Crowd Understanding via Synthetic Data,GCC Dataset,"a large-scale, diverse synthetic crowd dataset; which; GCC Dataset",3
98,Pixel-wise Crowd Understanding via Synthetic Data,the synthetic data,the synthetic data; the synthetic data; the synthetic data,3
98,Pixel-wise Crowd Understanding via Synthetic Data,crowd analysis model (supervised),a crowd analysis model; it; the model,3
98,Pixel-wise Crowd Understanding via Synthetic Data,the model (domain adaptation),the model; the trained model,2
98,Pixel-wise Crowd Understanding via Synthetic Data,[singleton] the field of video surveillance,the field of video surveillance,1
98,Pixel-wise Crowd Understanding via Synthetic Data,[singleton] crowd monitoring,crowd monitoring,1
98,Pixel-wise Crowd Understanding via Synthetic Data,[singleton] public safety,public safety,1
98,Pixel-wise Crowd Understanding via Synthetic Data,[singleton] space design,space design,1
98,Pixel-wise Crowd Understanding via Synthetic Data,[singleton] video sequences or still images,video sequences or still images,1
98,Pixel-wise Crowd Understanding via Synthetic Data,[singleton] current crowd datasets,current crowd datasets,1
98,Pixel-wise Crowd Understanding via Synthetic Data,[singleton] over-fitting,over-fitting,1
98,Pixel-wise Crowd Understanding via Synthetic Data,[singleton] these problems,these problems,1
98,Pixel-wise Crowd Understanding via Synthetic Data,[singleton] crowd counting and segmentation,crowd counting and segmentation,1
98,Pixel-wise Crowd Understanding via Synthetic Data,[singleton] synthetic and labeled crowd scenes,synthetic and labeled crowd scenes,1
98,Pixel-wise Crowd Understanding via Synthetic Data,"[singleton] a computer game, Grand Theft Auto V","a computer game, Grand Theft Auto V",1
98,Pixel-wise Crowd Understanding via Synthetic Data,[singleton] two simple methods,two simple methods,1
98,Pixel-wise Crowd Understanding via Synthetic Data,[singleton] the real data and labels,the real data and labels,1
98,Pixel-wise Crowd Understanding via Synthetic Data,[singleton] photo-realistic images,photo-realistic images,1
98,Pixel-wise Crowd Understanding via Synthetic Data,[singleton] translated data and labels,translated data and labels,1
98,Pixel-wise Crowd Understanding via Synthetic Data,[singleton] real crowd scenes,real crowd scenes,1
98,Pixel-wise Crowd Understanding via Synthetic Data,[self-reference],we; we; we; we,4
99,Revisiting Multi-Granularity Representation via Group Contrastive Learning for Unsupervised Vehicle Re-identification,MGR-GCL unsupervised vehicle ReID framework,an unsupervised vehicle ReID framework (MGR-GCL); It,2
99,Revisiting Multi-Granularity Representation via Group Contrastive Learning for Unsupervised Vehicle Re-identification,Multi-Granularity Representation,a multi-granularity CNN representation; the proposed Multi-Granularity Representation,2
99,Revisiting Multi-Granularity Representation via Group Contrastive Learning for Unsupervised Vehicle Re-identification,group contrastive learning module,a contrastive learning module; a group contrastive learning module,2
99,Revisiting Multi-Granularity Representation via Group Contrastive Learning for Unsupervised Vehicle Re-identification,the source dataset,the source dataset; the labeled source dataset,2
99,Revisiting Multi-Granularity Representation via Group Contrastive Learning for Unsupervised Vehicle Re-identification,the target domain/dataset,the target; the unlabeled target domain; the target dataset,3
99,Revisiting Multi-Granularity Representation via Group Contrastive Learning for Unsupervised Vehicle Re-identification,[singleton] Vehicle re-identification,Vehicle re-identification,1
99,Revisiting Multi-Granularity Representation via Group Contrastive Learning for Unsupervised Vehicle Re-identification,[singleton] vehicle images,vehicle images,1
99,Revisiting Multi-Granularity Representation via Group Contrastive Learning for Unsupervised Vehicle Re-identification,[singleton] disjoint surveillance camera views,disjoint surveillance camera views,1
99,Revisiting Multi-Granularity Representation via Group Contrastive Learning for Unsupervised Vehicle Re-identification,[singleton] vehicle ReID research,vehicle ReID research,1
99,Revisiting Multi-Granularity Representation via Group Contrastive Learning for Unsupervised Vehicle Re-identification,[singleton] supervisory labels,supervisory labels,1
99,Revisiting Multi-Granularity Representation via Group Contrastive Learning for Unsupervised Vehicle Re-identification,[singleton] specific human-collected datasets,specific human-collected datasets,1
99,Revisiting Multi-Granularity Representation via Group Contrastive Learning for Unsupervised Vehicle Re-identification,[singleton] these models,these models,1
99,Revisiting Multi-Granularity Representation via Group Contrastive Learning for Unsupervised Vehicle Re-identification,[singleton] the notable domain discrepancy,the notable domain discrepancy,1
99,Revisiting Multi-Granularity Representation via Group Contrastive Learning for Unsupervised Vehicle Re-identification,[singleton] discriminative transferable features,discriminative transferable features,1
99,Revisiting Multi-Granularity Representation via Group Contrastive Learning for Unsupervised Vehicle Re-identification,[singleton] pseudo labels,pseudo labels,1
99,Revisiting Multi-Granularity Representation via Group Contrastive Learning for Unsupervised Vehicle Re-identification,[singleton] the domain adaptation process,the domain adaptation process,1
99,Revisiting Multi-Granularity Representation via Group Contrastive Learning for Unsupervised Vehicle Re-identification,[singleton] extensive experiments,extensive experiments,1
99,Revisiting Multi-Granularity Representation via Group Contrastive Learning for Unsupervised Vehicle Re-identification,[singleton] existing state-of-the-art methods,existing state-of-the-art methods,1
99,Revisiting Multi-Granularity Representation via Group Contrastive Learning for Unsupervised Vehicle Re-identification,[self-reference],we; we; We; our,4
100,Bridging Domains with Approximately Shared Features,the fundamental challenge of feature selection,A fundamental challenge; the challenge,2
100,Bridging Domains with Approximately Shared Features,the proposed statistical framework,a statistical framework; our framework,2
100,Bridging Domains with Approximately Shared Features,approximately shared feature representation,approximately shared feature representation; it,2
100,Bridging Domains with Approximately Shared Features,the paper's theoretical analysis,Our theoretical analysis; our theory; our theoretical findings,3
100,Bridging Domains with Approximately Shared Features,[singleton] Multi-source domain adaptation,Multi-source domain adaptation,1
100,Bridging Domains with Approximately Shared Features,[singleton] machine learning models,machine learning models,1
100,Bridging Domains with Approximately Shared Features,[singleton] unseen domains,unseen domains,1
100,Bridging Domains with Approximately Shared Features,[singleton] the optimal strategy for feature selection,the optimal strategy for feature selection,1
100,Bridging Domains with Approximately Shared Features,[singleton] Existing literature,Existing literature,1
100,Bridging Domains with Approximately Shared Features,[singleton] invariant features,invariant features,1
100,Bridging Domains with Approximately Shared Features,[singleton] source domains,source domains,1
100,Bridging Domains with Approximately Shared Features,[singleton] more diverse features,more diverse features,1
100,Bridging Domains with Approximately Shared Features,[singleton] the variance of their correlation to label across domains,the variance of their correlation to label across domains,1
100,Bridging Domains with Approximately Shared Features,[singleton] a learning procedure,a learning procedure,1
100,Bridging Domains with Approximately Shared Features,[singleton] source tasks,source tasks,1
100,Bridging Domains with Approximately Shared Features,[singleton] the target task,the target task,1
100,Bridging Domains with Approximately Shared Features,[singleton] the strictly invariant features,the strictly invariant features,1
100,Bridging Domains with Approximately Shared Features,[singleton] an improved population risk,an improved population risk,1
100,Bridging Domains with Approximately Shared Features,[singleton] previous results,previous results,1
100,Bridging Domains with Approximately Shared Features,[singleton] both source and target tasks,both source and target tasks,1
100,Bridging Domains with Approximately Shared Features,[singleton] the paradox mentioned above,the paradox mentioned above,1
100,Bridging Domains with Approximately Shared Features,[singleton] the content from environmental features,the content from environmental features,1
100,Bridging Domains with Approximately Shared Features,[self-reference],we; our; we; Our; our; we; our,7
101,A Unified Data Augmentation Framework for Low-Resource Multi-Domain Dialogue Generation,the proposed data augmentation framework,a novel data ugmentation framework for ulti-omain ialogue eneration; The framework,2
101,A Unified Data Augmentation Framework for Low-Resource Multi-Domain Dialogue Generation,domain-agnostic training,domain-agnostic training; Domain-agnostic training,2
101,A Unified Data Augmentation Framework for Low-Resource Multi-Domain Dialogue Generation,domain adaptation training,domain adaptation training; domain adaptation training,2
101,A Unified Data Augmentation Framework for Low-Resource Multi-Domain Dialogue Generation,domain-specific features,domain-specific features; domain-specific features; domain-specific features,3
101,A Unified Data Augmentation Framework for Low-Resource Multi-Domain Dialogue Generation,[singleton] Current state-of-the-art dialogue systems,Current state-of-the-art dialogue systems,1
101,A Unified Data Augmentation Framework for Low-Resource Multi-Domain Dialogue Generation,[singleton] extensive training datasets,extensive training datasets,1
101,A Unified Data Augmentation Framework for Low-Resource Multi-Domain Dialogue Generation,[singleton] domain-specific training datasets,domain-specific training datasets,1
101,A Unified Data Augmentation Framework for Low-Resource Multi-Domain Dialogue Generation,[singleton] a data augmentation process,a data augmentation process,1
101,A Unified Data Augmentation Framework for Low-Resource Multi-Domain Dialogue Generation,[singleton] a two-stage training approach,a two-stage training approach,1
101,A Unified Data Augmentation Framework for Low-Resource Multi-Domain Dialogue Generation,[singleton] domain corpora,domain corpora,1
101,A Unified Data Augmentation Framework for Low-Resource Multi-Domain Dialogue Generation,[singleton] these common expressive patterns,these common expressive patterns,1
101,A Unified Data Augmentation Framework for Low-Resource Multi-Domain Dialogue Generation,[singleton] domain-agnostic dialogue corpora,domain-agnostic dialogue corpora,1
101,A Unified Data Augmentation Framework for Low-Resource Multi-Domain Dialogue Generation,[singleton] a de-domaining data processing technique,a de-domaining data processing technique,1
101,A Unified Data Augmentation Framework for Low-Resource Multi-Domain Dialogue Generation,[singleton] the model trained on the de-domained corpora,the model trained on the de-domained corpora,1
101,A Unified Data Augmentation Framework for Low-Resource Multi-Domain Dialogue Generation,[singleton] the learned domain-agnostic features,the learned domain-agnostic features,1
101,A Unified Data Augmentation Framework for Low-Resource Multi-Domain Dialogue Generation,[singleton] the target domain,the target domain,1
101,A Unified Data Augmentation Framework for Low-Resource Multi-Domain Dialogue Generation,[singleton] Chinese dialogue datasets from five different domains,Chinese dialogue datasets from five different domains,1
101,A Unified Data Augmentation Framework for Low-Resource Multi-Domain Dialogue Generation,[singleton] the target domain corpus,the target domain corpus,1
101,A Unified Data Augmentation Framework for Low-Resource Multi-Domain Dialogue Generation,[singleton] all five domain corpora,all five domain corpora,1
101,A Unified Data Augmentation Framework for Low-Resource Multi-Domain Dialogue Generation,[singleton] low-resource multi-domain dialogue generation,low-resource multi-domain dialogue generation,1
101,A Unified Data Augmentation Framework for Low-Resource Multi-Domain Dialogue Generation,[singleton] Code and data,Code and data,1
101,A Unified Data Augmentation Framework for Low-Resource Multi-Domain Dialogue Generation,[singleton] GitHub,GitHub,1
101,A Unified Data Augmentation Framework for Low-Resource Multi-Domain Dialogue Generation,[self-reference],we; We; we; we; We; Our; our,7
102,Contrastive Adaptation Network for Unsupervised Domain Adaptation,Contrastive Adaptation Network (CAN),Contrastive Adaptation Network; CAN; CAN,3
102,Contrastive Adaptation Network for Unsupervised Domain Adaptation,the new metric,a new metric; which,2
102,Contrastive Adaptation Network for Unsupervised Domain Adaptation,[singleton] the target domain data,the target domain data,1
102,Contrastive Adaptation Network for Unsupervised Domain Adaptation,[singleton] the source domain,the source domain,1
102,Contrastive Adaptation Network for Unsupervised Domain Adaptation,[singleton] Previous methods,Previous methods,1
102,Contrastive Adaptation Network for Unsupervised Domain Adaptation,[singleton] the domain discrepancy,the domain discrepancy,1
102,Contrastive Adaptation Network for Unsupervised Domain Adaptation,[singleton] the class information,the class information,1
102,Contrastive Adaptation Network for Unsupervised Domain Adaptation,[singleton] the intra-class domain discrepancy,the intra-class domain discrepancy,1
102,Contrastive Adaptation Network for Unsupervised Domain Adaptation,[singleton] the inter-class domain discrepancy,the inter-class domain discrepancy,1
102,Contrastive Adaptation Network for Unsupervised Domain Adaptation,[singleton] an alternating update strategy,an alternating update strategy,1
102,Contrastive Adaptation Network for Unsupervised Domain Adaptation,[singleton] two real-world benchmarks Office-31 and VisDA-2017,two real-world benchmarks Office-31 and VisDA-2017,1
102,Contrastive Adaptation Network for Unsupervised Domain Adaptation,[singleton] the state-of-the-art methods,the state-of-the-art methods,1
102,Contrastive Adaptation Network for Unsupervised Domain Adaptation,[singleton] more discriminative features,more discriminative features,1
102,Contrastive Adaptation Network for Unsupervised Domain Adaptation,[self-reference],We,1
103,Learning from Label Proportions and Covariate-shifted Instances,the training data,the training data; the training data,2
103,Learning from Label Proportions and Covariate-shifted Instances,bag,bags of instances (feature-vectors); each bag; the bag,3
103,Learning from Label Proportions and Covariate-shifted Instances,the aggregate label,an aggregate label; the aggregate label,2
103,Learning from Label Proportions and Covariate-shifted Instances,learning from label proportions (LLP),learning from label proportions; the LLP setting,2
103,Learning from Label Proportions and Covariate-shifted Instances,fully supervised covariate-shifted source data,fully supervised albeit covariate-shifted source data; Fully supervised covariate shifted data,2
103,Learning from Label Proportions and Covariate-shifted Instances,the covariate-shifted hybrid LLP problem,this; the covariate-shifted hybrid LLP problem; the hybrid LLP setting,3
103,Learning from Label Proportions and Covariate-shifted Instances,target bag-labels,bag-labels; the target bag-labels,2
103,Learning from Label Proportions and Covariate-shifted Instances,useful training signals,useful training signals; them,2
103,Learning from Label Proportions and Covariate-shifted Instances,our methods for hybrid LLP,methods for hybrid LLP; which; our methods,3
103,Learning from Label Proportions and Covariate-shifted Instances,[singleton] a good instance-level predictor,a good instance-level predictor,1
103,Learning from Label Proportions and Covariate-shifted Instances,[singleton] the target domain,the target domain,1
103,Learning from Label Proportions and Covariate-shifted Instances,[singleton] the source instance-labels,the source instance-labels,1
103,Learning from Label Proportions and Covariate-shifted Instances,[singleton] the domain adaptation framework,the domain adaptation framework,1
103,Learning from Label Proportions and Covariate-shifted Instances,[singleton] theoretical guarantees bounding the target generalization error,theoretical guarantees bounding the target generalization error,1
103,Learning from Label Proportions and Covariate-shifted Instances,[singleton] several publicly available datasets,several publicly available datasets,1
103,Learning from Label Proportions and Covariate-shifted Instances,[singleton] LLP and domain adaptation baselines,LLP and domain adaptation baselines,1
103,Learning from Label Proportions and Covariate-shifted Instances,[singleton] techniques from previous related work,techniques from previous related work,1
103,Learning from Label Proportions and Covariate-shifted Instances,[self-reference],we; we; We; we; our; we,6
104,Domain Adaptation for Code Model based Unit Test Case Generation,CodeT5,CodeT5; it; CodeT5; CodeT5,4
104,Domain Adaptation for Code Model based Unit Test Case Generation,Domain Adaptation (DA),Domain Adaptation; domain adaptation; project-level domain adaptation; DA; DA,5
104,Domain Adaptation for Code Model based Unit Test Case Generation,the test generation task,the test generation task; the test generation task,2
104,Domain Adaptation for Code Model based Unit Test Case Generation,the Defects4j dataset,the Defects4j dataset; the Defects4j dataset,2
104,Domain Adaptation for Code Model based Unit Test Case Generation,our approach (proposed DA-based method),our approach; our approach,2
104,Domain Adaptation for Code Model based Unit Test Case Generation,line coverage,the line coverage; line coverage,2
104,Domain Adaptation for Code Model based Unit Test Case Generation,mutation score,mutation score; mutation scores; mutation score,3
104,Domain Adaptation for Code Model based Unit Test Case Generation,[singleton] deep learning based test case generation approaches,deep learning based test case generation approaches,1
104,Domain Adaptation for Code Model based Unit Test Case Generation,[singleton] Transformer based code models,Transformer based code models,1
104,Domain Adaptation for Code Model based Unit Test Case Generation,[singleton] the Methods2test dataset,the Methods2test dataset,1
104,Domain Adaptation for Code Model based Unit Test Case Generation,[singleton] the A3Test tool,the A3Test tool,1
104,Domain Adaptation for Code Model based Unit Test Case Generation,[singleton] GPT-4,GPT-4,1
104,Domain Adaptation for Code Model based Unit Test Case Generation,[singleton] five projects,five projects,1
104,Domain Adaptation for Code Model based Unit Test Case Generation,[singleton] parse rate,parse rate,1
104,Domain Adaptation for Code Model based Unit Test Case Generation,[singleton] compile rate,compile rate,1
104,Domain Adaptation for Code Model based Unit Test Case Generation,[singleton] BLEU,BLEU,1
104,Domain Adaptation for Code Model based Unit Test Case Generation,[singleton] CodeBLEU,CodeBLEU,1
104,Domain Adaptation for Code Model based Unit Test Case Generation,[singleton] EvoSuite,EvoSuite,1
104,Domain Adaptation for Code Model based Unit Test Case Generation,[singleton] project-specific knowledge,project-specific knowledge,1
104,Domain Adaptation for Code Model based Unit Test Case Generation,[self-reference],we; we; we; We; We; our; we; our,8
105,Exploiting Language Relatedness in Machine Translation Through Domain Adaptation Techniques,Machine Translation (MT),Machine Translation; MT output; MT; MT,4
105,Exploiting Language Relatedness in Machine Translation Through Domain Adaptation Techniques,large amounts of data,large amounts of data; such large amounts of data,2
105,Exploiting Language Relatedness in Machine Translation Through Domain Adaptation Techniques,Neural Machine Translation (NMT),Neural Machine Translation; NMT; NMT; NMT,4
105,Exploiting Language Relatedness in Machine Translation Through Domain Adaptation Techniques,Statistical Machine Translation (SMT),Statistical Machine Translation; SMT; SMT,3
105,Exploiting Language Relatedness in Machine Translation Through Domain Adaptation Techniques,the proposed novel approach using scaled similarity score,a novel approach of using a scaled similarity score of sentences; our novel approach; Our approach,3
105,Exploiting Language Relatedness in Machine Translation Through Domain Adaptation Techniques,multi-domain approach,multi-domain; multi-domain approach,2
105,Exploiting Language Relatedness in Machine Translation Through Domain Adaptation Techniques,fine-tuning,fine-tuning; fine-tuning,2
105,Exploiting Language Relatedness in Machine Translation Through Domain Adaptation Techniques,iterative back-translation approach,iterative back-translation approach; iterative back-translation approach,2
105,Exploiting Language Relatedness in Machine Translation Through Domain Adaptation Techniques,[singleton] parallel sentence aligned corpora,parallel sentence aligned corpora,1
105,Exploiting Language Relatedness in Machine Translation Through Domain Adaptation Techniques,[singleton] resource-rich languages,resource-rich languages,1
105,Exploiting Language Relatedness in Machine Translation Through Domain Adaptation Techniques,[singleton] low resource languages,low resource languages,1
105,Exploiting Language Relatedness in Machine Translation Through Domain Adaptation Techniques,[singleton] a 5-gram KenLM language model,a 5-gram KenLM language model,1
105,Exploiting Language Relatedness in Machine Translation Through Domain Adaptation Techniques,[singleton] Kneser-ney smoothing technique,Kneser-ney smoothing technique,1
105,Exploiting Language Relatedness in Machine Translation Through Domain Adaptation Techniques,[singleton] in-domain data,in-domain data,1
105,Exploiting Language Relatedness in Machine Translation Through Domain Adaptation Techniques,[singleton] out-of-domain corpora,out-of-domain corpora,1
105,Exploiting Language Relatedness in Machine Translation Through Domain Adaptation Techniques,[singleton] the Hindi-Nepali language pair,the Hindi-Nepali language pair,1
105,Exploiting Language Relatedness in Machine Translation Through Domain Adaptation Techniques,[self-reference],we; we,2
106,Source-Free Domain Adaptive Semantic Segmentation of Remote Sensing Images with Diffusion-Guided Label Enrichment,source-free domain adaptation (SFDA),source-free domain adaptation; SFDA,2
106,Source-Free Domain Adaptive Semantic Segmentation of Remote Sensing Images with Diffusion-Guided Label Enrichment,self-training,Self-training; self-training,2
106,Source-Free Domain Adaptive Semantic Segmentation of Remote Sensing Images with Diffusion-Guided Label Enrichment,Diffusion-Guided Label Enrichment framework,a novel pseudo-label optimization framework called Diffusion-Guided Label Enrichment; which; This method,3
106,Source-Free Domain Adaptive Semantic Segmentation of Remote Sensing Images with Diffusion-Guided Label Enrichment,a few easily obtained high-quality pseudo-labels,a few easily obtained high-quality pseudo-labels; them,2
106,Source-Free Domain Adaptive Semantic Segmentation of Remote Sensing Images with Diffusion-Guided Label Enrichment,complete set of pseudo-labels,a complete set of pseudo-labels; the complete set of pseudo-labels,2
106,Source-Free Domain Adaptive Semantic Segmentation of Remote Sensing Images with Diffusion-Guided Label Enrichment,pseudo-label fusion method,a pseudo-label fusion method based on confidence filtering and super-resolution enhancement; which,2
106,Source-Free Domain Adaptive Semantic Segmentation of Remote Sensing Images with Diffusion-Guided Label Enrichment,initial seed pseudo-labels,a small number of high-quality pseudo-labels as initial seeds; incomplete seed pseudo-labels,2
106,Source-Free Domain Adaptive Semantic Segmentation of Remote Sensing Images with Diffusion-Guided Label Enrichment,the diffusion model,the diffusion model; its,2
106,Source-Free Domain Adaptive Semantic Segmentation of Remote Sensing Images with Diffusion-Guided Label Enrichment,[singleton] unsupervised domain adaptation for semantic segmentation of remote sensing images,unsupervised domain adaptation for semantic segmentation of remote sensing images,1
106,Source-Free Domain Adaptive Semantic Segmentation of Remote Sensing Images with Diffusion-Guided Label Enrichment,[singleton] source domain data,source domain data,1
106,Source-Free Domain Adaptive Semantic Segmentation of Remote Sensing Images with Diffusion-Guided Label Enrichment,[singleton] target domain data,target domain data,1
106,Source-Free Domain Adaptive Semantic Segmentation of Remote Sensing Images with Diffusion-Guided Label Enrichment,[singleton] Most existing methods,Most existing methods,1
106,Source-Free Domain Adaptive Semantic Segmentation of Remote Sensing Images with Diffusion-Guided Label Enrichment,[singleton] the entire pseudo-label set,the entire pseudo-label set,1
106,Source-Free Domain Adaptive Semantic Segmentation of Remote Sensing Images with Diffusion-Guided Label Enrichment,[singleton] substantial noise,substantial noise,1
106,Source-Free Domain Adaptive Semantic Segmentation of Remote Sensing Images with Diffusion-Guided Label Enrichment,[singleton] cross-validation of details and contextual information,cross-validation of details and contextual information,1
106,Source-Free Domain Adaptive Semantic Segmentation of Remote Sensing Images with Diffusion-Guided Label Enrichment,[singleton] randomly distributed noise,randomly distributed noise,1
106,Source-Free Domain Adaptive Semantic Segmentation of Remote Sensing Images with Diffusion-Guided Label Enrichment,[singleton] the model s performance,the model s performance,1
106,Source-Free Domain Adaptive Semantic Segmentation of Remote Sensing Images with Diffusion-Guided Label Enrichment,[singleton] the target domain,the target domain,1
106,Source-Free Domain Adaptive Semantic Segmentation of Remote Sensing Images with Diffusion-Guided Label Enrichment,[self-reference],we; we,2
107,Model independent measurements of Standard Model cross sections with Domain Adaptation,fiducial and differential measurements of the Higgs boson production cross section,fiducial and differential measurements of the Higgs boson production cross section; These measurements; the measurements,3
107,Model independent measurements of Standard Model cross sections with Domain Adaptation,the model dependence,the model dependence; the model dependence,2
107,Model independent measurements of Standard Model cross sections with Domain Adaptation,the signal extraction procedure,the signal extraction procedure; the signal extraction procedure,2
107,Model independent measurements of Standard Model cross sections with Domain Adaptation,a novel methodology based on the machine learning concept of domain adaptation,a novel methodology based on the machine learning concept of domain adaptation; which,2
107,Model independent measurements of Standard Model cross sections with Domain Adaptation,[singleton] the ATLAS and CMS experiments at the CERN LHC,the ATLAS and CMS experiments at the CERN LHC,1
107,Model independent measurements of Standard Model cross sections with Domain Adaptation,[singleton] the standard model predictions,the standard model predictions,1
107,Model independent measurements of Standard Model cross sections with Domain Adaptation,[singleton] physics beyond the standard model,physics beyond the standard model,1
107,Model independent measurements of Standard Model cross sections with Domain Adaptation,[singleton] any present or future theoretical prediction,any present or future theoretical prediction,1
107,Model independent measurements of Standard Model cross sections with Domain Adaptation,[singleton] the measurement precision,the measurement precision,1
107,Model independent measurements of Standard Model cross sections with Domain Adaptation,[singleton] a complex deep neural network,a complex deep neural network,1
107,Model independent measurements of Standard Model cross sections with Domain Adaptation,[singleton] the theoretical modelling of the signal,the theoretical modelling of the signal,1
108,Domain Adaptation for Vehicle Detection from Bird s Eye View LiDAR Point Cloud Data,the proposed domain adaptation framework,a domain adaptation framework; Our proposed framework; our proposed framework; The framework,4
108,Domain Adaptation for Vehicle Detection from Bird s Eye View LiDAR Point Cloud Data,synthetic point cloud data,an annotated synthetic point cloud data; the generated synthetic point cloud data; this data,3
108,Domain Adaptation for Vehicle Detection from Bird s Eye View LiDAR Point Cloud Data,real 3D LiDAR sensors,real 3D LiDAR sensors; real 3D LiDAR sensors,2
108,Domain Adaptation for Vehicle Detection from Bird s Eye View LiDAR Point Cloud Data,real point cloud data,real point cloud data; real point cloud data,2
108,Domain Adaptation for Vehicle Detection from Bird s Eye View LiDAR Point Cloud Data,bird's eye view point cloud images,a bird s eye view point cloud images; real BEV point cloud images,2
108,Domain Adaptation for Vehicle Detection from Bird s Eye View LiDAR Point Cloud Data,[singleton] self-driving vehicles,self-driving vehicles,1
108,Domain Adaptation for Vehicle Detection from Bird s Eye View LiDAR Point Cloud Data,[singleton] simulated environments and 3D LiDAR sensors,simulated environments and 3D LiDAR sensors,1
108,Domain Adaptation for Vehicle Detection from Bird s Eye View LiDAR Point Cloud Data,[singleton] the artefacts,the artefacts,1
108,Domain Adaptation for Vehicle Detection from Bird s Eye View LiDAR Point Cloud Data,[singleton] the trained models,the trained models,1
108,Domain Adaptation for Vehicle Detection from Bird s Eye View LiDAR Point Cloud Data,[singleton] perception tasks,perception tasks,1
108,Domain Adaptation for Vehicle Detection from Bird s Eye View LiDAR Point Cloud Data,[singleton] the domain shift between simulated and real environments,the domain shift between simulated and real environments,1
108,Domain Adaptation for Vehicle Detection from Bird s Eye View LiDAR Point Cloud Data,[singleton] the deep cycle-consistent generative adversarial networks architecture,the deep cycle-consistent generative adversarial networks architecture,1
108,Domain Adaptation for Vehicle Detection from Bird s Eye View LiDAR Point Cloud Data,[singleton] the task of vehicle detection,the task of vehicle detection,1
108,Domain Adaptation for Vehicle Detection from Bird s Eye View LiDAR Point Cloud Data,[singleton] average precision score,average precision score,1
108,Domain Adaptation for Vehicle Detection from Bird s Eye View LiDAR Point Cloud Data,[singleton] other baseline approaches,other baseline approaches,1
108,Domain Adaptation for Vehicle Detection from Bird s Eye View LiDAR Point Cloud Data,[self-reference],we; Our; We; our,4
109,Multilingual Multi-Domain Adaptation Approaches for Neural Machine Translation,the proposed two novel methods,two novel methods; Our methods; our methods; our methods,4
109,Multilingual Multi-Domain Adaptation Approaches for Neural Machine Translation,mixed fine tuning,a previously proposed black-box method called mixed fine tuning; which; mixed fine tuning,3
109,Multilingual Multi-Domain Adaptation Approaches for Neural Machine Translation,the Transformer,the attention only neural machine translation model; the Transformer,2
109,Multilingual Multi-Domain Adaptation Approaches for Neural Machine Translation,[singleton] a single translation model,a single translation model,1
109,Multilingual Multi-Domain Adaptation Approaches for Neural Machine Translation,[singleton] domain specialized hidden state representations,domain specialized hidden state representations,1
109,Multilingual Multi-Domain Adaptation Approaches for Neural Machine Translation,[singleton] predictor biases,predictor biases,1
109,Multilingual Multi-Domain Adaptation Approaches for Neural Machine Translation,[singleton] multilingualism,multilingualism,1
109,Multilingual Multi-Domain Adaptation Approaches for Neural Machine Translation,[singleton] the domain adaptation framework,the domain adaptation framework,1
109,Multilingual Multi-Domain Adaptation Approaches for Neural Machine Translation,[singleton] multilingual multi-domain adaptation,multilingual multi-domain adaptation,1
109,Multilingual Multi-Domain Adaptation Approaches for Neural Machine Translation,[singleton] resource-poor in-domain and resource-rich out-of-domain translations,resource-poor in-domain and resource-rich out-of-domain translations,1
109,Multilingual Multi-Domain Adaptation Approaches for Neural Machine Translation,[singleton] Experiments,Experiments,1
109,Multilingual Multi-Domain Adaptation Approaches for Neural Machine Translation,[self-reference],we; Our; our; our,4
110,Information Maximization for Extreme Pose Face Recognition,the coupled-encoder model,a coupled-encoder network; The proposed model; The proposed coupled-encoder; the model; it; the model; the coupled-encoder; the proposed model,8
110,Information Maximization for Extreme Pose Face Recognition,the common latent embedding space,an abstract embedding space; a common latent embedding space; the embedding space,3
110,Information Maximization for Extreme Pose Face Recognition,connection between frontal and profile face images,connections; this connection,2
110,Information Maximization for Extreme Pose Face Recognition,frontal and profile face images,the frontal and profile face images; frontal/profile face images,2
110,Information Maximization for Extreme Pose Face Recognition,memory buffer,a memory buffer; which,2
110,Information Maximization for Extreme Pose Face Recognition,[singleton] our pose-aware contrastive learning,our pose-aware contrastive learning,1
110,Information Maximization for Extreme Pose Face Recognition,[singleton] the mini-batch size,the mini-batch size,1
110,Information Maximization for Extreme Pose Face Recognition,[singleton] a novel pose-aware adversarial domain adaptation method,a novel pose-aware adversarial domain adaptation method,1
110,Information Maximization for Extreme Pose Face Recognition,[singleton] an asymmetric mapping from profile to frontal representation,an asymmetric mapping from profile to frontal representation,1
110,Information Maximization for Extreme Pose Face Recognition,[singleton] the distribution of genuine and imposter faces,the distribution of genuine and imposter faces,1
110,Information Maximization for Extreme Pose Face Recognition,[singleton] four benchmark datasets,four benchmark datasets,1
110,Information Maximization for Extreme Pose Face Recognition,[singleton] the compelling state-of-the-art algorithms,the compelling state-of-the-art algorithms,1
110,Information Maximization for Extreme Pose Face Recognition,[singleton] ablation studies,ablation studies,1
110,Information Maximization for Extreme Pose Face Recognition,[self-reference],we; We; we; our; our,5
111,FRIDA -Generative Feature Replay for Incremental Domain Adaptation,incremental unsupervised domain adaptation (IDA),incremental unsupervised domain adaptation; The IDA setup,2
111,FRIDA -Generative Feature Replay for Incremental Domain Adaptation,the source domain,a labeled source domain; the source domain,2
111,FRIDA -Generative Feature Replay for Incremental Domain Adaptation,the current domain,the current domain; the current domain,2
111,FRIDA -Generative Feature Replay for Incremental Domain Adaptation,Feature Replay based Incremental Domain Adaptation (FRIDA),a novel framework called Feature Replay based Incremental Domain Adaptation; which; FRIDA,3
111,FRIDA -Generative Feature Replay for Incremental Domain Adaptation,DANN-IB,a simple extension of the popular domain adversarial neural network called DANN-IB; which,2
111,FRIDA -Generative Feature Replay for Incremental Domain Adaptation,[singleton] different unlabeled target domains,different unlabeled target domains,1
111,FRIDA -Generative Feature Replay for Incremental Domain Adaptation,[singleton] all the past domains,all the past domains,1
111,FRIDA -Generative Feature Replay for Incremental Domain Adaptation,[singleton] past data,past data,1
111,FRIDA -Generative Feature Replay for Incremental Domain Adaptation,[singleton] generative feature replay,generative feature replay,1
111,FRIDA -Generative Feature Replay for Incremental Domain Adaptation,[singleton] a new incremental generative adversarial network called domain-generic auxiliary classification GAN,a new incremental generative adversarial network called domain-generic auxiliary classification GAN,1
111,FRIDA -Generative Feature Replay for Incremental Domain Adaptation,[singleton] domain-specific feature representations,domain-specific feature representations,1
111,FRIDA -Generative Feature Replay for Incremental Domain Adaptation,[singleton] domain alignment,domain alignment,1
111,FRIDA -Generative Feature Replay for Incremental Domain Adaptation,[singleton] discriminative domain-invariant and task-relevant feature learning,discriminative domain-invariant and task-relevant feature learning,1
111,FRIDA -Generative Feature Replay for Incremental Domain Adaptation,"[singleton] Office-Home, Office-CalTech, and DomainNet datasets","Office-Home, Office-CalTech, and DomainNet datasets",1
111,FRIDA -Generative Feature Replay for Incremental Domain Adaptation,[singleton] stability-plasticity trade-off,stability-plasticity trade-off,1
111,FRIDA -Generative Feature Replay for Incremental Domain Adaptation,[self-reference],We; We; we; we,4
112,Can We Evaluate Domain Adaptation Models Without Target-Domain Labels?,Transfer Score metric,a novel metric called the Transfer Score; The proposed metric; the metric; our metric; our metric,5
112,Can We Evaluate Domain Adaptation Models Without Target-Domain Labels?,UDA models,UDA models; UDA models; UDA models,3
112,Can We Evaluate Domain Adaptation Models Without Target-Domain Labels?,target-domain labels,target-domain labels; target-domain labels,2
112,Can We Evaluate Domain Adaptation Models Without Target-Domain Labels?,model degeneration,model degeneration; model degeneration,2
112,Can We Evaluate Domain Adaptation Models Without Target-Domain Labels?,the three novel objectives,three novel objectives; the aforementioned goals,2
112,Can We Evaluate Domain Adaptation Models Without Target-Domain Labels?,[singleton] Unsupervised domain adaptation,Unsupervised domain adaptation,1
112,Can We Evaluate Domain Adaptation Models Without Target-Domain Labels?,[singleton] a model trained on a label-rich source domain,a model trained on a label-rich source domain,1
112,Can We Evaluate Domain Adaptation Models Without Target-Domain Labels?,[singleton] an unlabeled target domain,an unlabeled target domain,1
112,Can We Evaluate Domain Adaptation Models Without Target-Domain Labels?,[singleton] prevailing UDA methods,prevailing UDA methods,1
112,Can We Evaluate Domain Adaptation Models Without Target-Domain Labels?,[singleton] adversarial training,adversarial training,1
112,Can We Evaluate Domain Adaptation Models Without Target-Domain Labels?,[singleton] self-training,self-training,1
112,Can We Evaluate Domain Adaptation Models Without Target-Domain Labels?,[singleton] negative transfer,negative transfer,1
112,Can We Evaluate Domain Adaptation Models Without Target-Domain Labels?,[singleton] the evaluation problem,the evaluation problem,1
112,Can We Evaluate Domain Adaptation Models Without Target-Domain Labels?,[singleton] these issues,these issues,1
112,Can We Evaluate Domain Adaptation Models Without Target-Domain Labels?,[singleton] the spatial uniformity of the classifier,the spatial uniformity of the classifier,1
112,Can We Evaluate Domain Adaptation Models Without Target-Domain Labels?,[singleton] model parameters,model parameters,1
112,Can We Evaluate Domain Adaptation Models Without Target-Domain Labels?,[singleton] the transferability and discriminability of deep representations,the transferability and discriminability of deep representations,1
112,Can We Evaluate Domain Adaptation Models Without Target-Domain Labels?,[singleton] the best UDA method,the best UDA method,1
112,Can We Evaluate Domain Adaptation Models Without Target-Domain Labels?,[singleton] hyperparameters,hyperparameters,1
112,Can We Evaluate Domain Adaptation Models Without Target-Domain Labels?,[singleton] which checkpoint of UDA model,which checkpoint of UDA model,1
112,Can We Evaluate Domain Adaptation Models Without Target-Domain Labels?,[singleton] data-level UDA research,data-level UDA research,1
112,Can We Evaluate Domain Adaptation Models Without Target-Domain Labels?,[singleton] practical UDA scenarios,practical UDA scenarios,1
112,Can We Evaluate Domain Adaptation Models Without Target-Domain Labels?,[singleton] UDA model performance,UDA model performance,1
112,Can We Evaluate Domain Adaptation Models Without Target-Domain Labels?,[singleton] extensive empirical studies,extensive empirical studies,1
112,Can We Evaluate Domain Adaptation Models Without Target-Domain Labels?,[singleton] UDA datasets of different scales and imbalanced distributions,UDA datasets of different scales and imbalanced distributions,1
112,Can We Evaluate Domain Adaptation Models Without Target-Domain Labels?,[singleton] The results,The results,1
112,Can We Evaluate Domain Adaptation Models Without Target-Domain Labels?,[self-reference],we; we; Our; We; our; our,6
113,RefineBridge: Generative Bridge Models Improve Financial Forecasting by Foundation Models,time series foundation models (TSFMs),transformer based time series foundation models; pre-trained TSFMs; TSFMs; the foundation model; TSFMs; TSFM; TSFM predictions; state-of-the-art TSFMs,8
113,RefineBridge: Generative Bridge Models Improve Financial Forecasting by Foundation Models,Low-rank adaptation,Low-rank adaptation; it; it,3
113,RefineBridge: Generative Bridge Models Improve Financial Forecasting by Foundation Models,RefineBridge,RefineBridge; RefineBridge; RefineBridge,3
113,RefineBridge: Generative Bridge Models Improve Financial Forecasting by Foundation Models,ground-truth targets,the observed ground truths as targets; the ground-truth target,2
113,RefineBridge: Generative Bridge Models Improve Financial Forecasting by Foundation Models,[singleton] Financial time series forecasting,Financial time series forecasting,1
113,RefineBridge: Generative Bridge Models Improve Financial Forecasting by Foundation Models,[singleton] non-stationarity,non-stationarity,1
113,RefineBridge: Generative Bridge Models Improve Financial Forecasting by Foundation Models,[singleton] heavy-tailed distributions,heavy-tailed distributions,1
113,RefineBridge: Generative Bridge Models Improve Financial Forecasting by Foundation Models,[singleton] high-frequency noise,high-frequency noise,1
113,RefineBridge: Generative Bridge Models Improve Financial Forecasting by Foundation Models,[singleton] downstream data domains,downstream data domains,1
113,RefineBridge: Generative Bridge Models Improve Financial Forecasting by Foundation Models,[singleton] financial data,financial data,1
113,RefineBridge: Generative Bridge Models Improve Financial Forecasting by Foundation Models,[singleton] the network architecture,the network architecture,1
113,RefineBridge: Generative Bridge Models Improve Financial Forecasting by Foundation Models,[singleton] a novel refinement module,a novel refinement module,1
113,RefineBridge: Generative Bridge Models Improve Financial Forecasting by Foundation Models,[singleton] a tractable Schrodinger Bridge generative framework,a tractable Schrodinger Bridge generative framework,1
113,RefineBridge: Generative Bridge Models Improve Financial Forecasting by Foundation Models,[singleton] generative prior,generative prior,1
113,RefineBridge: Generative Bridge Models Improve Financial Forecasting by Foundation Models,[singleton] context-conditioned stochastic transport maps,context-conditioned stochastic transport maps,1
113,RefineBridge: Generative Bridge Models Improve Financial Forecasting by Foundation Models,[singleton] a low-quality prior,a low-quality prior,1
113,RefineBridge: Generative Bridge Models Improve Financial Forecasting by Foundation Models,[singleton] multiple financial benchmarks,multiple financial benchmarks,1
113,RefineBridge: Generative Bridge Models Improve Financial Forecasting by Foundation Models,[singleton] different prediction horizons,different prediction horizons,1
113,RefineBridge: Generative Bridge Models Improve Financial Forecasting by Foundation Models,[self-reference],we,1
114,Semantic Features Aided Multi-Scale Reconstruction of Inter-Modality Magnetic Resonance Images,acquisition time (AQT),Long acquisition time (AQT); longer AQT; the total AQT,3
114,Semantic Features Aided Multi-Scale Reconstruction of Inter-Modality Magnetic Resonance Images,the proposed deep network,a novel deep network based solution; the network; The proposed network; the proposed network,4
114,Semantic Features Aided Multi-Scale Reconstruction of Inter-Modality Magnetic Resonance Images,domain adaptation module (DAM),a domain adaptation module (DAM); which,2
114,Semantic Features Aided Multi-Scale Reconstruction of Inter-Modality Magnetic Resonance Images,[singleton] multi-modality MR images,multi-modality MR images,1
114,Semantic Features Aided Multi-Scale Reconstruction of Inter-Modality Magnetic Resonance Images,[singleton] disease diagnosis,disease diagnosis,1
114,Semantic Features Aided Multi-Scale Reconstruction of Inter-Modality Magnetic Resonance Images,[singleton] T2W images,T2W images,1
114,Semantic Features Aided Multi-Scale Reconstruction of Inter-Modality Magnetic Resonance Images,[singleton] T1W images (T1WI),T1W images (T1WI),1
114,Semantic Features Aided Multi-Scale Reconstruction of Inter-Modality Magnetic Resonance Images,[singleton] an encoder-decoder architecture,an encoder-decoder architecture,1
114,Semantic Features Aided Multi-Scale Reconstruction of Inter-Modality Magnetic Resonance Images,[singleton] The proposed learning,The proposed learning,1
114,Semantic Features Aided Multi-Scale Reconstruction of Inter-Modality Magnetic Resonance Images,[singleton] multi-channel input with intensity values,multi-channel input with intensity values,1
114,Semantic Features Aided Multi-Scale Reconstruction of Inter-Modality Magnetic Resonance Images,[singleton] gradient of image in two orthogonal directions,gradient of image in two orthogonal directions,1
114,Semantic Features Aided Multi-Scale Reconstruction of Inter-Modality Magnetic Resonance Images,[singleton] A reconstruction module (RM),A reconstruction module (RM),1
114,Semantic Features Aided Multi-Scale Reconstruction of Inter-Modality Magnetic Resonance Images,[singleton] an encoder-decoder model,an encoder-decoder model,1
114,Semantic Features Aided Multi-Scale Reconstruction of Inter-Modality Magnetic Resonance Images,[singleton] sharp bottleneck module (SBM),sharp bottleneck module (SBM),1
114,Semantic Features Aided Multi-Scale Reconstruction of Inter-Modality Magnetic Resonance Images,[singleton] modular training,modular training,1
114,Semantic Features Aided Multi-Scale Reconstruction of Inter-Modality Magnetic Resonance Images,[singleton] publicly available dataset with real MR images,publicly available dataset with real MR images,1
114,Semantic Features Aided Multi-Scale Reconstruction of Inter-Modality Magnetic Resonance Images,[singleton] PSNR,PSNR,1
114,Semantic Features Aided Multi-Scale Reconstruction of Inter-Modality Magnetic Resonance Images,[singleton] SOTA,SOTA,1
114,Semantic Features Aided Multi-Scale Reconstruction of Inter-Modality Magnetic Resonance Images,[self-reference],We,1
115,Mind the (optimality) Gap: A Gap-Aware Learning Rate Scheduler for Adversarial Nets,adversarial nets,Adversarial nets; adversarial nets,2
115,Mind the (optimality) Gap: A Gap-Aware Learning Rate Scheduler for Adversarial Nets,GANs,GANs; GANs,2
115,Mind the (optimality) Gap: A Gap-Aware Learning Rate Scheduler for Adversarial Nets,the learning rate scheduler,a novel learning rate scheduler; The scheduler; The scheduler; the scheduler; the scheduler; the scheduler; the scheduler,7
115,Mind the (optimality) Gap: A Gap-Aware Learning Rate Scheduler for Adversarial Nets,an ideal adversarial net,an ideal adversarial net; an ideal network,2
115,Mind the (optimality) Gap: A Gap-Aware Learning Rate Scheduler for Adversarial Nets,[singleton] transfer learning,transfer learning,1
115,Mind the (optimality) Gap: A Gap-Aware Learning Rate Scheduler for Adversarial Nets,[singleton] fairness,fairness,1
115,Mind the (optimality) Gap: A Gap-Aware Learning Rate Scheduler for Adversarial Nets,[singleton] first-order methods,first-order methods,1
115,Mind the (optimality) Gap: A Gap-Aware Learning Rate Scheduler for Adversarial Nets,[singleton] the learning rates,the learning rates,1
115,Mind the (optimality) Gap: A Gap-Aware Learning Rate Scheduler for Adversarial Nets,[singleton] the competing networks,the competing networks,1
115,Mind the (optimality) Gap: A Gap-Aware Learning Rate Scheduler for Adversarial Nets,[singleton] the learning rate of the adversary,the learning rate of the adversary,1
115,Mind the (optimality) Gap: A Gap-Aware Learning Rate Scheduler for Adversarial Nets,[singleton] the optimized adversarial net,the optimized adversarial net,1
115,Mind the (optimality) Gap: A Gap-Aware Learning Rate Scheduler for Adversarial Nets,[singleton] CelebA,CelebA,1
115,Mind the (optimality) Gap: A Gap-Aware Learning Rate Scheduler for Adversarial Nets,[singleton] a GAN,a GAN,1
115,Mind the (optimality) Gap: A Gap-Aware Learning Rate Scheduler for Adversarial Nets,[singleton] the tuning budget,the tuning budget,1
115,Mind the (optimality) Gap: A Gap-Aware Learning Rate Scheduler for Adversarial Nets,[singleton] Frechet Inception Distance,Frechet Inception Distance,1
115,Mind the (optimality) Gap: A Gap-Aware Learning Rate Scheduler for Adversarial Nets,[singleton] test accuracy,test accuracy,1
115,Mind the (optimality) Gap: A Gap-Aware Learning Rate Scheduler for Adversarial Nets,[self-reference],we; We; Our,3
116,DAFormer: Improving Network Architectures and Training Strategies for Domain-Adaptive Semantic Segmentation,DAFormer,DAFormer; DAFormer; It; DAFormer; It,5
116,DAFormer: Improving Network Architectures and Training Strategies for Domain-Adaptive Semantic Segmentation,unsupervised domain adaptation (UDA),unsupervised domain adaptation; UDA; UDA,3
116,DAFormer: Improving Network Architectures and Training Strategies for Domain-Adaptive Semantic Segmentation,real images,real images; their,2
116,DAFormer: Improving Network Architectures and Training Strategies for Domain-Adaptive Semantic Segmentation,existing adaptation methods,a large number of methods; they,2
116,DAFormer: Improving Network Architectures and Training Strategies for Domain-Adaptive Semantic Segmentation,the source domain,the source domain; the source domain,2
116,DAFormer: Improving Network Architectures and Training Strategies for Domain-Adaptive Semantic Segmentation,[singleton] pixel-wise annotations of real-world images,pixel-wise annotations of real-world images,1
116,DAFormer: Improving Network Architectures and Training Strategies for Domain-Adaptive Semantic Segmentation,[singleton] semantic segmentation,semantic segmentation,1
116,DAFormer: Improving Network Architectures and Training Strategies for Domain-Adaptive Semantic Segmentation,[singleton] synthetic data,synthetic data,1
116,DAFormer: Improving Network Architectures and Training Strategies for Domain-Adaptive Semantic Segmentation,[singleton] different network architectures,different network architectures,1
116,DAFormer: Improving Network Architectures and Training Strategies for Domain-Adaptive Semantic Segmentation,[singleton] Transformers,Transformers,1
116,DAFormer: Improving Network Architectures and Training Strategies for Domain-Adaptive Semantic Segmentation,[singleton] UDA semantic segmentation,UDA semantic segmentation,1
116,DAFormer: Improving Network Architectures and Training Strategies for Domain-Adaptive Semantic Segmentation,[singleton] a Transformer encoder,a Transformer encoder,1
116,DAFormer: Improving Network Architectures and Training Strategies for Domain-Adaptive Semantic Segmentation,[singleton] a multi-level context-aware feature fusion decoder,a multi-level context-aware feature fusion decoder,1
116,DAFormer: Improving Network Architectures and Training Strategies for Domain-Adaptive Semantic Segmentation,[singleton] Rare Class Sampling,Rare Class Sampling,1
116,DAFormer: Improving Network Architectures and Training Strategies for Domain-Adaptive Semantic Segmentation,[singleton] the pseudo-labels,the pseudo-labels,1
116,DAFormer: Improving Network Architectures and Training Strategies for Domain-Adaptive Semantic Segmentation,[singleton] the confirmation bias of self-training,the confirmation bias of self-training,1
116,DAFormer: Improving Network Architectures and Training Strategies for Domain-Adaptive Semantic Segmentation,[singleton] a Thing-Class ImageNet Feature Distance,a Thing-Class ImageNet Feature Distance,1
116,DAFormer: Improving Network Architectures and Training Strategies for Domain-Adaptive Semantic Segmentation,[singleton] a learning rate warmup,a learning rate warmup,1
116,DAFormer: Improving Network Architectures and Training Strategies for Domain-Adaptive Semantic Segmentation,[singleton] ImageNet pretraining,ImageNet pretraining,1
116,DAFormer: Improving Network Architectures and Training Strategies for Domain-Adaptive Semantic Segmentation,[singleton] the state-of-the-art,the state-of-the-art,1
116,DAFormer: Improving Network Architectures and Training Strategies for Domain-Adaptive Semantic Segmentation,[singleton] 10.8 mIoU,10.8 mIoU,1
116,DAFormer: Improving Network Architectures and Training Strategies for Domain-Adaptive Semantic Segmentation,[singleton] GTA-to-Cityscapes,GTA-to-Cityscapes,1
116,DAFormer: Improving Network Architectures and Training Strategies for Domain-Adaptive Semantic Segmentation,[singleton] 5.4 mIoU,5.4 mIoU,1
116,DAFormer: Improving Network Architectures and Training Strategies for Domain-Adaptive Semantic Segmentation,[singleton] Synthia-to-Cityscapes,Synthia-to-Cityscapes,1
116,DAFormer: Improving Network Architectures and Training Strategies for Domain-Adaptive Semantic Segmentation,[self-reference],we first benchmark; we propose,2
117,IQE-CLIP: Instance-aware Query Embedding for Zero-/Few-shot Anomaly Detection in Medical Domain,CLIP,CLIP; CLIP; CLIP,3
117,IQE-CLIP: Instance-aware Query Embedding for Zero-/Few-shot Anomaly Detection in Medical Domain,existing CLIP based ZFSAD methods,most existing CLIP based ZFSAD methods; these ZFSAD methods,2
117,IQE-CLIP: Instance-aware Query Embedding for Zero-/Few-shot Anomaly Detection in Medical Domain,carefully crafted text prompts,carefully crafted prompts tailored to specific scenarios; such meticulously designed text prompts; they,3
117,IQE-CLIP: Instance-aware Query Embedding for Zero-/Few-shot Anomaly Detection in Medical Domain,IQE-CLIP,"an innovative framework for ZFSAD tasks in medical domain, denoted as IQE-CLIP; IQE-CLIP",2
117,IQE-CLIP: Instance-aware Query Embedding for Zero-/Few-shot Anomaly Detection in Medical Domain,query embeddings,query embeddings; which; query embeddings that are more sensitive to anomalies,3
117,IQE-CLIP: Instance-aware Query Embedding for Zero-/Few-shot Anomaly Detection in Medical Domain,[singleton] vision-language models,vision-language models,1
117,IQE-CLIP: Instance-aware Query Embedding for Zero-/Few-shot Anomaly Detection in Medical Domain,[singleton] zero-/few-shot anomaly detection tasks,zero-/few-shot anomaly detection tasks,1
117,IQE-CLIP: Instance-aware Query Embedding for Zero-/Few-shot Anomaly Detection in Medical Domain,[singleton] prior knowledge of categories,prior knowledge of categories,1
117,IQE-CLIP: Instance-aware Query Embedding for Zero-/Few-shot Anomaly Detection in Medical Domain,[singleton] semantic information in the textual space,semantic information in the textual space,1
117,IQE-CLIP: Instance-aware Query Embedding for Zero-/Few-shot Anomaly Detection in Medical Domain,[singleton] the joint embedding space,the joint embedding space,1
117,IQE-CLIP: Instance-aware Query Embedding for Zero-/Few-shot Anomaly Detection in Medical Domain,[singleton] industrial scenarios,industrial scenarios,1
117,IQE-CLIP: Instance-aware Query Embedding for Zero-/Few-shot Anomaly Detection in Medical Domain,[singleton] class based prompting tokens,class based prompting tokens,1
117,IQE-CLIP: Instance-aware Query Embedding for Zero-/Few-shot Anomaly Detection in Medical Domain,[singleton] learnable prompting tokens,learnable prompting tokens,1
117,IQE-CLIP: Instance-aware Query Embedding for Zero-/Few-shot Anomaly Detection in Medical Domain,[singleton] an instance-aware query module,an instance-aware query module,1
117,IQE-CLIP: Instance-aware Query Embedding for Zero-/Few-shot Anomaly Detection in Medical Domain,[singleton] region-level contextual information,region-level contextual information,1
117,IQE-CLIP: Instance-aware Query Embedding for Zero-/Few-shot Anomaly Detection in Medical Domain,[singleton] visual features,visual features,1
117,IQE-CLIP: Instance-aware Query Embedding for Zero-/Few-shot Anomaly Detection in Medical Domain,[singleton] six medical datasets,six medical datasets,1
117,IQE-CLIP: Instance-aware Query Embedding for Zero-/Few-shot Anomaly Detection in Medical Domain,[singleton] state-of-the-art performance,state-of-the-art performance,1
117,IQE-CLIP: Instance-aware Query Embedding for Zero-/Few-shot Anomaly Detection in Medical Domain,[self-reference],we; We; we; we,4
118,On a synergistic learning phenomenon in nonparametric domain adaptation,nonparametric domain adaptation for regression,nonparametric domain adaptation for regression; which,2
118,On a synergistic learning phenomenon in nonparametric domain adaptation,the covariates,the covariates; the covariates,2
118,On a synergistic learning phenomenon in nonparametric domain adaptation,the source data,the source data; the source data; the source data; The source data; the source data,5
118,On a synergistic learning phenomenon in nonparametric domain adaptation,the regression function,the regression function; the regression function; the regression function; the regression function,4
118,On a synergistic learning phenomenon in nonparametric domain adaptation,the target data,the target data; the target data; the target data,3
118,On a synergistic learning phenomenon in nonparametric domain adaptation,the minimax convergence rate,the minimax convergence rate; the minimax convergence rate,2
118,On a synergistic learning phenomenon in nonparametric domain adaptation,the synergistic learning phenomenon (SLP),a new synergistic learning phenomenon; The SLP; the SLP,3
118,On a synergistic learning phenomenon in nonparametric domain adaptation,[singleton] the same conditional distribution of the response given the covariates,the same conditional distribution of the response given the covariates,1
118,On a synergistic learning phenomenon in nonparametric domain adaptation,[singleton] the likelihood ratio of the covariate marginal distributions of the target data and the source data,the likelihood ratio of the covariate marginal distributions of the target data and the source data,1
118,On a synergistic learning phenomenon in nonparametric domain adaptation,[singleton] A previous work of Pathak et al. (2022),A previous work of Pathak et al. (2022),1
118,On a synergistic learning phenomenon in nonparametric domain adaptation,[singleton] the minimax transfer learning rate,the minimax transfer learning rate,1
118,On a synergistic learning phenomenon in nonparametric domain adaptation,[singleton] the better rate of convergence based on the source or target data only,the better rate of convergence based on the source or target data only,1
118,On a synergistic learning phenomenon in nonparametric domain adaptation,[singleton] the target sample size,the target sample size,1
118,On a synergistic learning phenomenon in nonparametric domain adaptation,[singleton] the source sample size,the source sample size,1
118,On a synergistic learning phenomenon in nonparametric domain adaptation,[singleton] the two sample sizes,the two sample sizes,1
118,On a synergistic learning phenomenon in nonparametric domain adaptation,[singleton] the covariate densities of the source and target distributions,the covariate densities of the source and target distributions,1
118,On a synergistic learning phenomenon in nonparametric domain adaptation,[singleton] unknown source and target parameters,unknown source and target parameters,1
118,On a synergistic learning phenomenon in nonparametric domain adaptation,[self-reference],we,1
119,CiteWorth: Cite-Worthiness Detection for Improved Scientific Document Understanding,CiteWorth dataset,"CiteWorth, a large, contextualized, rigorously cleaned labelled dataset for cite-worthiness detection built from a massive corpus of extracted plain-text scientific documents; CiteWorth",2
119,CiteWorth: Cite-Worthiness Detection for Improved Scientific Document Understanding,cite-worthiness detection task,cite-worthiness detection in English; cite-worthiness detection,2
119,CiteWorth: Cite-Worthiness Detection for Improved Scientific Document Understanding,best performing cite-worthiness detection model,Our best performing cite-worthiness detection model; a paragraph-level contextualized sentence labelling model based on Longformer,2
119,CiteWorth: Cite-Worthiness Detection for Improved Scientific Document Understanding,SciBERT,SciBERT; which,2
119,CiteWorth: Cite-Worthiness Detection for Improved Scientific Document Understanding,[singleton] Scientific document understanding,Scientific document understanding,1
119,CiteWorth: Cite-Worthiness Detection for Improved Scientific Document Understanding,[singleton] Longformer,Longformer,1
119,CiteWorth: Cite-Worthiness Detection for Improved Scientific Document Understanding,[singleton] a sentence,a sentence,1
119,CiteWorth: Cite-Worthiness Detection for Improved Scientific Document Understanding,[singleton] an external source,an external source,1
119,CiteWorth: Cite-Worthiness Detection for Improved Scientific Document Understanding,[singleton] domain adaptation,domain adaptation,1
119,CiteWorth: Cite-Worthiness Detection for Improved Scientific Document Understanding,[singleton] a 5 F1 point improvement,a 5 F1 point improvement,1
119,CiteWorth: Cite-Worthiness Detection for Improved Scientific Document Understanding,[singleton] language model fine-tuning,language model fine-tuning,1
119,CiteWorth: Cite-Worthiness Detection for Improved Scientific Document Understanding,[singleton] downstream scientific document understanding tasks,downstream scientific document understanding tasks,1
119,CiteWorth: Cite-Worthiness Detection for Improved Scientific Document Understanding,[singleton] individual sentences,individual sentences,1
119,CiteWorth: Cite-Worthiness Detection for Improved Scientific Document Understanding,[self-reference],we; we; We; Our; we,5
120,Tailoring deep learning for real-time brain-computer interfaces: From offline models to calibration-free online decoding,three primary challenges,three primary challenges; these challenges,2
120,Tailoring deep learning for real-time brain-computer interfaces: From offline models to calibration-free online decoding,realtime adaptive pooling (RAP),realtime adaptive pooling; a novel parameter-free method; RAP; It; our method; RAP; It,7
120,Tailoring deep learning for real-time brain-computer interfaces: From offline models to calibration-free online decoding,deep learning (DL),deep learning; DL,2
120,Tailoring deep learning for real-time brain-computer interfaces: From offline models to calibration-free online decoding,[singleton] offline brain-computer interfaces,offline brain-computer interfaces,1
120,Tailoring deep learning for real-time brain-computer interfaces: From offline models to calibration-free online decoding,[singleton] most DL solutions,most DL solutions,1
120,Tailoring deep learning for real-time brain-computer interfaces: From offline models to calibration-free online decoding,[singleton] DL models,DL models,1
120,Tailoring deep learning for real-time brain-computer interfaces: From offline models to calibration-free online decoding,[singleton] large amounts of training data,large amounts of training data,1
120,Tailoring deep learning for real-time brain-computer interfaces: From offline models to calibration-free online decoding,[singleton] the pooling layers of existing offline DL models,the pooling layers of existing offline DL models,1
120,Tailoring deep learning for real-time brain-computer interfaces: From offline models to calibration-free online decoding,[singleton] consecutive sliding windows,consecutive sliding windows,1
120,Tailoring deep learning for real-time brain-computer interfaces: From offline models to calibration-free online decoding,[singleton] source-free domain adaptation,source-free domain adaptation,1
120,Tailoring deep learning for real-time brain-computer interfaces: From offline models to calibration-free online decoding,[singleton] target data,target data,1
120,Tailoring deep learning for real-time brain-computer interfaces: From offline models to calibration-free online decoding,[singleton] a robust and efficient framework for real-time BCI applications,a robust and efficient framework for real-time BCI applications,1
120,Tailoring deep learning for real-time brain-computer interfaces: From offline models to calibration-free online decoding,[singleton] co-adaptive BCI systems,co-adaptive BCI systems,1
120,Tailoring deep learning for real-time brain-computer interfaces: From offline models to calibration-free online decoding,[singleton] online BCIs,online BCIs,1
120,Tailoring deep learning for real-time brain-computer interfaces: From offline models to calibration-free online decoding,"[singleton] user-centered, high-performance BCIs","user-centered, high-performance BCIs",1
120,Tailoring deep learning for real-time brain-computer interfaces: From offline models to calibration-free online decoding,[self-reference],we; our; Our,3
121,ADEPT: Continual Pretraining via Adaptive Expansion and Dynamic Decoupled Tuning,ADEPT,ADEPT; ADEPT; It; ADEPT,4
121,ADEPT: Continual Pretraining via Adaptive Expansion and Dynamic Decoupled Tuning,[singleton] catastrophic forgetting,catastrophic forgetting,1
121,ADEPT: Continual Pretraining via Adaptive Expansion and Dynamic Decoupled Tuning,[singleton] layer expansion,layer expansion,1
121,ADEPT: Continual Pretraining via Adaptive Expansion and Dynamic Decoupled Tuning,[singleton] pilot studies,pilot studies,1
121,ADEPT: Continual Pretraining via Adaptive Expansion and Dynamic Decoupled Tuning,[singleton] functional specialization,functional specialization,1
121,ADEPT: Continual Pretraining via Adaptive Expansion and Dynamic Decoupled Tuning,[singleton] General-Competence Guided Selective Layer Expansion,General-Competence Guided Selective Layer Expansion,1
121,ADEPT: Continual Pretraining via Adaptive Expansion and Dynamic Decoupled Tuning,[singleton] Adaptive Unit-Wise Decoupled Tuning,Adaptive Unit-Wise Decoupled Tuning,1
121,ADEPT: Continual Pretraining via Adaptive Expansion and Dynamic Decoupled Tuning,[singleton] asymmetric learning rates,asymmetric learning rates,1
121,ADEPT: Continual Pretraining via Adaptive Expansion and Dynamic Decoupled Tuning,[singleton] mathematical and medical benchmarks,mathematical and medical benchmarks,1
121,ADEPT: Continual Pretraining via Adaptive Expansion and Dynamic Decoupled Tuning,[singleton] full-parameter CPT,full-parameter CPT,1
121,ADEPT: Continual Pretraining via Adaptive Expansion and Dynamic Decoupled Tuning,[singleton] Ablation studies,Ablation studies,1
121,ADEPT: Continual Pretraining via Adaptive Expansion and Dynamic Decoupled Tuning,[singleton] theoretical analysis,theoretical analysis,1
121,ADEPT: Continual Pretraining via Adaptive Expansion and Dynamic Decoupled Tuning,[self-reference],Our; We,2
122,Unsupervised Attention Regularization Based Domain Adaptation for Oracle Character Recognition,unsupervised attention regularization network (UARN),a novel unsupervised domain adaptation method; unsupervised attention regularization net?work; our method; UARN,4
122,Unsupervised Attention Regularization Based Domain Adaptation for Oracle Character Recognition,oracle characters,oracle characters; these oracle characters,2
122,Unsupervised Attention Regularization Based Domain Adaptation for Oracle Character Recognition,[singleton] Chinese archaeology and philology,Chinese archaeology and philology,1
122,Unsupervised Attention Regularization Based Domain Adaptation for Oracle Character Recognition,[singleton] real-world scanned oracle characters,real-world scanned oracle characters,1
122,Unsupervised Attention Regularization Based Domain Adaptation for Oracle Character Recognition,[singleton] oracle character recognition,oracle character recognition,1
122,Unsupervised Attention Regularization Based Domain Adaptation for Oracle Character Recognition,[singleton] labeled handprinted oracle characters,labeled handprinted oracle characters,1
122,Unsupervised Attention Regularization Based Domain Adaptation for Oracle Character Recognition,[singleton] unlabeled scanned data,unlabeled scanned data,1
122,Unsupervised Attention Regularization Based Domain Adaptation for Oracle Character Recognition,[singleton] existing UDA methods,existing UDA methods,1
122,Unsupervised Attention Regularization Based Domain Adaptation for Oracle Character Recognition,[singleton] human priors,human priors,1
122,Unsupervised Attention Regularization Based Domain Adaptation for Oracle Character Recognition,[singleton] the target domain,the target domain,1
122,Unsupervised Attention Regularization Based Domain Adaptation for Oracle Character Recognition,[singleton] model interpretations,model interpretations,1
122,Unsupervised Attention Regularization Based Domain Adaptation for Oracle Character Recognition,[singleton] visual perceptual plausibility,visual perceptual plausibility,1
122,Unsupervised Attention Regularization Based Domain Adaptation for Oracle Character Recognition,[singleton] attention consistency,attention consistency,1
122,Unsupervised Attention Regularization Based Domain Adaptation for Oracle Character Recognition,[singleton] the original and flipped images,the original and flipped images,1
122,Unsupervised Attention Regularization Based Domain Adaptation for Oracle Character Recognition,[singleton] attention separability,attention separability,1
122,Unsupervised Attention Regularization Based Domain Adaptation for Oracle Character Recognition,[singleton] the pseudo class,the pseudo class,1
122,Unsupervised Attention Regularization Based Domain Adaptation for Oracle Character Recognition,[singleton] the most confusing class,the most confusing class,1
122,Unsupervised Attention Regularization Based Domain Adaptation for Oracle Character Recognition,[singleton] Oracle-241 dataset,Oracle-241 dataset,1
122,Unsupervised Attention Regularization Based Domain Adaptation for Oracle Character Recognition,[singleton] the previously structure-texture separation network,the previously structure-texture separation network,1
122,Unsupervised Attention Regularization Based Domain Adaptation for Oracle Character Recognition,[self-reference],we; we; we; our; we,5
123,Diffusion-driven self-assembly of emerin nanodomains at the nuclear envelope,Emerin,Emerin; a nuclear membrane protein with important biological roles in mechanotransduction and nuclear shape adaptation; emerin and its nuclear binding partners,3
123,Diffusion-driven self-assembly of emerin nanodomains at the nuclear envelope,emerin nanodomains,nanometer-size domains at the inner nuclear membrane; these nanodomains; emerin nanodomains; emerin nanodomains; emerin nanodomains,5
123,Diffusion-driven self-assembly of emerin nanodomains at the nuclear envelope,the reaction-diffusion model,a simple reaction-diffusion model; Our model,2
123,Diffusion-driven self-assembly of emerin nanodomains at the nuclear envelope,[singleton] applied mechanical stress,applied mechanical stress,1
123,Diffusion-driven self-assembly of emerin nanodomains at the nuclear envelope,[singleton] emerin mutations associated with Emery-Dreifuss muscular dystrophy,emerin mutations associated with Emery-Dreifuss muscular dystrophy,1
123,Diffusion-driven self-assembly of emerin nanodomains at the nuclear envelope,[singleton] a combination of theory and experiment,a combination of theory and experiment,1
123,Diffusion-driven self-assembly of emerin nanodomains at the nuclear envelope,[singleton] experimental observations,experimental observations,1
123,Diffusion-driven self-assembly of emerin nanodomains at the nuclear envelope,[singleton] wild-type emerin,wild-type emerin,1
123,Diffusion-driven self-assembly of emerin nanodomains at the nuclear envelope,[singleton] EDMD-associated mutations of emerin,EDMD-associated mutations of emerin,1
123,Diffusion-driven self-assembly of emerin nanodomains at the nuclear envelope,[singleton] emerin diffusion coefficients,emerin diffusion coefficients,1
123,Diffusion-driven self-assembly of emerin nanodomains at the nuclear envelope,[singleton] EDMD-associated defects in emerin organization,EDMD-associated defects in emerin organization,1
123,Diffusion-driven self-assembly of emerin nanodomains at the nuclear envelope,[self-reference],we; Our; Our,3
124,DINE: Domain Adaptation from Single and Multiple Black-box Predictors,unsupervised domain adaptation (UDA),unsupervised domain adaptation; UDA,2
124,DINE: Domain Adaptation from Single and Multiple Black-box Predictors,the target dataset/domain,a new unlabeled dataset (target); the target domain; the target domain,3
124,DINE: Domain Adaptation from Single and Multiple Black-box Predictors,the well-trained white-box source model,the well-trained white-box model from the source domain; it,2
124,DINE: Domain Adaptation from Single and Multiple Black-box Predictors,DINE (DIstill and fine-tuNE),a new two-step knowledge adaptation framework called DIstill and fine-tuNE; DINE; DINE; DINE,4
124,DINE: Domain Adaptation from Single and Multiple Black-box Predictors,the customized target model,a customized target model; the distilled model,2
124,DINE: Domain Adaptation from Single and Multiple Black-box Predictors,[singleton] previous and related labeled datasets (sources),previous and related labeled datasets (sources),1
124,DINE: Domain Adaptation from Single and Multiple Black-box Predictors,[singleton] the raw source data,the raw source data,1
124,DINE: Domain Adaptation from Single and Multiple Black-box Predictors,[singleton] data-dependent alignment approaches,data-dependent alignment approaches,1
124,DINE: Domain Adaptation from Single and Multiple Black-box Predictors,[singleton] the target samples,the target samples,1
124,DINE: Domain Adaptation from Single and Multiple Black-box Predictors,[singleton] privacy concerns from source individuals,privacy concerns from source individuals,1
124,DINE: Domain Adaptation from Single and Multiple Black-box Predictors,[singleton] generative adversarial learning,generative adversarial learning,1
124,DINE: Domain Adaptation from Single and Multiple Black-box Predictors,[singleton] black-box source models,black-box source models,1
124,DINE: Domain Adaptation from Single and Multiple Black-box Predictors,[singleton] the target data structure,the target data structure,1
124,DINE: Domain Adaptation from Single and Multiple Black-box Predictors,[singleton] the source predictor,the source predictor,1
124,DINE: Domain Adaptation from Single and Multiple Black-box Predictors,[singleton] neural networks,neural networks,1
124,DINE: Domain Adaptation from Single and Multiple Black-box Predictors,[singleton] a low-resource device,a low-resource device,1
124,DINE: Domain Adaptation from Single and Multiple Black-box Predictors,[singleton] three UDA scenarios,three UDA scenarios,1
124,DINE: Domain Adaptation from Single and Multiple Black-box Predictors,[singleton] state-of-the-art data-dependent approaches,state-of-the-art data-dependent approaches,1
124,DINE: Domain Adaptation from Single and Multiple Black-box Predictors,[self-reference],we,1
125,Population Expansion for Training Language Models with Private Federated Learning,Federated learning (FL),Federated learning; FL,2
125,Population Expansion for Training Language Models with Private Federated Learning,differential privacy (DP),differential privacy; DP; DP,3
125,Population Expansion for Training Language Models with Private Federated Learning,proposed domain adaptation techniques,domain adaptation techniques; our techniques,2
125,Population Expansion for Training Language Models with Private Federated Learning,[singleton] distributed devices,distributed devices,1
125,Population Expansion for Training Language Models with Private Federated Learning,[singleton] a formal privacy guarantee,a formal privacy guarantee,1
125,Population Expansion for Training Language Models with Private Federated Learning,[singleton] a large population of devices,a large population of devices,1
125,Population Expansion for Training Language Models with Private Federated Learning,[singleton] a performant model,a performant model,1
125,Population Expansion for Training Language Models with Private Federated Learning,[singleton] the model utility,the model utility,1
125,Population Expansion for Training Language Models with Private Federated Learning,[singleton] the DP noise,the DP noise,1
125,Population Expansion for Training Language Models with Private Federated Learning,[singleton] the training latency,the training latency,1
125,Population Expansion for Training Language Models with Private Federated Learning,[singleton] enough clients,enough clients,1
125,Population Expansion for Training Language Models with Private Federated Learning,[singleton] the final model quality,the final model quality,1
125,Population Expansion for Training Language Models with Private Federated Learning,[singleton] real-world language modeling datasets,real-world language modeling datasets,1
125,Population Expansion for Training Language Models with Private Federated Learning,[self-reference],we; We; our,3
126,Semi-supervised Domain Adaptation on Graphs with Contrastive Learning and Minimax Entropy,SemiGCL,SemiGCL; SemiGCL; SemiGCL; SemiGCL,4
126,Semi-supervised Domain Adaptation on Graphs with Contrastive Learning and Minimax Entropy,SSDA tasks,SSDA tasks; the SSDA tasks,2
126,Semi-supervised Domain Adaptation on Graphs with Contrastive Learning and Minimax Entropy,[singleton] Label scarcity,Label scarcity,1
126,Semi-supervised Domain Adaptation on Graphs with Contrastive Learning and Minimax Entropy,[singleton] semi-supervised domain adaptation on graphs,semi-supervised domain adaptation on graphs,1
126,Semi-supervised Domain Adaptation on Graphs with Contrastive Learning and Minimax Entropy,[singleton] a labeled source graph,a labeled source graph,1
126,Semi-supervised Domain Adaptation on Graphs with Contrastive Learning and Minimax Entropy,[singleton] a target graph with limited labels,a target graph with limited labels,1
126,Semi-supervised Domain Adaptation on Graphs with Contrastive Learning and Minimax Entropy,[singleton] the domain gap between the source and target graphs,the domain gap between the source and target graphs,1
126,Semi-supervised Domain Adaptation on Graphs with Contrastive Learning and Minimax Entropy,[singleton] the existing approaches designed for cross-graph node classification,the existing approaches designed for cross-graph node classification,1
126,Semi-supervised Domain Adaptation on Graphs with Contrastive Learning and Minimax Entropy,[singleton] minimax entropy training,minimax entropy training,1
126,Semi-supervised Domain Adaptation on Graphs with Contrastive Learning and Minimax Entropy,[singleton] informative node representations,informative node representations,1
126,Semi-supervised Domain Adaptation on Graphs with Contrastive Learning and Minimax Entropy,[singleton] the entropy loss of unlabeled target nodes,the entropy loss of unlabeled target nodes,1
126,Semi-supervised Domain Adaptation on Graphs with Contrastive Learning and Minimax Entropy,[singleton] benchmark datasets,benchmark datasets,1
126,Semi-supervised Domain Adaptation on Graphs with Contrastive Learning and Minimax Entropy,[singleton] the state-of-the-art baselines,the state-of-the-art baselines,1
127,Divide-and-Conquer Decoupled Network for Cross-Domain Few-Shot Segmentation,Divide-and-Conquer Decoupled Network (DCDNet),a Divide-and-Conquer Decoupled Network; DCDNet,2
127,Divide-and-Conquer Decoupled Network for Cross-Domain Few-Shot Segmentation,Adversarial-Contrastive Feature Decomposition module,the Adversarial-Contrastive Feature Decomposition module; It,2
127,Divide-and-Conquer Decoupled Network for Cross-Domain Few-Shot Segmentation,Matrix-Guided Dynamic Fusion module (MGDF),the Matrix-Guided Dynamic Fusion module; the MGDF,2
127,Divide-and-Conquer Decoupled Network for Cross-Domain Few-Shot Segmentation,[singleton] Cross-domain few-shot segmentation,Cross-domain few-shot segmentation,1
127,Divide-and-Conquer Decoupled Network for Cross-Domain Few-Shot Segmentation,[singleton] novel classes,novel classes,1
127,Divide-and-Conquer Decoupled Network for Cross-Domain Few-Shot Segmentation,[singleton] unseen domains,unseen domains,1
127,Divide-and-Conquer Decoupled Network for Cross-Domain Few-Shot Segmentation,[singleton] encoder features,encoder features,1
127,Divide-and-Conquer Decoupled Network for Cross-Domain Few-Shot Segmentation,[singleton] backbone features,backbone features,1
127,Divide-and-Conquer Decoupled Network for Cross-Domain Few-Shot Segmentation,[singleton] contrastive learning,contrastive learning,1
127,Divide-and-Conquer Decoupled Network for Cross-Domain Few-Shot Segmentation,[singleton] adversarial learning,adversarial learning,1
127,Divide-and-Conquer Decoupled Network for Cross-Domain Few-Shot Segmentation,[singleton] the Cross-Adaptive Modulation module,the Cross-Adaptive Modulation module,1
127,Divide-and-Conquer Decoupled Network for Cross-Domain Few-Shot Segmentation,[singleton] four challenging datasets,four challenging datasets,1
127,Divide-and-Conquer Decoupled Network for Cross-Domain Few-Shot Segmentation,[singleton] existing CD-FSS methods,existing CD-FSS methods,1
127,Divide-and-Conquer Decoupled Network for Cross-Domain Few-Shot Segmentation,[self-reference],we propose a Divide-and-Conquer Decoupled Network; we propose the Adversarial-Contrastive Feature Decomposition module,2
128,"Graph Learning under Distribution Shifts: A Comprehensive Survey on Domain Adaptation, Out-of-distribution, and Continual Learning",graph learning (field),Graph learning; its effectiveness,2
128,"Graph Learning under Distribution Shifts: A Comprehensive Survey on Domain Adaptation, Out-of-distribution, and Continual Learning",graph learning methods,graph learning methods; their effectiveness; existing graph learning methods,3
128,"Graph Learning under Distribution Shifts: A Comprehensive Survey on Domain Adaptation, Out-of-distribution, and Continual Learning",the severe graph data distribution shift issue,the severe graph data distribution shift issue; This issue,2
128,"Graph Learning under Distribution Shifts: A Comprehensive Survey on Domain Adaptation, Out-of-distribution, and Continual Learning",distribution shifts,distribution shifts; which,2
128,"Graph Learning under Distribution Shifts: A Comprehensive Survey on Domain Adaptation, Out-of-distribution, and Continual Learning",this survey,this survey; The survey,2
128,"Graph Learning under Distribution Shifts: A Comprehensive Survey on Domain Adaptation, Out-of-distribution, and Continual Learning",[singleton] social network analysis,social network analysis,1
128,"Graph Learning under Distribution Shifts: A Comprehensive Survey on Domain Adaptation, Out-of-distribution, and Continual Learning",[singleton] recommendation systems,recommendation systems,1
128,"Graph Learning under Distribution Shifts: A Comprehensive Survey on Domain Adaptation, Out-of-distribution, and Continual Learning",[singleton] graph structural data,graph structural data,1
128,"Graph Learning under Distribution Shifts: A Comprehensive Survey on Domain Adaptation, Out-of-distribution, and Continual Learning",[singleton] the real-world graph data,the real-world graph data,1
128,"Graph Learning under Distribution Shifts: A Comprehensive Survey on Domain Adaptation, Out-of-distribution, and Continual Learning",[singleton] node attributes,node attributes,1
128,"Graph Learning under Distribution Shifts: A Comprehensive Survey on Domain Adaptation, Out-of-distribution, and Continual Learning",[singleton] edge structure,edge structure,1
128,"Graph Learning under Distribution Shifts: A Comprehensive Survey on Domain Adaptation, Out-of-distribution, and Continual Learning",[singleton] the inference stage,the inference stage,1
128,"Graph Learning under Distribution Shifts: A Comprehensive Survey on Domain Adaptation, Out-of-distribution, and Continual Learning",[singleton] the training stage,the training stage,1
128,"Graph Learning under Distribution Shifts: A Comprehensive Survey on Domain Adaptation, Out-of-distribution, and Continual Learning",[singleton] graph domain adaptation learning,graph domain adaptation learning,1
128,"Graph Learning under Distribution Shifts: A Comprehensive Survey on Domain Adaptation, Out-of-distribution, and Continual Learning",[singleton] graph out-of-distribution learning,graph out-of-distribution learning,1
128,"Graph Learning under Distribution Shifts: A Comprehensive Survey on Domain Adaptation, Out-of-distribution, and Continual Learning",[singleton] graph continual learning,graph continual learning,1
128,"Graph Learning under Distribution Shifts: A Comprehensive Survey on Domain Adaptation, Out-of-distribution, and Continual Learning",[singleton] a detailed taxonomy,a detailed taxonomy,1
128,"Graph Learning under Distribution Shifts: A Comprehensive Survey on Domain Adaptation, Out-of-distribution, and Continual Learning",[singleton] effective graph learning algorithms,effective graph learning algorithms,1
128,"Graph Learning under Distribution Shifts: A Comprehensive Survey on Domain Adaptation, Out-of-distribution, and Continual Learning",[self-reference],we; we; we,3
129,Unsupervised Adversarial Domain Adaptation for Implicit Discourse Relation Classification,implicit discourse relations,Implicit discourse relations; implicit relations,2
129,Unsupervised Adversarial Domain Adaptation for Implicit Discourse Relation Classification,explicit relations,their explicit counterparts; explicit relations,2
129,Unsupervised Adversarial Domain Adaptation for Implicit Discourse Relation Classification,the proposed unsupervised adversarial domain adaptive network,an unsupervised adversarial domain adaptive network equipped with a reconstruction component; Our system; our system,3
129,Unsupervised Adversarial Domain Adaptation for Implicit Discourse Relation Classification,[singleton] training data,training data,1
129,Unsupervised Adversarial Domain Adaptation for Implicit Discourse Relation Classification,[singleton] domain adaptation,domain adaptation,1
129,Unsupervised Adversarial Domain Adaptation for Implicit Discourse Relation Classification,[singleton] a reconstruction component,a reconstruction component,1
129,Unsupervised Adversarial Domain Adaptation for Implicit Discourse Relation Classification,[singleton] prior works,prior works,1
129,Unsupervised Adversarial Domain Adaptation for Implicit Discourse Relation Classification,[singleton] other adversarial benchmarks,other adversarial benchmarks,1
129,Unsupervised Adversarial Domain Adaptation for Implicit Discourse Relation Classification,[singleton] unsupervised domain adaptation,unsupervised domain adaptation,1
129,Unsupervised Adversarial Domain Adaptation for Implicit Discourse Relation Classification,[singleton] labeled data,labeled data,1
129,Unsupervised Adversarial Domain Adaptation for Implicit Discourse Relation Classification,[self-reference],We; Our; we; our,4
130,Towards Source-free Domain Adaptive Semantic Segmentation via Importance-aware and Prototype-contrast Learning,Source-free domain adaptation,Source-free domain adaptation; as a more practical technique; it; It,4
130,Towards Source-free Domain Adaptive Semantic Segmentation via Importance-aware and Prototype-contrast Learning,well-trained source model,a well-trained source model; the well-trained source model; the source model; the source model,4
130,Towards Source-free Domain Adaptive Semantic Segmentation via Importance-aware and Prototype-contrast Learning,IAPC framework,an end-to-end source-free domain adaptation semantic segmentation method via Importance-Aware and Prototype-Contrast learning; The proposed IAPC framework; the proposed end-to-end IAPC solution,3
130,Towards Source-free Domain Adaptive Semantic Segmentation via Importance-aware and Prototype-contrast Learning,unlabeled target data,unlabeled target data; the target data,2
130,Towards Source-free Domain Adaptive Semantic Segmentation via Importance-aware and Prototype-contrast Learning,the target domain,the target domain; the unlabeled target domain; the target domain,3
130,Towards Source-free Domain Adaptive Semantic Segmentation via Importance-aware and Prototype-contrast Learning,domain shift,domain shift; domain shift,2
130,Towards Source-free Domain Adaptive Semantic Segmentation via Importance-aware and Prototype-contrast Learning,domain-invariant knowledge,domain-invariant knowledge; domain-invariant knowledge,2
130,Towards Source-free Domain Adaptive Semantic Segmentation via Importance-aware and Prototype-contrast Learning,[singleton] Domain adaptive semantic segmentation,Domain adaptive semantic segmentation,1
130,Towards Source-free Domain Adaptive Semantic Segmentation via Importance-aware and Prototype-contrast Learning,[singleton] data privacy and storage limitations,data privacy and storage limitations,1
130,Towards Source-free Domain Adaptive Semantic Segmentation via Importance-aware and Prototype-contrast Learning,[singleton] typical unsupervised domain adaptation methods,typical unsupervised domain adaptation methods,1
130,Towards Source-free Domain Adaptive Semantic Segmentation via Importance-aware and Prototype-contrast Learning,[singleton] intelligent vehicles,intelligent vehicles,1
130,Towards Source-free Domain Adaptive Semantic Segmentation via Importance-aware and Prototype-contrast Learning,[singleton] source data,source data,1
130,Towards Source-free Domain Adaptive Semantic Segmentation via Importance-aware and Prototype-contrast Learning,[singleton] target labels,target labels,1
130,Towards Source-free Domain Adaptive Semantic Segmentation via Importance-aware and Prototype-contrast Learning,[singleton] domain-specific knowledge,domain-specific knowledge,1
130,Towards Source-free Domain Adaptive Semantic Segmentation via Importance-aware and Prototype-contrast Learning,[singleton] an importance-aware mechanism,an importance-aware mechanism,1
130,Towards Source-free Domain Adaptive Semantic Segmentation via Importance-aware and Prototype-contrast Learning,[singleton] the biased target prediction probability distribution,the biased target prediction probability distribution,1
130,Towards Source-free Domain Adaptive Semantic Segmentation via Importance-aware and Prototype-contrast Learning,[singleton] a prototype-contrast strategy,a prototype-contrast strategy,1
130,Towards Source-free Domain Adaptive Semantic Segmentation via Importance-aware and Prototype-contrast Learning,[singleton] a prototype-symmetric cross-entropy loss,a prototype-symmetric cross-entropy loss,1
130,Towards Source-free Domain Adaptive Semantic Segmentation via Importance-aware and Prototype-contrast Learning,[singleton] a prototype-enhanced cross-entropy loss,a prototype-enhanced cross-entropy loss,1
130,Towards Source-free Domain Adaptive Semantic Segmentation via Importance-aware and Prototype-contrast Learning,[singleton] target intra-domain knowledge,target intra-domain knowledge,1
130,Towards Source-free Domain Adaptive Semantic Segmentation via Importance-aware and Prototype-contrast Learning,[singleton] two domain adaptive semantic segmentation benchmarks,two domain adaptive semantic segmentation benchmarks,1
130,Towards Source-free Domain Adaptive Semantic Segmentation via Importance-aware and Prototype-contrast Learning,[singleton] existing state-of-the-art methods,existing state-of-the-art methods,1
130,Towards Source-free Domain Adaptive Semantic Segmentation via Importance-aware and Prototype-contrast Learning,[self-reference],we; we; We,3
131,Is SAM3 ready for pathology segmentation?,SAM3 (Segment Anything Model 3),Segment Anything Model 3; SAM3; SAM3; SAM3; SAM3; SAM3,6
131,Is SAM3 ready for pathology segmentation?,[singleton] Promptable Concept Segmentation,Promptable Concept Segmentation,1
131,Is SAM3 ready for pathology segmentation?,[singleton] text prompts,text prompts,1
131,Is SAM3 ready for pathology segmentation?,[singleton] a systematic evaluation protocol,a systematic evaluation protocol,1
131,Is SAM3 ready for pathology segmentation?,[singleton] NuInsSeg,NuInsSeg,1
131,Is SAM3 ready for pathology segmentation?,[singleton] PanNuke,PanNuke,1
131,Is SAM3 ready for pathology segmentation?,[singleton] GlaS,GlaS,1
131,Is SAM3 ready for pathology segmentation?,[singleton] text only prompts,text only prompts,1
131,Is SAM3 ready for pathology segmentation?,[singleton] few-shot learning,few-shot learning,1
131,Is SAM3 ready for pathology segmentation?,[singleton] task-trained adapter based reference,task-trained adapter based reference,1
131,Is SAM3 ready for pathology segmentation?,[singleton] pathology domain adaptation,pathology domain adaptation,1
131,Is SAM3 ready for pathology segmentation?,[self-reference],we; we; Our; Our,4
132,DARec: Deep Domain Adaptation for Cross-Domain Recommendation via Transferring Rating Patterns,various deep models,various deep models; them,2
132,DARec: Deep Domain Adaptation for Cross-Domain Recommendation via Transferring Rating Patterns,DARec (deep domain adaptation model),a deep domain adaptation model (DARec); that; our method,3
132,DARec: Deep Domain Adaptation for Cross-Domain Recommendation via Transferring Rating Patterns,[singleton] Cross-domain recommendation,Cross-domain recommendation,1
132,DARec: Deep Domain Adaptation for Cross-Domain Recommendation via Transferring Rating Patterns,[singleton] recommender systems,recommender systems,1
132,DARec: Deep Domain Adaptation for Cross-Domain Recommendation via Transferring Rating Patterns,[singleton] abstract transferable features,abstract transferable features,1
132,DARec: Deep Domain Adaptation for Cross-Domain Recommendation via Transferring Rating Patterns,[singleton] auxilliary contents,auxilliary contents,1
132,DARec: Deep Domain Adaptation for Cross-Domain Recommendation via Transferring Rating Patterns,[singleton] images and review texts,images and review texts,1
132,DARec: Deep Domain Adaptation for Cross-Domain Recommendation via Transferring Rating Patterns,[singleton] the rating matrix itself,the rating matrix itself,1
132,DARec: Deep Domain Adaptation for Cross-Domain Recommendation via Transferring Rating Patterns,[singleton] the concept of domain adaptation,the concept of domain adaptation,1
132,DARec: Deep Domain Adaptation for Cross-Domain Recommendation via Transferring Rating Patterns,[singleton] rating matrices,rating matrices,1
132,DARec: Deep Domain Adaptation for Cross-Domain Recommendation via Transferring Rating Patterns,[singleton] any auxillary information,any auxillary information,1
132,DARec: Deep Domain Adaptation for Cross-Domain Recommendation via Transferring Rating Patterns,[singleton] public datasets,public datasets,1
132,DARec: Deep Domain Adaptation for Cross-Domain Recommendation via Transferring Rating Patterns,[singleton] several state-of-the-art alternative cross-domain recommendation models,several state-of-the-art alternative cross-domain recommendation models,1
132,DARec: Deep Domain Adaptation for Cross-Domain Recommendation via Transferring Rating Patterns,[self-reference],we; We; our,3
133,Meta-ViterbiNet: Online Meta-Learned Viterbi Equalization for Non-Stationary Channels,DNN based receivers,Deep neural networks (DNNs) based digital receivers; DNN based receivers,2
133,Meta-ViterbiNet: Online Meta-Learned Viterbi Equalization for Non-Stationary Channels,Meta-ViterbiNet,"a DNN-aided symbol detector, Meta-ViterbiNet; Meta-ViterbiNet",2
133,Meta-ViterbiNet: Online Meta-Learned Viterbi Equalization for Non-Stationary Channels,ViterbiNet,"a model based/data-driven equalizer, ViterbiNet; ViterbiNet",2
133,Meta-ViterbiNet: Online Meta-Learned Viterbi Equalization for Non-Stationary Channels,[singleton] communication channels,communication channels,1
133,Meta-ViterbiNet: Online Meta-Learned Viterbi Equalization for Non-Stationary Channels,[singleton] lengthy pilot sequences,lengthy pilot sequences,1
133,Meta-ViterbiNet: Online Meta-Learned Viterbi Equalization for Non-Stationary Channels,[singleton] a meta-learning procedure,a meta-learning procedure,1
133,Meta-ViterbiNet: Online Meta-Learned Viterbi Equalization for Non-Stationary Channels,[singleton] the symbol detection problem,the symbol detection problem,1
133,Meta-ViterbiNet: Online Meta-Learned Viterbi Equalization for Non-Stationary Channels,[singleton] the hyperparameters of the learning algorithm,the hyperparameters of the learning algorithm,1
133,Meta-ViterbiNet: Online Meta-Learned Viterbi Equalization for Non-Stationary Channels,[singleton] a decision-directed approach based on coded communications,a decision-directed approach based on coded communications,1
133,Meta-ViterbiNet: Online Meta-Learned Viterbi Equalization for Non-Stationary Channels,[singleton] short-length pilot blocks,short-length pilot blocks,1
133,Meta-ViterbiNet: Online Meta-Learned Viterbi Equalization for Non-Stationary Channels,[singleton] conventional recurrent neural networks,conventional recurrent neural networks,1
133,Meta-ViterbiNet: Online Meta-Learned Viterbi Equalization for Non-Stationary Channels,[singleton] bit error rate,bit error rate,1
133,Meta-ViterbiNet: Online Meta-Learned Viterbi Equalization for Non-Stationary Channels,[singleton] Numerical results,Numerical results,1
133,Meta-ViterbiNet: Online Meta-Learned Viterbi Equalization for Non-Stationary Channels,[self-reference],we; We; We; We,4
134,MS3D: Leveraging Multiple Detectors for Unsupervised Domain Adaptation in 3D Object Detection,MS3D (Multi-Source 3D),Multi-Source 3D; MS3D; MS3D; it; Our method; MS3D,6
134,MS3D: Leveraging Multiple Detectors for Unsupervised Domain Adaptation in 3D Object Detection,3D detectors,3D detectors; they,2
134,MS3D: Leveraging Multiple Detectors for Unsupervised Domain Adaptation in 3D Object Detection,[singleton] a new self-training pipeline,a new self-training pipeline,1
134,MS3D: Leveraging Multiple Detectors for Unsupervised Domain Adaptation in 3D Object Detection,[singleton] unsupervised domain adaptation in 3D object detection,unsupervised domain adaptation in 3D object detection,1
134,MS3D: Leveraging Multiple Detectors for Unsupervised Domain Adaptation in 3D Object Detection,[singleton] specific domain biases,specific domain biases,1
134,MS3D: Leveraging Multiple Detectors for Unsupervised Domain Adaptation in 3D Object Detection,[singleton] Existing methods,Existing methods,1
134,MS3D: Leveraging Multiple Detectors for Unsupervised Domain Adaptation in 3D Object Detection,[singleton] a single detector,a single detector,1
134,MS3D: Leveraging Multiple Detectors for Unsupervised Domain Adaptation in 3D Object Detection,[singleton] the target domain,the target domain,1
134,MS3D: Leveraging Multiple Detectors for Unsupervised Domain Adaptation in 3D Object Detection,[singleton] different pre-trained detectors from multiple source domains,different pre-trained detectors from multiple source domains,1
134,MS3D: Leveraging Multiple Detectors for Unsupervised Domain Adaptation in 3D Object Detection,[singleton] temporal information,temporal information,1
134,MS3D: Leveraging Multiple Detectors for Unsupervised Domain Adaptation in 3D Object Detection,[singleton] Our proposed Kernel-Density Estimation Box Fusion method,Our proposed Kernel-Density Estimation Box Fusion method,1
134,MS3D: Leveraging Multiple Detectors for Unsupervised Domain Adaptation in 3D Object Detection,[singleton] box proposals,box proposals,1
134,MS3D: Leveraging Multiple Detectors for Unsupervised Domain Adaptation in 3D Object Detection,[singleton] the best source domain detectors,the best source domain detectors,1
134,MS3D: Leveraging Multiple Detectors for Unsupervised Domain Adaptation in 3D Object Detection,[singleton] domain shift,domain shift,1
134,MS3D: Leveraging Multiple Detectors for Unsupervised Domain Adaptation in 3D Object Detection,[singleton] high-to-low beam domain adaptation,high-to-low beam domain adaptation,1
134,MS3D: Leveraging Multiple Detectors for Unsupervised Domain Adaptation in 3D Object Detection,[singleton] all evaluated datasets,all evaluated datasets,1
134,MS3D: Leveraging Multiple Detectors for Unsupervised Domain Adaptation in 3D Object Detection,[singleton] the pre-trained detector s source dataset,the pre-trained detector s source dataset,1
134,MS3D: Leveraging Multiple Detectors for Unsupervised Domain Adaptation in 3D Object Detection,[singleton] real-world applications,real-world applications,1
134,MS3D: Leveraging Multiple Detectors for Unsupervised Domain Adaptation in 3D Object Detection,[self-reference],We; Our; Our; we,4
135,Mitigating the Impact of Speech Recognition Errors on Chatbot using Sequence-to-Sequence Model,the sequence-to-sequence model (proposed method),sequence-to-sequence model; our proposed model; The method; the sequence-to-sequence model,4
135,Mitigating the Impact of Speech Recognition Errors on Chatbot using Sequence-to-Sequence Model,speech recognition errors,speech recognition errors; the speech recognition errors,2
135,Mitigating the Impact of Speech Recognition Errors on Chatbot using Sequence-to-Sequence Model,ASR transcriptions,ASR transcriptions; the ASR transcriptions,2
135,Mitigating the Impact of Speech Recognition Errors on Chatbot using Sequence-to-Sequence Model,original text,original text; original text,2
135,Mitigating the Impact of Speech Recognition Errors on Chatbot using Sequence-to-Sequence Model,two individual encoders,two individual encoders; their,2
135,Mitigating the Impact of Speech Recognition Errors on Chatbot using Sequence-to-Sequence Model,[singleton] open domain end-to-end dialog generation,open domain end-to-end dialog generation,1
135,Mitigating the Impact of Speech Recognition Errors on Chatbot using Sequence-to-Sequence Model,[singleton] a domain adaptation problem,a domain adaptation problem,1
135,Mitigating the Impact of Speech Recognition Errors on Chatbot using Sequence-to-Sequence Model,[singleton] two different domains,two different domains,1
135,Mitigating the Impact of Speech Recognition Errors on Chatbot using Sequence-to-Sequence Model,[singleton] the decoder,the decoder,1
135,Mitigating the Impact of Speech Recognition Errors on Chatbot using Sequence-to-Sequence Model,[singleton] the same dialog text,the same dialog text,1
135,Mitigating the Impact of Speech Recognition Errors on Chatbot using Sequence-to-Sequence Model,[singleton] Cornell movie dialog dataset,Cornell movie dialog dataset,1
135,Mitigating the Impact of Speech Recognition Errors on Chatbot using Sequence-to-Sequence Model,[singleton] the domain adaption system,the domain adaption system,1
135,Mitigating the Impact of Speech Recognition Errors on Chatbot using Sequence-to-Sequence Model,[singleton] the spoken dialog system,the spoken dialog system,1
135,Mitigating the Impact of Speech Recognition Errors on Chatbot using Sequence-to-Sequence Model,[singleton] the original text answers,the original text answers,1
135,Mitigating the Impact of Speech Recognition Errors on Chatbot using Sequence-to-Sequence Model,[self-reference],We; our; In this paper,3
136,Toward Real-World High-Precision Image Matting and Segmentation,interactive methods,interactive methods; their class-agnostic design,2
136,Toward Real-World High-Precision Image Matting and Segmentation,FCLM (Foreground Consistent Learning model),a Foreground Consistent Learning model; FCLM; our method,3
136,Toward Real-World High-Precision Image Matting and Segmentation,synthetic data,inharmonious synthetic data; synthetic data,2
136,Toward Real-World High-Precision Image Matting and Segmentation,Object-Oriented Decoder,an Object-Oriented Decoder; that can receive both visual and language prompts,2
136,Toward Real-World High-Precision Image Matting and Segmentation,[singleton] image matting,image matting,1
136,Toward Real-World High-Precision Image Matting and Segmentation,[singleton] dichotomous segmentation,dichotomous segmentation,1
136,Toward Real-World High-Precision Image Matting and Segmentation,[singleton] Most existing methods,Most existing methods,1
136,Toward Real-World High-Precision Image Matting and Segmentation,"[singleton] salient, single foreground objects","salient, single foreground objects",1
136,Toward Real-World High-Precision Image Matting and Segmentation,[singleton] the scarcity of high-quality annotation,the scarcity of high-quality annotation,1
136,Toward Real-World High-Precision Image Matting and Segmentation,[singleton] a Depth-Aware Distillation strategy,a Depth-Aware Distillation strategy,1
136,Toward Real-World High-Precision Image Matting and Segmentation,[singleton] domain adaptation problem,domain adaptation problem,1
136,Toward Real-World High-Precision Image Matting and Segmentation,[singleton] a domain-invariant learning strategy,a domain-invariant learning strategy,1
136,Toward Real-World High-Precision Image Matting and Segmentation,[singleton] the referring target,the referring target,1
136,Toward Real-World High-Precision Image Matting and Segmentation,[singleton] SOTA methods,SOTA methods,1
136,Toward Real-World High-Precision Image Matting and Segmentation,[self-reference],we; we; we; we; we; our,6
137,Texture-Shape Bias Balancing for Robust Synthetic-to-Real Semantic Segmentation in Automotive NIR Imagery,target style adaptation (TSA),target style adaptation; TSA,2
137,Texture-Shape Bias Balancing for Robust Synthetic-to-Real Semantic Segmentation in Automotive NIR Imagery,the latent diffusion model,a latent diffusion model; it,2
137,Texture-Shape Bias Balancing for Robust Synthetic-to-Real Semantic Segmentation in Automotive NIR Imagery,[singleton] Near-Infrared imaging,Near-Infrared imaging,1
137,Texture-Shape Bias Balancing for Robust Synthetic-to-Real Semantic Segmentation in Automotive NIR Imagery,[singleton] Synthetic datasets,Synthetic datasets,1
137,Texture-Shape Bias Balancing for Robust Synthetic-to-Real Semantic Segmentation in Automotive NIR Imagery,[singleton] the first systematic study on synthetic to real domain adaptation for semantic segmentation in NIR images in the automotive domain,the first systematic study on synthetic to real domain adaptation for semantic segmentation in NIR images in the automotive domain,1
137,Texture-Shape Bias Balancing for Robust Synthetic-to-Real Semantic Segmentation in Automotive NIR Imagery,[singleton] a generative augmentation framework,a generative augmentation framework,1
137,Texture-Shape Bias Balancing for Robust Synthetic-to-Real Semantic Segmentation in Automotive NIR Imagery,[singleton] low-rank adaptation,low-rank adaptation,1
137,Texture-Shape Bias Balancing for Robust Synthetic-to-Real Semantic Segmentation in Automotive NIR Imagery,[singleton] a small curated set of real NIR images,a small curated set of real NIR images,1
137,Texture-Shape Bias Balancing for Robust Synthetic-to-Real Semantic Segmentation in Automotive NIR Imagery,[singleton] structure-preserving multi-signal conditioning,structure-preserving multi-signal conditioning,1
137,Texture-Shape Bias Balancing for Robust Synthetic-to-Real Semantic Segmentation in Automotive NIR Imagery,[singleton] a Voronoi based style diversification strategy,a Voronoi based style diversification strategy,1
137,Texture-Shape Bias Balancing for Robust Synthetic-to-Real Semantic Segmentation in Automotive NIR Imagery,[singleton] the domain gap,the domain gap,1
137,Texture-Shape Bias Balancing for Robust Synthetic-to-Real Semantic Segmentation in Automotive NIR Imagery,[singleton] The code,The code,1
137,Texture-Shape Bias Balancing for Robust Synthetic-to-Real Semantic Segmentation in Automotive NIR Imagery,[singleton] GitHub,GitHub,1
137,Texture-Shape Bias Balancing for Robust Synthetic-to-Real Semantic Segmentation in Automotive NIR Imagery,[self-reference],We; We; our; we; our,5
138,The TechQA Dataset,TechQA dataset,TechQA; a domain-adaptation question answering dataset for the technical support domain; The TechQA corpus; it; it; TechQA; The dataset,7
138,The TechQA Dataset,IBM Technote,a published IBM Technote; a technical document that addresses a specific technical issue,2
138,The TechQA Dataset,[singleton] the automated customer support domain,the automated customer support domain,1
138,The TechQA Dataset,[singleton] actual questions posed by users on a technical forum,actual questions posed by users on a technical forum,1
138,The TechQA Dataset,"[singleton] 600 training, 310 dev, and 490 evaluation question/answer pairs","600 training, 310 dev, and 490 evaluation question/answer pairs",1
138,The TechQA Dataset,[singleton] large labeled datasets,large labeled datasets,1
138,The TechQA Dataset,[singleton] domain adaptation,domain adaptation,1
138,The TechQA Dataset,[singleton] QA systems,QA systems,1
138,The TechQA Dataset,[singleton] the IBM Developer and IBM DeveloperWorks forums,the IBM Developer and IBM DeveloperWorks forums,1
138,The TechQA Dataset,[singleton] accepted answers,accepted answers,1
138,The TechQA Dataset,"[singleton] a collection of the 801,998 publicly available Technotes as of April 4, 2019","a collection of the 801,998 publicly available Technotes as of April 4, 2019",1
138,The TechQA Dataset,[singleton] pretraining,pretraining,1
138,The TechQA Dataset,[singleton] representations of the IT domain language,representations of the IT domain language,1
138,The TechQA Dataset,[self-reference],We; We,2
139,Unsupervised Domain Adaptation for Retinal Vessel Segmentation with Adversarial Learning and Transfer Normalization,deep learning based retinal vessel segmentation algorithms,deep learning based retinal vessel segmentation algorithms; these algorithms; they,3
139,Unsupervised Domain Adaptation for Retinal Vessel Segmentation with Adversarial Learning and Transfer Normalization,new data,new data that is different from the training data; new data,2
139,Unsupervised Domain Adaptation for Retinal Vessel Segmentation with Adversarial Learning and Transfer Normalization,entropy based adversarial learning strategy,entropy based adversarial learning; an entropy based adversarial learning strategy,2
139,Unsupervised Domain Adaptation for Retinal Vessel Segmentation with Adversarial Learning and Transfer Normalization,transfer normalization layer,transfer normalization layer; a new transfer normalization layer; It; it,4
139,Unsupervised Domain Adaptation for Retinal Vessel Segmentation with Adversarial Learning and Transfer Normalization,the segmentation network,a segmentation network; which; the deep network; the network,4
139,Unsupervised Domain Adaptation for Retinal Vessel Segmentation with Adversarial Learning and Transfer Normalization,the target domain,the target domain; the target domain,2
139,Unsupervised Domain Adaptation for Retinal Vessel Segmentation with Adversarial Learning and Transfer Normalization,[singleton] Retinal vessel segmentation,Retinal vessel segmentation,1
139,Unsupervised Domain Adaptation for Retinal Vessel Segmentation with Adversarial Learning and Transfer Normalization,[singleton] the domain shift problem,the domain shift problem,1
139,Unsupervised Domain Adaptation for Retinal Vessel Segmentation with Adversarial Learning and Transfer Normalization,[singleton] each test domain,each test domain,1
139,Unsupervised Domain Adaptation for Retinal Vessel Segmentation with Adversarial Learning and Transfer Normalization,[singleton] unsupervised domain adaptation,unsupervised domain adaptation,1
139,Unsupervised Domain Adaptation for Retinal Vessel Segmentation with Adversarial Learning and Transfer Normalization,[singleton] the source and target domains,the source and target domains,1
139,Unsupervised Domain Adaptation for Retinal Vessel Segmentation with Adversarial Learning and Transfer Normalization,[singleton] entropy minimization,entropy minimization,1
139,Unsupervised Domain Adaptation for Retinal Vessel Segmentation with Adversarial Learning and Transfer Normalization,[singleton] the domain distribution gap,the domain distribution gap,1
139,Unsupervised Domain Adaptation for Retinal Vessel Segmentation with Adversarial Learning and Transfer Normalization,[singleton] those feature channels,those feature channels,1
139,Unsupervised Domain Adaptation for Retinal Vessel Segmentation with Adversarial Learning and Transfer Normalization,[singleton] three regular fundus image datasets,three regular fundus image datasets,1
139,Unsupervised Domain Adaptation for Retinal Vessel Segmentation with Adversarial Learning and Transfer Normalization,[singleton] an ultra-widefield fundus image dataset,an ultra-widefield fundus image dataset,1
139,Unsupervised Domain Adaptation for Retinal Vessel Segmentation with Adversarial Learning and Transfer Normalization,[singleton] our approach,our approach,1
139,Unsupervised Domain Adaptation for Retinal Vessel Segmentation with Adversarial Learning and Transfer Normalization,[singleton] other state-of-the-art methods,other state-of-the-art methods,1
139,Unsupervised Domain Adaptation for Retinal Vessel Segmentation with Adversarial Learning and Transfer Normalization,[self-reference],we; We; our,3
140,Cross Domain Adaptation by Learning Partially Shared Classifiers and Weighting Source Data Points in the Shared Subspaces,the two domains,two domains; These two domains; the two domains,3
140,Cross Domain Adaptation by Learning Partially Shared Classifiers and Weighting Source Data Points in the Shared Subspaces,source domain,One domain; source domain,2
140,Cross Domain Adaptation by Learning Partially Shared Classifiers and Weighting Source Data Points in the Shared Subspaces,target domain,the other domain; target domain; the target domain; the target domain,4
140,Cross Domain Adaptation by Learning Partially Shared Classifiers and Weighting Source Data Points in the Shared Subspaces,the transfer learning problem,The problem; this problem,2
140,Cross Domain Adaptation by Learning Partially Shared Classifiers and Weighting Source Data Points in the Shared Subspaces,the proposed transfer learning method,a novel transfer learning method; its,2
140,Cross Domain Adaptation by Learning Partially Shared Classifiers and Weighting Source Data Points in the Shared Subspaces,the source domain data points,the source domain data points; the source domain data points,2
140,Cross Domain Adaptation by Learning Partially Shared Classifiers and Weighting Source Data Points in the Shared Subspaces,the shared subspaces,some shared subspaces; the shared subspaces; the shared subspaces,3
140,Cross Domain Adaptation by Learning Partially Shared Classifiers and Weighting Source Data Points in the Shared Subspaces,the shared classifier,a shared classifier; the shared classifier,2
140,Cross Domain Adaptation by Learning Partially Shared Classifiers and Weighting Source Data Points in the Shared Subspaces,the distributions of the two domains,the distributions of two domain; the distributions,2
140,Cross Domain Adaptation by Learning Partially Shared Classifiers and Weighting Source Data Points in the Shared Subspaces,the objective function,a objective function; This objective function,2
140,Cross Domain Adaptation by Learning Partially Shared Classifiers and Weighting Source Data Points in the Shared Subspaces,[singleton] Transfer learning,Transfer learning,1
140,Cross Domain Adaptation by Learning Partially Shared Classifiers and Weighting Source Data Points in the Shared Subspaces,[singleton] the same feature space and class label space,the same feature space and class label space,1
140,Cross Domain Adaptation by Learning Partially Shared Classifiers and Weighting Source Data Points in the Shared Subspaces,[singleton] significantly different distributions,significantly different distributions,1
140,Cross Domain Adaptation by Learning Partially Shared Classifiers and Weighting Source Data Points in the Shared Subspaces,[singleton] the data points of the two domains,the data points of the two domains,1
140,Cross Domain Adaptation by Learning Partially Shared Classifiers and Weighting Source Data Points in the Shared Subspaces,[singleton] different weighting factors,different weighting factors,1
140,Cross Domain Adaptation by Learning Partially Shared Classifiers and Weighting Source Data Points in the Shared Subspaces,[singleton] different adaptation functions,different adaptation functions,1
140,Cross Domain Adaptation by Learning Partially Shared Classifiers and Weighting Source Data Points in the Shared Subspaces,[singleton] the subspace transformation matrices,the subspace transformation matrices,1
140,Cross Domain Adaptation by Learning Partially Shared Classifiers and Weighting Source Data Points in the Shared Subspaces,[singleton] the classifier parameters,the classifier parameters,1
140,Cross Domain Adaptation by Learning Partially Shared Classifiers and Weighting Source Data Points in the Shared Subspaces,[singleton] the adaptation parameters,the adaptation parameters,1
140,Cross Domain Adaptation by Learning Partially Shared Classifiers and Weighting Source Data Points in the Shared Subspaces,[singleton] weighted classification errors,weighted classification errors,1
140,Cross Domain Adaptation by Learning Partially Shared Classifiers and Weighting Source Data Points in the Shared Subspaces,[singleton] parameter regularization,parameter regularization,1
140,Cross Domain Adaptation by Learning Partially Shared Classifiers and Weighting Source Data Points in the Shared Subspaces,[singleton] local reconstruction regularization,local reconstruction regularization,1
140,Cross Domain Adaptation by Learning Partially Shared Classifiers and Weighting Source Data Points in the Shared Subspaces,[singleton] distribution matching,distribution matching,1
140,Cross Domain Adaptation by Learning Partially Shared Classifiers and Weighting Source Data Points in the Shared Subspaces,[singleton] an iterative algorithm,an iterative algorithm,1
140,Cross Domain Adaptation by Learning Partially Shared Classifiers and Weighting Source Data Points in the Shared Subspaces,[singleton] Experiments,Experiments,1
140,Cross Domain Adaptation by Learning Partially Shared Classifiers and Weighting Source Data Points in the Shared Subspaces,[singleton] benchmark data sets,benchmark data sets,1
140,Cross Domain Adaptation by Learning Partially Shared Classifiers and Weighting Source Data Points in the Shared Subspaces,[singleton] travel destination review data set,travel destination review data set,1
140,Cross Domain Adaptation by Learning Partially Shared Classifiers and Weighting Source Data Points in the Shared Subspaces,[singleton] face expression data set,face expression data set,1
140,Cross Domain Adaptation by Learning Partially Shared Classifiers and Weighting Source Data Points in the Shared Subspaces,[singleton] spam email data set,spam email data set,1
140,Cross Domain Adaptation by Learning Partially Shared Classifiers and Weighting Source Data Points in the Shared Subspaces,[self-reference],we; We; We; we; we; we,6
141,RedSage: A Cybersecurity Generalist LLM,RedSage,"RedSage, an open-source, locally deployable cybersecurity assistant with domain-aware pretraining and post-training; RedSage is further evaluated; RedSage achieves consistently better results",3
141,RedSage: A Cybersecurity Generalist LLM,RedSage-Bench,"RedSage-Bench; a benchmark with 30K multiple-choice and 240 open-ended Q&A items covering cybersecurity knowledge, skills, and tool expertise",2
141,RedSage: A Cybersecurity Generalist LLM,cybersecurity continual pretraining data,11.8B tokens of cybersecurity-focused continual pretraining data; this,2
141,RedSage: A Cybersecurity Generalist LLM,[singleton] proprietary APIs with privacy risks,proprietary APIs with privacy risks,1
141,RedSage: A Cybersecurity Generalist LLM,[singleton] open models lacking domain adaptation,open models lacking domain adaptation,1
141,RedSage: A Cybersecurity Generalist LLM,[singleton] 28.6K documents,28.6K documents,1
141,RedSage: A Cybersecurity Generalist LLM,[singleton] an agentic augmentation pipeline that simulates expert workflows,an agentic augmentation pipeline that simulates expert workflows,1
141,RedSage: A Cybersecurity Generalist LLM,[singleton] 266K multi-turn cybersecurity samples,266K multi-turn cybersecurity samples,1
141,RedSage: A Cybersecurity Generalist LLM,[singleton] general open-source LLM data,general open-source LLM data,1
141,RedSage: A Cybersecurity Generalist LLM,[singleton] established cybersecurity benchmarks,established cybersecurity benchmarks,1
141,RedSage: A Cybersecurity Generalist LLM,[singleton] general LLM benchmarks,general LLM benchmarks,1
141,RedSage: A Cybersecurity Generalist LLM,[singleton] the baseline models,the baseline models,1
141,RedSage: A Cybersecurity Generalist LLM,[singleton] Open LLM Leaderboard tasks,Open LLM Leaderboard tasks,1
141,RedSage: A Cybersecurity Generalist LLM,[self-reference],we curate; we design; we introduce,3
142,CrossMoDA 2021 challenge: Benchmark of Cross-Modality Domain Adaptation techniques for Vestibular Schwannoma and Cochlea Segmentation,DA techniques,DA techniques; these techniques,2
142,CrossMoDA 2021 challenge: Benchmark of Cross-Modality Domain Adaptation techniques for Vestibular Schwannoma and Cochlea Segmentation,CrossMoDA challenge,the Cross-Modality Domain Adaptation challenge; CrossMoDA; the first large and multi-class benchmark for unsupervised cross-modality DA; The challenge s,4
142,CrossMoDA 2021 challenge: Benchmark of Cross-Modality Domain Adaptation techniques for Vestibular Schwannoma and Cochlea Segmentation,vestibular schwannoma (VS),vestibular schwannoma; the VS; VS; unilateral VS,4
142,CrossMoDA 2021 challenge: Benchmark of Cross-Modality Domain Adaptation techniques for Vestibular Schwannoma and Cochlea Segmentation,contrast-enhanced T1 (ceT1) MRI,contrast-enhanced T1 (ceT1) MRI; annotated ceT1,2
142,CrossMoDA 2021 challenge: Benchmark of Cross-Modality Domain Adaptation techniques for Vestibular Schwannoma and Cochlea Segmentation,high-resolution T2 (hrT2) MRI,high-resolution T2 (hrT2) MRI; unpaired non-annotated hrT2; hrT2,3
142,CrossMoDA 2021 challenge: Benchmark of Cross-Modality Domain Adaptation techniques for Vestibular Schwannoma and Cochlea Segmentation,pseudo-target-domain images,pseudo-target-domain images; these generated images,2
142,CrossMoDA 2021 challenge: Benchmark of Cross-Modality Domain Adaptation techniques for Vestibular Schwannoma and Cochlea Segmentation,[singleton] Domain Adaptation,Domain Adaptation,1
142,CrossMoDA 2021 challenge: Benchmark of Cross-Modality Domain Adaptation techniques for Vestibular Schwannoma and Cochlea Segmentation,[singleton] the medical imaging community,the medical imaging community,1
142,CrossMoDA 2021 challenge: Benchmark of Cross-Modality Domain Adaptation techniques for Vestibular Schwannoma and Cochlea Segmentation,[singleton] image segmentation,image segmentation,1
142,CrossMoDA 2021 challenge: Benchmark of Cross-Modality Domain Adaptation techniques for Vestibular Schwannoma and Cochlea Segmentation,[singleton] private datasets,private datasets,1
142,CrossMoDA 2021 challenge: Benchmark of Cross-Modality Domain Adaptation techniques for Vestibular Schwannoma and Cochlea Segmentation,[singleton] small publicly available datasets,small publicly available datasets,1
142,CrossMoDA 2021 challenge: Benchmark of Cross-Modality Domain Adaptation techniques for Vestibular Schwannoma and Cochlea Segmentation,[singleton] single-class problems,single-class problems,1
142,CrossMoDA 2021 challenge: Benchmark of Cross-Modality Domain Adaptation techniques for Vestibular Schwannoma and Cochlea Segmentation,[singleton] the 24th International Conference on Medical Image Computing and Computer Assisted Intervention,the 24th International Conference on Medical Image Computing and Computer Assisted Intervention,1
142,CrossMoDA 2021 challenge: Benchmark of Cross-Modality Domain Adaptation techniques for Vestibular Schwannoma and Cochlea Segmentation,[singleton] the cochleas,the cochleas,1
142,CrossMoDA 2021 challenge: Benchmark of Cross-Modality Domain Adaptation techniques for Vestibular Schwannoma and Cochlea Segmentation,[singleton] an unsupervised cross-modality segmentation benchmark,an unsupervised cross-modality segmentation benchmark,1
142,CrossMoDA 2021 challenge: Benchmark of Cross-Modality Domain Adaptation techniques for Vestibular Schwannoma and Cochlea Segmentation,[singleton] The training set,The training set,1
142,CrossMoDA 2021 challenge: Benchmark of Cross-Modality Domain Adaptation techniques for Vestibular Schwannoma and Cochlea Segmentation,[singleton] bilateral cochlea segmentation,bilateral cochlea segmentation,1
142,CrossMoDA 2021 challenge: Benchmark of Cross-Modality Domain Adaptation techniques for Vestibular Schwannoma and Cochlea Segmentation,[singleton] the testing set,the testing set,1
142,CrossMoDA 2021 challenge: Benchmark of Cross-Modality Domain Adaptation techniques for Vestibular Schwannoma and Cochlea Segmentation,[singleton] 16 teams,16 teams,1
142,CrossMoDA 2021 challenge: Benchmark of Cross-Modality Domain Adaptation techniques for Vestibular Schwannoma and Cochlea Segmentation,[singleton] the evaluation phase,the evaluation phase,1
142,CrossMoDA 2021 challenge: Benchmark of Cross-Modality Domain Adaptation techniques for Vestibular Schwannoma and Cochlea Segmentation,[singleton] the top-performing teams,the top-performing teams,1
142,CrossMoDA 2021 challenge: Benchmark of Cross-Modality Domain Adaptation techniques for Vestibular Schwannoma and Cochlea Segmentation,[singleton] full supervision,full supervision,1
142,CrossMoDA 2021 challenge: Benchmark of Cross-Modality Domain Adaptation techniques for Vestibular Schwannoma and Cochlea Segmentation,[singleton] All top-performing methods,All top-performing methods,1
142,CrossMoDA 2021 challenge: Benchmark of Cross-Modality Domain Adaptation techniques for Vestibular Schwannoma and Cochlea Segmentation,[singleton] an image-to-image translation approach,an image-to-image translation approach,1
142,CrossMoDA 2021 challenge: Benchmark of Cross-Modality Domain Adaptation techniques for Vestibular Schwannoma and Cochlea Segmentation,[singleton] the source-domain images,the source-domain images,1
142,CrossMoDA 2021 challenge: Benchmark of Cross-Modality Domain Adaptation techniques for Vestibular Schwannoma and Cochlea Segmentation,[singleton] A segmentation network,A segmentation network,1
142,CrossMoDA 2021 challenge: Benchmark of Cross-Modality Domain Adaptation techniques for Vestibular Schwannoma and Cochlea Segmentation,[singleton] the manual annotations,the manual annotations,1
142,CrossMoDA 2021 challenge: Benchmark of Cross-Modality Domain Adaptation techniques for Vestibular Schwannoma and Cochlea Segmentation,[singleton] the source image,the source image,1
142,CrossMoDA 2021 challenge: Benchmark of Cross-Modality Domain Adaptation techniques for Vestibular Schwannoma and Cochlea Segmentation,[self-reference],we,1
143,ROS-SAM: High-Quality Interactive Segmentation for Remote Sensing Moving Object,ROS-SAM,ROS-SAM; a method designed to achieve high-quality interactive segmentation while preserving generalization across diverse remote sensing data; The ROS-SAM; ROS-SAM; ROS-SAM; ROS-SAM,6
143,ROS-SAM: High-Quality Interactive Segmentation for Remote Sensing Moving Object,the data pipeline,the data pipeline; the redesigned data pipeline,2
143,ROS-SAM: High-Quality Interactive Segmentation for Remote Sensing Moving Object,IoU,the IoU; the IoU,2
143,ROS-SAM: High-Quality Interactive Segmentation for Remote Sensing Moving Object,[singleton] large-scale remote sensing video data,large-scale remote sensing video data,1
143,ROS-SAM: High-Quality Interactive Segmentation for Remote Sensing Moving Object,[singleton] LoRA based fine-tuning,LoRA based fine-tuning,1
143,ROS-SAM: High-Quality Interactive Segmentation for Remote Sensing Moving Object,[singleton] SAM s generalization ability,SAM s generalization ability,1
143,ROS-SAM: High-Quality Interactive Segmentation for Remote Sensing Moving Object,[singleton] Enhancement of deep network layers,Enhancement of deep network layers,1
143,ROS-SAM: High-Quality Interactive Segmentation for Remote Sensing Moving Object,[singleton] the mask decoder,the mask decoder,1
143,ROS-SAM: High-Quality Interactive Segmentation for Remote Sensing Moving Object,[singleton] the model,the model,1
143,ROS-SAM: High-Quality Interactive Segmentation for Remote Sensing Moving Object,[singleton] remote sensing video datasets,remote sensing video datasets,1
143,ROS-SAM: High-Quality Interactive Segmentation for Remote Sensing Moving Object,[singleton] existing remote sensing object tracking datasets,existing remote sensing object tracking datasets,1
143,ROS-SAM: High-Quality Interactive Segmentation for Remote Sensing Moving Object,[singleton] manual annotations,manual annotations,1
143,ROS-SAM: High-Quality Interactive Segmentation for Remote Sensing Moving Object,[self-reference],we; we,2
144,MM-Telco: Benchmarks and Multimodal Large Language Models for Telecom Applications,Large Language Models,Large Language Models; they; their; LLMs,4
144,MM-Telco: Benchmarks and Multimodal Large Language Models for Telecom Applications,domain-specific challenges,domain-specific challenges; these challenges,2
144,MM-Telco: Benchmarks and Multimodal Large Language Models for Telecom Applications,MM-Telco,MM-Telco; a comprehensive suite of multimodal benchmarks and models tailored for the telecom domain; The benchmark,3
144,MM-Telco: Benchmarks and Multimodal Large Language Models for Telecom Applications,[singleton] network optimization,network optimization,1
144,MM-Telco: Benchmarks and Multimodal Large Language Models for Telecom Applications,[singleton] customer support,customer support,1
144,MM-Telco: Benchmarks and Multimodal Large Language Models for Telecom Applications,[singleton] regulatory compliance,regulatory compliance,1
144,MM-Telco: Benchmarks and Multimodal Large Language Models for Telecom Applications,[singleton] network operations,network operations,1
144,MM-Telco: Benchmarks and Multimodal Large Language Models for Telecom Applications,[singleton] network management,network management,1
144,MM-Telco: Benchmarks and Multimodal Large Language Models for Telecom Applications,[singleton] documentation quality,documentation quality,1
144,MM-Telco: Benchmarks and Multimodal Large Language Models for Telecom Applications,[singleton] baseline experiments,baseline experiments,1
144,MM-Telco: Benchmarks and Multimodal Large Language Models for Telecom Applications,[singleton] VLMs,VLMs,1
144,MM-Telco: Benchmarks and Multimodal Large Language Models for Telecom Applications,[singleton] The models fine-tuned on our dataset,The models fine-tuned on our dataset,1
144,MM-Telco: Benchmarks and Multimodal Large Language Models for Telecom Applications,[singleton] our dataset,our dataset,1
144,MM-Telco: Benchmarks and Multimodal Large Language Models for Telecom Applications,[singleton] Our experiments,Our experiments,1
144,MM-Telco: Benchmarks and Multimodal Large Language Models for Telecom Applications,[singleton] current state-of-art multimodal LLMs,current state-of-art multimodal LLMs,1
144,MM-Telco: Benchmarks and Multimodal Large Language Models for Telecom Applications,[self-reference],we; our; Our,3
145,Learning Fair Domain Adaptation with Virtual Label Distribution,category fairness,category fairness; category fairness; category fairness,3
145,Learning Fair Domain Adaptation with Virtual Label Distribution,Virtual Label-distribution-aware Learning (VILL),Virtual Label-distribution-aware Learning; a simple yet effective framework designed to improve worst-case performance while preserving high overall accuracy; VILL; VILL,4
145,Learning Fair Domain Adaptation with Virtual Label Distribution,KL-divergence based re-balancing strategy,a KL-divergence based re-balancing strategy; which,2
145,Learning Fair Domain Adaptation with Virtual Label Distribution,[singleton] Unsupervised Domain Adaptation,Unsupervised Domain Adaptation,1
145,Learning Fair Domain Adaptation with Virtual Label Distribution,[singleton] UDA classifiers,UDA classifiers,1
145,Learning Fair Domain Adaptation with Virtual Label Distribution,[singleton] an adaptive re-weighting strategy,an adaptive re-weighting strategy,1
145,Learning Fair Domain Adaptation with Virtual Label Distribution,[singleton] decision boundaries,decision boundaries,1
145,Learning Fair Domain Adaptation with Virtual Label Distribution,[singleton] commonly used datasets,commonly used datasets,1
145,Learning Fair Domain Adaptation with Virtual Label Distribution,[singleton] a plug-and-play module,a plug-and-play module,1
145,Learning Fair Domain Adaptation with Virtual Label Distribution,[singleton] existing UDA methods,existing UDA methods,1
145,Learning Fair Domain Adaptation with Virtual Label Distribution,[self-reference],we; Our; we; we,4
146,A Unified Framework for Domain Adaptation using Metric Learning on Manifolds,the proposed framework/approach,a novel framework for domain adaptation; Our approach; our proposed approach; it; our proposed algorithms,5
146,A Unified Framework for Domain Adaptation using Metric Learning on Manifolds,the Riccati-based solution,the Ricatti based solution; the solution; our solution,3
146,A Unified Framework for Domain Adaptation using Metric Learning on Manifolds,the space of SPD covariance matrices,symmetric positive definite covariance matrices; the space of covariance matrices; the SPD matrix manifold,3
146,A Unified Framework for Domain Adaptation using Metric Learning on Manifolds,the source and target domains,a labeled source domain and unlabeled target domain; the source and target domains; the source and target domains,3
146,A Unified Framework for Domain Adaptation using Metric Learning on Manifolds,[singleton] the curved Riemannian geometry of statistical manifolds,the curved Riemannian geometry of statistical manifolds,1
146,A Unified Framework for Domain Adaptation using Metric Learning on Manifolds,[singleton] geometric mean metric learning on manifolds,geometric mean metric learning on manifolds,1
146,A Unified Framework for Domain Adaptation using Metric Learning on Manifolds,[singleton] a Riemannian space,a Riemannian space,1
146,A Unified Framework for Domain Adaptation using Metric Learning on Manifolds,[singleton] a homogeneous space,a homogeneous space,1
146,A Unified Framework for Domain Adaptation using Metric Learning on Manifolds,[singleton] the shortest path geodesic between two covariances,the shortest path geodesic between two covariances,1
146,A Unified Framework for Domain Adaptation using Metric Learning on Manifolds,[singleton] the geometric mean of two matrices,the geometric mean of two matrices,1
146,A Unified Framework for Domain Adaptation using Metric Learning on Manifolds,[singleton] the well-known Riccati equation,the well-known Riccati equation,1
146,A Unified Framework for Domain Adaptation using Metric Learning on Manifolds,[singleton] the maximum mean discrepancy,the maximum mean discrepancy,1
146,A Unified Framework for Domain Adaptation using Metric Learning on Manifolds,[singleton] the underlying source and target manifolds,the underlying source and target manifolds,1
146,A Unified Framework for Domain Adaptation using Metric Learning on Manifolds,[singleton] the combined objective function,the combined objective function,1
146,A Unified Framework for Domain Adaptation using Metric Learning on Manifolds,[singleton] a nested set of Ricatti equations,a nested set of Ricatti equations,1
146,A Unified Framework for Domain Adaptation using Metric Learning on Manifolds,[singleton] a cascaded series of geometric mean computations,a cascaded series of geometric mean computations,1
146,A Unified Framework for Domain Adaptation using Metric Learning on Manifolds,[singleton] standard transfer learning testbeds from computer vision,standard transfer learning testbeds from computer vision,1
146,A Unified Framework for Domain Adaptation using Metric Learning on Manifolds,[self-reference],We; we; We; We; we,5
147,What is the Effect of Importance Weighting in Deep Learning?,importance weighting,importance weighting; it; importance weighting; importance weighting; its; importance weighting,6
147,What is the Effect of Importance Weighting in Deep Learning?,L2 regularization,L2 regularization; the L2 regularization,2
147,What is the Effect of Importance Weighting in Deep Learning?,[singleton] Importance-weighted risk minimization,Importance-weighted risk minimization,1
147,What is the Effect of Importance Weighting in Deep Learning?,[singleton] causal inference,causal inference,1
147,What is the Effect of Importance Weighting in Deep Learning?,[singleton] domain adaptation,domain adaptation,1
147,What is the Effect of Importance Weighting in Deep Learning?,[singleton] class imbalance,class imbalance,1
147,What is the Effect of Importance Weighting in Deep Learning?,[singleton] off-policy reinforcement learning,off-policy reinforcement learning,1
147,What is the Effect of Importance Weighting in Deep Learning?,[singleton] low-capacity misspecified models,low-capacity misspecified models,1
147,What is the Effect of Importance Weighting in Deep Learning?,"[singleton] over-parameterized, deep neural networks","over-parameterized, deep neural networks",1
147,What is the Effect of Importance Weighting in Deep Learning?,[singleton] deep linear networks,deep linear networks,1
147,What is the Effect of Importance Weighting in Deep Learning?,[singleton] SGD,SGD,1
147,What is the Effect of Importance Weighting in Deep Learning?,[singleton] weight-agnostic solutions,weight-agnostic solutions,1
147,What is the Effect of Importance Weighting in Deep Learning?,[singleton] realistic deep networks,realistic deep networks,1
147,What is the Effect of Importance Weighting in Deep Learning?,[singleton] batch normalization,batch normalization,1
147,What is the Effect of Importance Weighting in Deep Learning?,[singleton] practitioners,practitioners,1
147,What is the Effect of Importance Weighting in Deep Learning?,[singleton] architectures and datasets,architectures and datasets,1
147,What is the Effect of Importance Weighting in Deep Learning?,[self-reference],us; We; Our,3
148,VisCoP: Visual Probing for Video Domain Adaptation of Vision Language Models,Large Vision Language Models (VLMs),Large Vision Language Models; their; the model; the pretrained VLM; VLMs,5
148,VisCoP: Visual Probing for Video Domain Adaptation of Vision Language Models,Existing domain adaptation methods,Existing domain adaptation methods; these approaches; existing domain adaptation strategies,3
148,VisCoP: Visual Probing for Video Domain Adaptation of Vision Language Models,Vision Contextualized Probing (VisCoP),Vision Contextualized Probing; a parameter-efficient adaptation framework; VisCoP; VisCoP; VisCoP,5
148,VisCoP: Visual Probing for Video Domain Adaptation of Vision Language Models,learnable visual probes,a compact set of learnable visual probes; these probes,2
148,VisCoP: Visual Probing for Video Domain Adaptation of Vision Language Models,[singleton] general visual reasoning,general visual reasoning,1
148,VisCoP: Visual Probing for Video Domain Adaptation of Vision Language Models,[singleton] novel domains,novel domains,1
148,VisCoP: Visual Probing for Video Domain Adaptation of Vision Language Models,[singleton] finetuning standard VLM components,finetuning standard VLM components,1
148,VisCoP: Visual Probing for Video Domain Adaptation of Vision Language Models,[singleton] domain-specific representations,domain-specific representations,1
148,VisCoP: Visual Probing for Video Domain Adaptation of Vision Language Models,[singleton] catastrophic forgetting,catastrophic forgetting,1
148,VisCoP: Visual Probing for Video Domain Adaptation of Vision Language Models,[singleton] the VLM vision encoder,the VLM vision encoder,1
148,VisCoP: Visual Probing for Video Domain Adaptation of Vision Language Models,[singleton] domain-specific visual representations,domain-specific visual representations,1
148,VisCoP: Visual Probing for Video Domain Adaptation of Vision Language Models,[singleton] pretrained model components,pretrained model components,1
148,VisCoP: Visual Probing for Video Domain Adaptation of Vision Language Models,[singleton] new domains,new domains,1
148,VisCoP: Visual Probing for Video Domain Adaptation of Vision Language Models,[singleton] three challenging adaptation settings,three challenging adaptation settings,1
148,VisCoP: Visual Probing for Video Domain Adaptation of Vision Language Models,[singleton] cross-view,cross-view,1
148,VisCoP: Visual Probing for Video Domain Adaptation of Vision Language Models,[singleton] cross-modal,cross-modal,1
148,VisCoP: Visual Probing for Video Domain Adaptation of Vision Language Models,[singleton] cross-task,cross-task,1
148,VisCoP: Visual Probing for Video Domain Adaptation of Vision Language Models,[singleton] superior target-domain performance,superior target-domain performance,1
148,VisCoP: Visual Probing for Video Domain Adaptation of Vision Language Models,[singleton] the source domain,the source domain,1
148,VisCoP: Visual Probing for Video Domain Adaptation of Vision Language Models,[singleton] lightweight visual probing,lightweight visual probing,1
148,VisCoP: Visual Probing for Video Domain Adaptation of Vision Language Models,[self-reference],We; We,2
149,Improving Robustness and Generality of NLP Models Using Disentangled Representations,Supervised neural networks,Supervised neural networks; which; their success; neural models,4
149,Improving Robustness and Generality of NLP Models Using Disentangled Representations,the set of disentangled representations,a set of representations; them; These representations,3
149,Improving Robustness and Generality of NLP Models Using Disentangled Representations,[singleton] the output label,the output label,1
149,Improving Robustness and Generality of NLP Models Using Disentangled Representations,[singleton] natural language processing tasks,natural language processing tasks,1
149,Improving Robustness and Generality of NLP Models Using Disentangled Representations,[singleton] disentangled representation learning,disentangled representation learning,1
149,Improving Robustness and Generality of NLP Models Using Disentangled Representations,[singleton] the proposed strategy,the proposed strategy,1
149,Improving Robustness and Generality of NLP Models Using Disentangled Representations,[singleton] different logits,different logits,1
149,Improving Robustness and Generality of NLP Models Using Disentangled Representations,[singleton] the ensemble,the ensemble,1
149,Improving Robustness and Generality of NLP Models Using Disentangled Representations,[singleton] the final prediction,the final prediction,1
149,Improving Robustness and Generality of NLP Models Using Disentangled Representations,[singleton] an regularizer,an regularizer,1
149,Improving Robustness and Generality of NLP Models Using Disentangled Representations,[singleton] Total Correlation,Total Correlation,1
149,Improving Robustness and Generality of NLP Models Using Disentangled Representations,[singleton] the framework of variational information bottleneck,the framework of variational information bottleneck,1
149,Improving Robustness and Generality of NLP Models Using Disentangled Representations,[singleton] currently widely-used models,currently widely-used models,1
149,Improving Robustness and Generality of NLP Models Using Disentangled Representations,[singleton] models trained with the proposed criteria,models trained with the proposed criteria,1
149,Improving Robustness and Generality of NLP Models Using Disentangled Representations,[singleton] domain adaptation ability,domain adaptation ability,1
149,Improving Robustness and Generality of NLP Models Using Disentangled Representations,[singleton] supervised learning tasks,supervised learning tasks,1
149,Improving Robustness and Generality of NLP Models Using Disentangled Representations,[self-reference],we; We propose; We show,3
150,Partial Video Domain Adaptation with Partial Adversarial Temporal Attentive Network,Partial Domain Adaptation (PDA),Partial Domain Adaptation; a practical and general domain adaptation scenario; which; PDA,4
150,Partial Video Domain Adaptation with Partial Adversarial Temporal Attentive Network,source only classes,source only classes; source only classes,2
150,Partial Video Domain Adaptation with Partial Adversarial Temporal Attentive Network,negative transfer,negative transfer; such negative transfer,2
150,Partial Video Domain Adaptation with Partial Adversarial Temporal Attentive Network,spatial and temporal features,both spatial and temporal features; both spatial and temporal features,2
150,Partial Video Domain Adaptation with Partial Adversarial Temporal Attentive Network,Partial Video Domain Adaptation (PVDA) problem,a more challenging Partial Video Domain Adaptation problem; the PVDA problem; PVDA problems,3
150,Partial Video Domain Adaptation with Partial Adversarial Temporal Attentive Network,Partial Adversarial Temporal Attentive Network (PATAN),a novel Partial Adversarial Temporal Attentive Network; PATAN; our proposed PATAN,3
150,Partial Video Domain Adaptation with Partial Adversarial Temporal Attentive Network,[singleton] the fully shared label space assumption,the fully shared label space assumption,1
150,Partial Video Domain Adaptation with Partial Adversarial Temporal Attentive Network,[singleton] the source label space,the source label space,1
150,Partial Video Domain Adaptation with Partial Adversarial Temporal Attentive Network,[singleton] the target one,the target one,1
150,Partial Video Domain Adaptation with Partial Adversarial Temporal Attentive Network,[singleton] effective overall temporal features,effective overall temporal features,1
150,Partial Video Domain Adaptation with Partial Adversarial Temporal Attentive Network,[singleton] local temporal features,local temporal features,1
150,Partial Video Domain Adaptation with Partial Adversarial Temporal Attentive Network,[singleton] the class filtration process,the class filtration process,1
150,Partial Video Domain Adaptation with Partial Adversarial Temporal Attentive Network,[singleton] new benchmarks,new benchmarks,1
150,Partial Video Domain Adaptation with Partial Adversarial Temporal Attentive Network,[singleton] a wide range of PVDA scenarios,a wide range of PVDA scenarios,1
150,Partial Video Domain Adaptation with Partial Adversarial Temporal Attentive Network,[singleton] Empirical results,Empirical results,1
150,Partial Video Domain Adaptation with Partial Adversarial Temporal Attentive Network,[singleton] the state-of-the-art performance,the state-of-the-art performance,1
150,Partial Video Domain Adaptation with Partial Adversarial Temporal Attentive Network,[singleton] the multiple PVDA benchmarks,the multiple PVDA benchmarks,1
150,Partial Video Domain Adaptation with Partial Adversarial Temporal Attentive Network,[self-reference],we; We; our,3
151,Non-autoregressive Error Correction for CTC based ASR with Phone-conditioned Masked LM,Connectionist temporal classification based models,Connectionist temporal classification based models; their,2
151,Non-autoregressive Error Correction for CTC based ASR with Phone-conditioned Masked LM,CTC,CTC; CTC s; CTC; CTC; CTC,5
151,Non-autoregressive Error Correction for CTC based ASR with Phone-conditioned Masked LM,LM integration approaches (rescoring and shallow fusion),language model integration approaches such as rescoring and shallow fusion; they; rescoring and shallow fusion,3
151,Non-autoregressive Error Correction for CTC based ASR with Phone-conditioned Masked LM,the proposed error correction method,an error correction method with phone-conditioned masked LM; the proposed method; the method; our proposed method,4
151,Non-autoregressive Error Correction for CTC based ASR with Phone-conditioned Masked LM,PC-MLM (phone-conditioned masked LM),phone-conditioned masked LM; PC-MLM; it; PC-MLM,4
151,Non-autoregressive Error Correction for CTC based ASR with Phone-conditioned Masked LM,less confident word tokens,less confident word tokens in a greedy decoded output from CTC; these masked word tokens,2
151,Non-autoregressive Error Correction for CTC based ASR with Phone-conditioned Masked LM,Corpus of Spontaneous Japanese,Corpus of Spontaneous Japanese; CSJ,2
151,Non-autoregressive Error Correction for CTC based ASR with Phone-conditioned Masked LM,[singleton] automatic speech recognition,automatic speech recognition,1
151,Non-autoregressive Error Correction for CTC based ASR with Phone-conditioned Masked LM,[singleton] text only data,text only data,1
151,Non-autoregressive Error Correction for CTC based ASR with Phone-conditioned Masked LM,[singleton] beam search,beam search,1
151,Non-autoregressive Error Correction for CTC based ASR with Phone-conditioned Masked LM,[singleton] unmasked words and phones,unmasked words and phones,1
151,Non-autoregressive Error Correction for CTC based ASR with Phone-conditioned Masked LM,[singleton] Deletable PC-MLM,Deletable PC-MLM,1
151,Non-autoregressive Error Correction for CTC based ASR with Phone-conditioned Masked LM,[singleton] insertion errors,insertion errors,1
151,Non-autoregressive Error Correction for CTC based ASR with Phone-conditioned Masked LM,[singleton] fast LM integration,fast LM integration,1
151,Non-autoregressive Error Correction for CTC based ASR with Phone-conditioned Masked LM,[singleton] TED-LIUM2,TED-LIUM2,1
151,Non-autoregressive Error Correction for CTC based ASR with Phone-conditioned Masked LM,[singleton] domain adaptation setting,domain adaptation setting,1
151,Non-autoregressive Error Correction for CTC based ASR with Phone-conditioned Masked LM,[singleton] recognition accuracy,recognition accuracy,1
151,Non-autoregressive Error Correction for CTC based ASR with Phone-conditioned Masked LM,[self-reference],we; We; our,3
152,Towards Realistic Underwater Dataset Generation and Color Restoration,image to image translation network,an image to image translation network; this multimodal domain adaptation technique,2
152,Towards Realistic Underwater Dataset Generation and Color Restoration,the domain adapted dataset,a dataset that can capture a diverse array of underwater conditions; our domain adapted dataset,2
152,Towards Realistic Underwater Dataset Generation and Color Restoration,[singleton] Recovery of true color from underwater images,Recovery of true color from underwater images,1
152,Towards Realistic Underwater Dataset Generation and Color Restoration,[singleton] an ill-posed problem,an ill-posed problem,1
152,Towards Realistic Underwater Dataset Generation and Color Restoration,[singleton] the wide-band attenuation coefficients for the RGB color channels,the wide-band attenuation coefficients for the RGB color channels,1
152,Towards Realistic Underwater Dataset Generation and Color Restoration,[singleton] object range,object range,1
152,Towards Realistic Underwater Dataset Generation and Color Restoration,[singleton] reflectance,reflectance,1
152,Towards Realistic Underwater Dataset Generation and Color Restoration,[singleton] backscattering due to suspended particles in water,backscattering due to suspended particles in water,1
152,Towards Realistic Underwater Dataset Generation and Color Restoration,[singleton] most existing deep-learning based color restoration methods,most existing deep-learning based color restoration methods,1
152,Towards Realistic Underwater Dataset Generation and Color Restoration,[singleton] synthetic underwater datasets,synthetic underwater datasets,1
152,Towards Realistic Underwater Dataset Generation and Color Restoration,[singleton] real underwater data,real underwater data,1
152,Towards Realistic Underwater Dataset Generation and Color Restoration,[singleton] synthetic data,synthetic data,1
152,Towards Realistic Underwater Dataset Generation and Color Restoration,[singleton] the synthetic and real domains,the synthetic and real domains,1
152,Towards Realistic Underwater Dataset Generation and Color Restoration,[singleton] synthetic underwater domain,synthetic underwater domain,1
152,Towards Realistic Underwater Dataset Generation and Color Restoration,[singleton] real underwater domain,real underwater domain,1
152,Towards Realistic Underwater Dataset Generation and Color Restoration,[singleton] a simple but effective CNN based network,a simple but effective CNN based network,1
152,Towards Realistic Underwater Dataset Generation and Color Restoration,[self-reference],we; we; We; our,4
153,Adaptation of Surgical Activity Recognition Models Across Operating Rooms,automatic surgical activity recognition technology,Automatic surgical activity recognition; such technology; this technology,3
153,Adaptation of Surgical Activity Recognition Models Across Operating Rooms,the surgical activity recognition model,the surgical activity recognition model; the model,2
153,Adaptation of Surgical Activity Recognition Models Across Operating Rooms,the proposed domain adaptation method,a new domain adaptation method; Our approach; it; our method; our proposed method,5
153,Adaptation of Surgical Activity Recognition Models Across Operating Rooms,unlabeled video clips,unlabeled video clips; the clips,2
153,Adaptation of Surgical Activity Recognition Models Across Operating Rooms,[singleton] intelligent surgical devices,intelligent surgical devices,1
153,Adaptation of Surgical Activity Recognition Models Across Operating Rooms,[singleton] a more efficient workflow,a more efficient workflow,1
153,Adaptation of Surgical Activity Recognition Models Across Operating Rooms,[singleton] new operating rooms,new operating rooms,1
153,Adaptation of Surgical Activity Recognition Models Across Operating Rooms,[singleton] patients,patients,1
153,Adaptation of Surgical Activity Recognition Models Across Operating Rooms,[singleton] costs,costs,1
153,Adaptation of Surgical Activity Recognition Models Across Operating Rooms,[singleton] Recent works,Recent works,1
153,Adaptation of Surgical Activity Recognition Models Across Operating Rooms,[singleton] these models,these models,1
153,Adaptation of Surgical Activity Recognition Models Across Operating Rooms,[singleton] surgical activity recognition models across operating rooms,surgical activity recognition models across operating rooms,1
153,Adaptation of Surgical Activity Recognition Models Across Operating Rooms,[singleton] unlabeled videos,unlabeled videos,1
153,Adaptation of Surgical Activity Recognition Models Across Operating Rooms,[singleton] the augmented version,the augmented version,1
153,Adaptation of Surgical Activity Recognition Models Across Operating Rooms,[singleton] a semi-supervised domain adaptation setting,a semi-supervised domain adaptation setting,1
153,Adaptation of Surgical Activity Recognition Models Across Operating Rooms,[singleton] the target domain,the target domain,1
153,Adaptation of Surgical Activity Recognition Models Across Operating Rooms,[singleton] the baselines,the baselines,1
153,Adaptation of Surgical Activity Recognition Models Across Operating Rooms,[singleton] a dataset of more than 480 long surgical videos,a dataset of more than 480 long surgical videos,1
153,Adaptation of Surgical Activity Recognition Models Across Operating Rooms,[singleton] two operating rooms,two operating rooms,1
153,Adaptation of Surgical Activity Recognition Models Across Operating Rooms,[self-reference],we; we; Our; We; our; our; our,7
154,Improving Signal Extraction with Domain Adaptation via Normalizing Flows,the present study,The present study; The study; this study,3
154,Improving Signal Extraction with Domain Adaptation via Normalizing Flows,normalizing flows,normalizing flows; Normalizing Flows; the flows; the flows,4
154,Improving Signal Extraction with Domain Adaptation via Normalizing Flows,the cut on the classifier output,the cut on the classifier output; the cut,2
154,Improving Signal Extraction with Domain Adaptation via Normalizing Flows,[singleton] flow based neural networks,flow based neural networks,1
154,Improving Signal Extraction with Domain Adaptation via Normalizing Flows,[singleton] Hyperons at CLAS12,Hyperons at CLAS12,1
154,Improving Signal Extraction with Domain Adaptation via Normalizing Flows,[singleton] complex probability density functions,complex probability density functions,1
154,Improving Signal Extraction with Domain Adaptation via Normalizing Flows,[singleton] event generation,event generation,1
154,Improving Signal Extraction with Domain Adaptation via Normalizing Flows,[singleton] classifier networks,classifier networks,1
154,Improving Signal Extraction with Domain Adaptation via Normalizing Flows,[singleton] Monte Carlo simulation and data,Monte Carlo simulation and data,1
154,Improving Signal Extraction with Domain Adaptation via Normalizing Flows,[singleton] a flow network,a flow network,1
154,Improving Signal Extraction with Domain Adaptation via Normalizing Flows,[singleton] the latent physics space,the latent physics space,1
154,Improving Signal Extraction with Domain Adaptation via Normalizing Flows,[singleton] a normal distribution,a normal distribution,1
154,Improving Signal Extraction with Domain Adaptation via Normalizing Flows,[singleton] the figure of merit,the figure of merit,1
154,Improving Signal Extraction with Domain Adaptation via Normalizing Flows,[self-reference],We; We,2
155,Towards Accurate Model Selection in Deep Unsupervised Domain Adaptation,Deep UDA,Deep UDA; Deep UDA,2
155,Towards Accurate Model Selection in Deep Unsupervised Domain Adaptation,Deep Embedded Validation,Deep Embedded Validation; which; the method,3
155,Towards Accurate Model Selection in Deep Unsupervised Domain Adaptation,the variance of the estimation,bounded variance; The variance,2
155,Towards Accurate Model Selection in Deep Unsupervised Domain Adaptation,[singleton] Deep unsupervised domain adaptation methods,Deep unsupervised domain adaptation methods,1
155,Towards Accurate Model Selection in Deep Unsupervised Domain Adaptation,[singleton] rich labeled data,rich labeled data,1
155,Towards Accurate Model Selection in Deep Unsupervised Domain Adaptation,[singleton] a source domain,a source domain,1
155,Towards Accurate Model Selection in Deep Unsupervised Domain Adaptation,[singleton] related but unlabeled data,related but unlabeled data,1
155,Towards Accurate Model Selection in Deep Unsupervised Domain Adaptation,[singleton] a target domain,a target domain,1
155,Towards Accurate Model Selection in Deep Unsupervised Domain Adaptation,[singleton] algorithm comparison,algorithm comparison,1
155,Towards Accurate Model Selection in Deep Unsupervised Domain Adaptation,[singleton] accurate and standardized model selection method,accurate and standardized model selection method,1
155,Towards Accurate Model Selection in Deep Unsupervised Domain Adaptation,[singleton] Existing model selection methods,Existing model selection methods,1
155,Towards Accurate Model Selection in Deep Unsupervised Domain Adaptation,[singleton] adapted feature representation,adapted feature representation,1
155,Towards Accurate Model Selection in Deep Unsupervised Domain Adaptation,[singleton] the validation procedure,the validation procedure,1
155,Towards Accurate Model Selection in Deep Unsupervised Domain Adaptation,[singleton] unbiased estimation of the target risk,unbiased estimation of the target risk,1
155,Towards Accurate Model Selection in Deep Unsupervised Domain Adaptation,[singleton] the technique of control variate,the technique of control variate,1
155,Towards Accurate Model Selection in Deep Unsupervised Domain Adaptation,[self-reference],we,1
156,Adapt under Attack and Domain Shift: Unified Adversarial Meta-Learning and Domain Adaptation for Robust Automatic Modulation Classification,AMC systems,AMC systems; modern AMC systems,2
156,Adapt under Attack and Domain Shift: Unified Adversarial Meta-Learning and Domain Adaptation for Robust Automatic Modulation Classification,the proposed unified framework,"a novel, unified framework that integrates meta-learning with domain adaptation; Our framework; our framework",3
156,Adapt under Attack and Domain Shift: Unified Adversarial Meta-Learning and Domain Adaptation for Robust Automatic Modulation Classification,the model,the model; the model; the model,3
156,Adapt under Attack and Domain Shift: Unified Adversarial Meta-Learning and Domain Adaptation for Robust Automatic Modulation Classification,the meta-learning approach,a meta-learning approach; This method,2
156,Adapt under Attack and Domain Shift: Unified Adversarial Meta-Learning and Domain Adaptation for Robust Automatic Modulation Classification,adversarial attacks,adversarial attacks; adversarial attacks,2
156,Adapt under Attack and Domain Shift: Unified Adversarial Meta-Learning and Domain Adaptation for Robust Automatic Modulation Classification,domain adaptation,domain adaptation; domain adaptation,2
156,Adapt under Attack and Domain Shift: Unified Adversarial Meta-Learning and Domain Adaptation for Robust Automatic Modulation Classification,[singleton] Deep learning,Deep learning,1
156,Adapt under Attack and Domain Shift: Unified Adversarial Meta-Learning and Domain Adaptation for Robust Automatic Modulation Classification,[singleton] Automatic Modulation Classification,Automatic Modulation Classification,1
156,Adapt under Attack and Domain Shift: Unified Adversarial Meta-Learning and Domain Adaptation for Robust Automatic Modulation Classification,[singleton] traditional methods,traditional methods,1
156,Adapt under Attack and Domain Shift: Unified Adversarial Meta-Learning and Domain Adaptation for Robust Automatic Modulation Classification,[singleton] data distribution shifts,data distribution shifts,1
156,Adapt under Attack and Domain Shift: Unified Adversarial Meta-Learning and Domain Adaptation for Robust Automatic Modulation Classification,[singleton] environmental changes,environmental changes,1
156,Adapt under Attack and Domain Shift: Unified Adversarial Meta-Learning and Domain Adaptation for Robust Automatic Modulation Classification,[singleton] a two-phase strategy,a two-phase strategy,1
156,Adapt under Attack and Domain Shift: Unified Adversarial Meta-Learning and Domain Adaptation for Robust Automatic Modulation Classification,[singleton] an offline phase,an offline phase,1
156,Adapt under Attack and Domain Shift: Unified Adversarial Meta-Learning and Domain Adaptation for Robust Automatic Modulation Classification,[singleton] clean and adversarially perturbed samples,clean and adversarially perturbed samples,1
156,Adapt under Attack and Domain Shift: Unified Adversarial Meta-Learning and Domain Adaptation for Robust Automatic Modulation Classification,[singleton] a single source domain,a single source domain,1
156,Adapt under Attack and Domain Shift: Unified Adversarial Meta-Learning and Domain Adaptation for Robust Automatic Modulation Classification,[singleton] previously unseen attacks,previously unseen attacks,1
156,Adapt under Attack and Domain Shift: Unified Adversarial Meta-Learning and Domain Adaptation for Robust Automatic Modulation Classification,[singleton] the online phase,the online phase,1
156,Adapt under Attack and Domain Shift: Unified Adversarial Meta-Learning and Domain Adaptation for Robust Automatic Modulation Classification,[singleton] a new target domain,a new target domain,1
156,Adapt under Attack and Domain Shift: Unified Adversarial Meta-Learning and Domain Adaptation for Robust Automatic Modulation Classification,[singleton] substantial labeled data,substantial labeled data,1
156,Adapt under Attack and Domain Shift: Unified Adversarial Meta-Learning and Domain Adaptation for Robust Automatic Modulation Classification,[singleton] modulation classification accuracy,modulation classification accuracy,1
156,Adapt under Attack and Domain Shift: Unified Adversarial Meta-Learning and Domain Adaptation for Robust Automatic Modulation Classification,[self-reference],we; Our; we; we; our,5
157,Simulations of Common Unsupervised Domain Adaptation Algorithms for Image Classification,the paper/study,This paper; Our study; our study,3
157,Simulations of Common Unsupervised Domain Adaptation Algorithms for Image Classification,Domain adaptation (DA),Domain adaptation; this domain,2
157,Simulations of Common Unsupervised Domain Adaptation Algorithms for Image Classification,distribution disparity problem,This distribution disparity; this problem,2
157,Simulations of Common Unsupervised Domain Adaptation Algorithms for Image Classification,recent DA techniques,recent DA techniques; these techniques; their,3
157,Simulations of Common Unsupervised Domain Adaptation Algorithms for Image Classification,[singleton] Traditional machine learning,Traditional machine learning,1
157,Simulations of Common Unsupervised Domain Adaptation Algorithms for Image Classification,[singleton] training and test sets,training and test sets,1
157,Simulations of Common Unsupervised Domain Adaptation Algorithms for Image Classification,[singleton] the trained model,the trained model,1
157,Simulations of Common Unsupervised Domain Adaptation Algorithms for Image Classification,[singleton] new data sets,new data sets,1
157,Simulations of Common Unsupervised Domain Adaptation Algorithms for Image Classification,[singleton] unsupervised domain adaptation,unsupervised domain adaptation,1
157,Simulations of Common Unsupervised Domain Adaptation Algorithms for Image Classification,[singleton] the source domain,the source domain,1
157,Simulations of Common Unsupervised Domain Adaptation Algorithms for Image Classification,[singleton] public data sets,public data sets,1
157,Simulations of Common Unsupervised Domain Adaptation Algorithms for Image Classification,[singleton] Safe Self-Refinement for Transformer based DA,Safe Self-Refinement for Transformer based DA,1
157,Simulations of Common Unsupervised Domain Adaptation Algorithms for Image Classification,[singleton] the highest accuracy (91.6),the highest accuracy (91.6),1
157,Simulations of Common Unsupervised Domain Adaptation Algorithms for Image Classification,[singleton] the office-31 data set,the office-31 data set,1
157,Simulations of Common Unsupervised Domain Adaptation Algorithms for Image Classification,[singleton] the Office-Home data set,the Office-Home data set,1
157,Simulations of Common Unsupervised Domain Adaptation Algorithms for Image Classification,[singleton] limited batch sizes,limited batch sizes,1
157,Simulations of Common Unsupervised Domain Adaptation Algorithms for Image Classification,[singleton] the reader s comprehension,the reader s comprehension,1
157,Simulations of Common Unsupervised Domain Adaptation Algorithms for Image Classification,[self-reference],our,1
158,HSVA: Hierarchical Semantic-Visual Adaptation for Zero-Shot Learning,Zero-shot learning (ZSL),Zero-shot learning; ZSL; ZSL; ZSL,4
158,HSVA: Hierarchical Semantic-Visual Adaptation for Zero-Shot Learning,the visual and semantic domains,the visual and semantic domains; the semantic and visual domains; the two domains; the semantic and visual domains,4
158,HSVA: Hierarchical Semantic-Visual Adaptation for Zero-Shot Learning,one-step adaptation strategy,one-step adaptation; This strategy,2
158,HSVA: Hierarchical Semantic-Visual Adaptation for Zero-Shot Learning,HSVA: hierarchical semantic-visual adaptation framework,a novel hierarchical semantic-visual adaptation framework; HSVA; HSVA,3
158,HSVA: Hierarchical Semantic-Visual Adaptation for Zero-Shot Learning,structure adaptation,structure adaptation; the structure adaptation step,2
158,HSVA: Hierarchical Semantic-Visual Adaptation for Zero-Shot Learning,distribution adaptation,distribution adaptation; the distribution adaptation step,2
158,HSVA: Hierarchical Semantic-Visual Adaptation for Zero-Shot Learning,[singleton] the unseen class recognition problem,the unseen class recognition problem,1
158,HSVA: Hierarchical Semantic-Visual Adaptation for Zero-Shot Learning,[singleton] semantic knowledge,semantic knowledge,1
158,HSVA: Hierarchical Semantic-Visual Adaptation for Zero-Shot Learning,[singleton] seen classes,seen classes,1
158,HSVA: Hierarchical Semantic-Visual Adaptation for Zero-Shot Learning,[singleton] unseen ones,unseen ones,1
158,HSVA: Hierarchical Semantic-Visual Adaptation for Zero-Shot Learning,[singleton] a common (latent) space,a common (latent) space,1
158,HSVA: Hierarchical Semantic-Visual Adaptation for Zero-Shot Learning,[singleton] existing common space learning methods,existing common space learning methods,1
158,HSVA: Hierarchical Semantic-Visual Adaptation for Zero-Shot Learning,[singleton] the feature representations,the feature representations,1
158,HSVA: Hierarchical Semantic-Visual Adaptation for Zero-Shot Learning,[singleton] a hierarchical two-step adaptation,a hierarchical two-step adaptation,1
158,HSVA: Hierarchical Semantic-Visual Adaptation for Zero-Shot Learning,[singleton] two task-specific encoders,two task-specific encoders,1
158,HSVA: Hierarchical Semantic-Visual Adaptation for Zero-Shot Learning,[singleton] the source data,the source data,1
158,HSVA: Hierarchical Semantic-Visual Adaptation for Zero-Shot Learning,[singleton] the target data,the target data,1
158,HSVA: Hierarchical Semantic-Visual Adaptation for Zero-Shot Learning,[singleton] a structure-aligned common space,a structure-aligned common space,1
158,HSVA: Hierarchical Semantic-Visual Adaptation for Zero-Shot Learning,[singleton] a supervised adversarial discrepancy module,a supervised adversarial discrepancy module,1
158,HSVA: Hierarchical Semantic-Visual Adaptation for Zero-Shot Learning,[singleton] the predictions of two task-specific classifiers,the predictions of two task-specific classifiers,1
158,HSVA: Hierarchical Semantic-Visual Adaptation for Zero-Shot Learning,[singleton] the visual and semantic feature manifolds,the visual and semantic feature manifolds,1
158,HSVA: Hierarchical Semantic-Visual Adaptation for Zero-Shot Learning,[singleton] the Wasserstein distance,the Wasserstein distance,1
158,HSVA: Hierarchical Semantic-Visual Adaptation for Zero-Shot Learning,[singleton] the latent multivariate Gaussian distributions,the latent multivariate Gaussian distributions,1
158,HSVA: Hierarchical Semantic-Visual Adaptation for Zero-Shot Learning,[singleton] the visual and semantic distributions,the visual and semantic distributions,1
158,HSVA: Hierarchical Semantic-Visual Adaptation for Zero-Shot Learning,[singleton] a common encoder,a common encoder,1
158,HSVA: Hierarchical Semantic-Visual Adaptation for Zero-Shot Learning,[singleton] two partially-aligned variational autoencoders,two partially-aligned variational autoencoders,1
158,HSVA: Hierarchical Semantic-Visual Adaptation for Zero-Shot Learning,[singleton] four benchmark datasets,four benchmark datasets,1
158,HSVA: Hierarchical Semantic-Visual Adaptation for Zero-Shot Learning,[self-reference],we; we; we,3
159,CLIP in Medical Imaging: A Survey,CLIP (Contrastive Language-Image Pre-training),Contrastive Language-Image Pre-training; a simple yet effective pre-training paradigm; It; its; CLIP; the CLIP; CLIP; CLIP; the CLIP paradigm; its,10
159,CLIP in Medical Imaging: A Survey,this survey,this survey; this paper; this survey,3
159,CLIP in Medical Imaging: A Survey,the medical imaging domain,the medical imaging domain; the domain of medical imaging; the medical imaging domain; medical imaging domain,4
159,CLIP in Medical Imaging: A Survey,[singleton] text supervision,text supervision,1
159,CLIP in Medical Imaging: A Survey,[singleton] vision models,vision models,1
159,CLIP in Medical Imaging: A Survey,[singleton] image-text alignment,image-text alignment,1
159,CLIP in Medical Imaging: A Survey,[singleton] a critical component in diverse clinical tasks,a critical component in diverse clinical tasks,1
159,CLIP in Medical Imaging: A Survey,[singleton] CLIP methodology,CLIP methodology,1
159,CLIP in Medical Imaging: A Survey,[singleton] medical images and reports,medical images and reports,1
159,CLIP in Medical Imaging: A Survey,[singleton] CLIP pre-trained models,CLIP pre-trained models,1
159,CLIP in Medical Imaging: A Survey,[singleton] classification,classification,1
159,CLIP in Medical Imaging: A Survey,[singleton] dense prediction,dense prediction,1
159,CLIP in Medical Imaging: A Survey,[singleton] cross-modal tasks,cross-modal tasks,1
159,CLIP in Medical Imaging: A Survey,[singleton] researchers,researchers,1
159,CLIP in Medical Imaging: A Survey,[self-reference],we; We; We,3
160,Assessing domain adaptation techniques for mitosis detection in multi-scanner breast cancer histopathology images,Breast cancer,Breast cancer; the most commonly diagnosed cancer worldwide,2
160,Assessing domain adaptation techniques for mitosis detection in multi-scanner breast cancer histopathology images,data-driven artificial intelligence methods,data-driven artificial intelligence methods; these methods,2
160,Assessing domain adaptation techniques for mitosis detection in multi-scanner breast cancer histopathology images,the two unsupervised domain adaptation methods,two unsupervised domain adaptation methods; the aforementioned domain adaptation methods; The domain adaptation techniques; These techniques,4
160,Assessing domain adaptation techniques for mitosis detection in multi-scanner breast cancer histopathology images,CycleGAN,CycleGAN; CycleGAN,2
160,Assessing domain adaptation techniques for mitosis detection in multi-scanner breast cancer histopathology images,MIDOG 2021 Challenge dataset,the MIDOG 2021 Challenge dataset; This challenge,2
160,Assessing domain adaptation techniques for mitosis detection in multi-scanner breast cancer histopathology images,Two baseline mitosis detection models,Two baseline mitosis detection models based on U-Net and RetinaNet; Both baseline models,2
160,Assessing domain adaptation techniques for mitosis detection in multi-scanner breast cancer histopathology images,RetinaNet detector,RetinaNet; the RetinaNet detector,2
160,Assessing domain adaptation techniques for mitosis detection in multi-scanner breast cancer histopathology images,[singleton] over two million new cases each year,over two million new cases each year,1
160,Assessing domain adaptation techniques for mitosis detection in multi-scanner breast cancer histopathology images,[singleton] pathologists,pathologists,1
160,Assessing domain adaptation techniques for mitosis detection in multi-scanner breast cancer histopathology images,[singleton] biopsy or tumour resection specimens,biopsy or tumour resection specimens,1
160,Assessing domain adaptation techniques for mitosis detection in multi-scanner breast cancer histopathology images,[singleton] tissue types,tissue types,1
160,Assessing domain adaptation techniques for mitosis detection in multi-scanner breast cancer histopathology images,[singleton] staining protocols,staining protocols,1
160,Assessing domain adaptation techniques for mitosis detection in multi-scanner breast cancer histopathology images,[singleton] the scanners used to digitise whole-slide images,the scanners used to digitise whole-slide images,1
160,Assessing domain adaptation techniques for mitosis detection in multi-scanner breast cancer histopathology images,[singleton] Domain adaptation approaches,Domain adaptation approaches,1
160,Assessing domain adaptation techniques for mitosis detection in multi-scanner breast cancer histopathology images,[singleton] domain shift,domain shift,1
160,Assessing domain adaptation techniques for mitosis detection in multi-scanner breast cancer histopathology images,[singleton] Neural Style Transfer,Neural Style Transfer,1
160,Assessing domain adaptation techniques for mitosis detection in multi-scanner breast cancer histopathology images,[singleton] U-Net,U-Net,1
160,Assessing domain adaptation techniques for mitosis detection in multi-scanner breast cancer histopathology images,[singleton] human expert level performance,human expert level performance,1
160,Assessing domain adaptation techniques for mitosis detection in multi-scanner breast cancer histopathology images,[singleton] a different scanner,a different scanner,1
160,Assessing domain adaptation techniques for mitosis detection in multi-scanner breast cancer histopathology images,[self-reference],We,1
161,"Learning to Answer Subjective, Specific Product-Related Queries using Customer Reviews by Adversarial Domain Adaptation",Online customer reviews,Online customer reviews on large-scale e-commerce websites; they,2
161,"Learning to Answer Subjective, Specific Product-Related Queries using Customer Reviews by Adversarial Domain Adaptation",our adversarial domain adaptation based approach,our adversarial domain adaptation based approach; its; our approach,3
161,"Learning to Answer Subjective, Specific Product-Related Queries using Customer Reviews by Adversarial Domain Adaptation",baselines,our proposed baselines; our chosen baselines,2
161,"Learning to Answer Subjective, Specific Product-Related Queries using Customer Reviews by Adversarial Domain Adaptation",[singleton] opinion data,opinion data,1
161,"Learning to Answer Subjective, Specific Product-Related Queries using Customer Reviews by Adversarial Domain Adaptation",[singleton] answer starvation,answer starvation,1
161,"Learning to Answer Subjective, Specific Product-Related Queries using Customer Reviews by Adversarial Domain Adaptation",[singleton] answer augmentation,answer augmentation,1
161,"Learning to Answer Subjective, Specific Product-Related Queries using Customer Reviews by Adversarial Domain Adaptation",[singleton] associated consumer Q & A forums,associated consumer Q & A forums,1
161,"Learning to Answer Subjective, Specific Product-Related Queries using Customer Reviews by Adversarial Domain Adaptation",[singleton] several recently successful neural approaches to modeling sentence pairs,several recently successful neural approaches to modeling sentence pairs,1
161,"Learning to Answer Subjective, Specific Product-Related Queries using Customer Reviews by Adversarial Domain Adaptation",[singleton] ground truth answers,ground truth answers,1
161,"Learning to Answer Subjective, Specific Product-Related Queries using Customer Reviews by Adversarial Domain Adaptation",[singleton] domain-invariant features,domain-invariant features,1
161,"Learning to Answer Subjective, Specific Product-Related Queries using Customer Reviews by Adversarial Domain Adaptation","[singleton] a large number of unlabeled, unpaired question-review samples","a large number of unlabeled, unpaired question-review samples",1
161,"Learning to Answer Subjective, Specific Product-Related Queries using Customer Reviews by Adversarial Domain Adaptation",[singleton] a small gold standard dataset of question-review pairs,a small gold standard dataset of question-review pairs,1
161,"Learning to Answer Subjective, Specific Product-Related Queries using Customer Reviews by Adversarial Domain Adaptation",[singleton] human experts,human experts,1
161,"Learning to Answer Subjective, Specific Product-Related Queries using Customer Reviews by Adversarial Domain Adaptation",[singleton] no labeled question-review sentence pair data,no labeled question-review sentence pair data,1
161,"Learning to Answer Subjective, Specific Product-Related Queries using Customer Reviews by Adversarial Domain Adaptation",[singleton] another method utilizing labeled question-review samples,another method utilizing labeled question-review samples,1
161,"Learning to Answer Subjective, Specific Product-Related Queries using Customer Reviews by Adversarial Domain Adaptation",[self-reference],we; we; our; our; We; our; our,7
162,M3BAT: Unsupervised Domain Adaptation for Multimodal Mobile Sensing with Multi-Branch Adversarial Training,distribution shift,the issue of distribution shift; This,2
162,M3BAT: Unsupervised Domain Adaptation for Multimodal Mobile Sensing with Multi-Branch Adversarial Training,multimodal sensor data,multimodal sensor data; multimodal sensor data,2
162,M3BAT: Unsupervised Domain Adaptation for Multimodal Mobile Sensing with Multi-Branch Adversarial Training,domain adversarial neural networks (DANN),domain adversarial neural networks; they; DANN,3
162,M3BAT: Unsupervised Domain Adaptation for Multimodal Mobile Sensing with Multi-Branch Adversarial Training,M3BAT,M3BAT; our approach; the model,3
162,M3BAT: Unsupervised Domain Adaptation for Multimodal Mobile Sensing with Multi-Branch Adversarial Training,[singleton] computer vision,computer vision,1
162,M3BAT: Unsupervised Domain Adaptation for Multimodal Mobile Sensing with Multi-Branch Adversarial Training,[singleton] natural language processing,natural language processing,1
162,M3BAT: Unsupervised Domain Adaptation for Multimodal Mobile Sensing with Multi-Branch Adversarial Training,[singleton] the training set,the training set,1
162,M3BAT: Unsupervised Domain Adaptation for Multimodal Mobile Sensing with Multi-Branch Adversarial Training,[singleton] audio,audio,1
162,M3BAT: Unsupervised Domain Adaptation for Multimodal Mobile Sensing with Multi-Branch Adversarial Training,[singleton] accelerometer readings,accelerometer readings,1
162,M3BAT: Unsupervised Domain Adaptation for Multimodal Mobile Sensing with Multi-Branch Adversarial Training,[singleton] two multimodal mobile sensing datasets,two multimodal mobile sensing datasets,1
162,M3BAT: Unsupervised Domain Adaptation for Multimodal Mobile Sensing with Multi-Branch Adversarial Training,[singleton] three inference tasks,three inference tasks,1
162,M3BAT: Unsupervised Domain Adaptation for Multimodal Mobile Sensing with Multi-Branch Adversarial Training,[singleton] 14 source-target domain pairs,14 source-target domain pairs,1
162,M3BAT: Unsupervised Domain Adaptation for Multimodal Mobile Sensing with Multi-Branch Adversarial Training,[singleton] unseen domains,unseen domains,1
162,M3BAT: Unsupervised Domain Adaptation for Multimodal Mobile Sensing with Multi-Branch Adversarial Training,[singleton] a model trained in the source domain,a model trained in the source domain,1
162,M3BAT: Unsupervised Domain Adaptation for Multimodal Mobile Sensing with Multi-Branch Adversarial Training,[singleton] the target domain,the target domain,1
162,M3BAT: Unsupervised Domain Adaptation for Multimodal Mobile Sensing with Multi-Branch Adversarial Training,[singleton] 12% AUC,12% AUC,1
162,M3BAT: Unsupervised Domain Adaptation for Multimodal Mobile Sensing with Multi-Branch Adversarial Training,[singleton] 0.13 MAE,0.13 MAE,1
162,M3BAT: Unsupervised Domain Adaptation for Multimodal Mobile Sensing with Multi-Branch Adversarial Training,[self-reference],we; we; our; we,4
163,Feature Selection for Unsupervised Domain Adaptation using Optimal Transport,the proposed feature selection algorithm,a new feature selection method; a novel algorithm; our method; its; the proposed algorithm; our algorithm,6
163,Feature Selection for Unsupervised Domain Adaptation using Optimal Transport,recent theoretical analysis of optimal transport in domain adaptation,a recent theoretical analysis of optimal transport in domain adaptation; it,2
163,Feature Selection for Unsupervised Domain Adaptation using Optimal Transport,[singleton] the emerging optimal transportation theory,the emerging optimal transportation theory,1
163,Feature Selection for Unsupervised Domain Adaptation using Optimal Transport,[singleton] a feature selection procedure,a feature selection procedure,1
163,Feature Selection for Unsupervised Domain Adaptation using Optimal Transport,[singleton] the shift between the domains,the shift between the domains,1
163,Feature Selection for Unsupervised Domain Adaptation using Optimal Transport,[singleton] the source and target domains,the source and target domains,1
163,Feature Selection for Unsupervised Domain Adaptation using Optimal Transport,[singleton] the coupling matrix,the coupling matrix,1
163,Feature Selection for Unsupervised Domain Adaptation using Optimal Transport,[singleton] the proposed optimal transportation problem,the proposed optimal transportation problem,1
163,Feature Selection for Unsupervised Domain Adaptation using Optimal Transport,[singleton] a well-known benchmark data set,a well-known benchmark data set,1
163,Feature Selection for Unsupervised Domain Adaptation using Optimal Transport,[singleton] correlated features,correlated features,1
163,Feature Selection for Unsupervised Domain Adaptation using Optimal Transport,[singleton] a pre-processing step,a pre-processing step,1
163,Feature Selection for Unsupervised Domain Adaptation using Optimal Transport,[singleton] existing domain adaptation techniques,existing domain adaptation techniques,1
163,Feature Selection for Unsupervised Domain Adaptation using Optimal Transport,[singleton] clinical imaging databases,clinical imaging databases,1
163,Feature Selection for Unsupervised Domain Adaptation using Optimal Transport,[singleton] computer-aided diagnosis task,computer-aided diagnosis task,1
163,Feature Selection for Unsupervised Domain Adaptation using Optimal Transport,[self-reference],we; We; we; We; our; we; we; our,8
164,Low Saturation Confidence Distribution based Test-Time Adaptation for Cross-Domain Remote Sensing Image Classification,Unsupervised Domain Adaptation (UDA),Unsupervised Domain Adaptation; most UDA approaches,2
164,Low Saturation Confidence Distribution based Test-Time Adaptation for Cross-Domain Remote Sensing Image Classification,source data,source data; source data,2
164,Low Saturation Confidence Distribution based Test-Time Adaptation for Cross-Domain Remote Sensing Image Classification,cross-domain RS image classification,cross-domain RS image classification; cross-domain RS image classification; RS image classification,3
164,Low Saturation Confidence Distribution based Test-Time Adaptation for Cross-Domain Remote Sensing Image Classification,Low Saturation Confidence Distribution Test-Time Adaptation (LSCD-TTA),Low Saturation Confidence Distribution Test-Time Adaptation; LSCD-TTA; LSCD-TTA; LSCD-TTA,4
164,Low Saturation Confidence Distribution based Test-Time Adaptation for Cross-Domain Remote Sensing Image Classification,[singleton] Remote Sensing applications,Remote Sensing applications,1
164,Low Saturation Confidence Distribution based Test-Time Adaptation for Cross-Domain Remote Sensing Image Classification,[singleton] data privacy or transmission constraints,data privacy or transmission constraints,1
164,Low Saturation Confidence Distribution based Test-Time Adaptation for Cross-Domain Remote Sensing Image Classification,[singleton] Source-free Domain Adaptation,Source-free Domain Adaptation,1
164,Low Saturation Confidence Distribution based Test-Time Adaptation for Cross-Domain Remote Sensing Image Classification,[singleton] a large amount of target domain data,a large amount of target domain data,1
164,Low Saturation Confidence Distribution based Test-Time Adaptation for Cross-Domain Remote Sensing Image Classification,[singleton] Test-Time Adaptation,Test-Time Adaptation,1
164,Low Saturation Confidence Distribution based Test-Time Adaptation for Cross-Domain Remote Sensing Image Classification,[singleton] a source-trained model,a source-trained model,1
164,Low Saturation Confidence Distribution based Test-Time Adaptation for Cross-Domain Remote Sensing Image Classification,[singleton] the target test data,the target test data,1
164,Low Saturation Confidence Distribution based Test-Time Adaptation for Cross-Domain Remote Sensing Image Classification,[singleton] three optimization strategies,three optimization strategies,1
164,Low Saturation Confidence Distribution based Test-Time Adaptation for Cross-Domain Remote Sensing Image Classification,[singleton] weak-confidence softmax-entropy loss,weak-confidence softmax-entropy loss,1
164,Low Saturation Confidence Distribution based Test-Time Adaptation for Cross-Domain Remote Sensing Image Classification,[singleton] balanced-categories softmax-entropy loss,balanced-categories softmax-entropy loss,1
164,Low Saturation Confidence Distribution based Test-Time Adaptation for Cross-Domain Remote Sensing Image Classification,[singleton] low saturation distribution loss,low saturation distribution loss,1
164,Low Saturation Confidence Distribution based Test-Time Adaptation for Cross-Domain Remote Sensing Image Classification,[singleton] soft log-likelihood ratios,soft log-likelihood ratios,1
164,Low Saturation Confidence Distribution based Test-Time Adaptation for Cross-Domain Remote Sensing Image Classification,[singleton] low-confidence samples,low-confidence samples,1
164,Low Saturation Confidence Distribution based Test-Time Adaptation for Cross-Domain Remote Sensing Image Classification,[singleton] unbalanced class distribution,unbalanced class distribution,1
164,Low Saturation Confidence Distribution based Test-Time Adaptation for Cross-Domain Remote Sensing Image Classification,[singleton] the category diversity,the category diversity,1
164,Low Saturation Confidence Distribution based Test-Time Adaptation for Cross-Domain Remote Sensing Image Classification,[singleton] the target domain,the target domain,1
164,Low Saturation Confidence Distribution based Test-Time Adaptation for Cross-Domain Remote Sensing Image Classification,[self-reference],we,1
165,Statistical Inference for Autoencoder based Anomaly Detection after Representation Learning based Domain Adaptation,Anomaly detection,Anomaly detection; its,2
165,Statistical Inference for Autoencoder based Anomaly Detection after Representation Learning based Domain Adaptation,Domain Adaptation,Domain Adaptation; this adaptation process,2
165,Statistical Inference for Autoencoder based Anomaly Detection after Representation Learning based Domain Adaptation,STAND-DA,STAND-DA; STAND-DA; the proposed STAND-DA method,3
165,Statistical Inference for Autoencoder based Anomaly Detection after Representation Learning based Domain Adaptation,Selective Inference (SI),the Selective Inference framework; SI; SI; SI,4
165,Statistical Inference for Autoencoder based Anomaly Detection after Representation Learning based Domain Adaptation,[singleton] target domains with limited data,target domains with limited data,1
165,Statistical Inference for Autoencoder based Anomaly Detection after Representation Learning based Domain Adaptation,[singleton] a related source domain with abundant data,a related source domain with abundant data,1
165,Statistical Inference for Autoencoder based Anomaly Detection after Representation Learning based Domain Adaptation,[singleton] AD results,AD results,1
165,Statistical Inference for Autoencoder based Anomaly Detection after Representation Learning based Domain Adaptation,[singleton] the false positive rate,the false positive rate,1
165,Statistical Inference for Autoencoder based Anomaly Detection after Representation Learning based Domain Adaptation,[singleton] deep learning models,deep learning models,1
165,Statistical Inference for Autoencoder based Anomaly Detection after Representation Learning based Domain Adaptation,[singleton] the GPU-accelerated SI implementation,the GPU-accelerated SI implementation,1
165,Statistical Inference for Autoencoder based Anomaly Detection after Representation Learning based Domain Adaptation,"[singleton] modern, large-scale deep architectures","modern, large-scale deep architectures",1
165,Statistical Inference for Autoencoder based Anomaly Detection after Representation Learning based Domain Adaptation,[singleton] synthetic and real-world datasets,synthetic and real-world datasets,1
165,Statistical Inference for Autoencoder based Anomaly Detection after Representation Learning based Domain Adaptation,[self-reference],we; we,2
166,SFDLA: Source-Free Document Layout Analysis,existing DLA and adaptation methods,existing DLA and adaptation methods; their,2
166,SFDLA: Source-Free Document Layout Analysis,Document Layout Analysis Adapter,Document Layout Analysis Adapter; a novel framework; Our method,3
166,SFDLA: Source-Free Document Layout Analysis,[singleton] Document Layout Analysis,Document Layout Analysis,1
166,SFDLA: Source-Free Document Layout Analysis,[singleton] document understanding,document understanding,1
166,SFDLA: Source-Free Document Layout Analysis,[singleton] large-scale source data,large-scale source data,1
166,SFDLA: Source-Free Document Layout Analysis,[singleton] target labels,target labels,1
166,SFDLA: Source-Free Document Layout Analysis,[singleton] financial statements,financial statements,1
166,SFDLA: Source-Free Document Layout Analysis,[singleton] medical records,medical records,1
166,SFDLA: Source-Free Document Layout Analysis,[singleton] proprietary business documents,proprietary business documents,1
166,SFDLA: Source-Free Document Layout Analysis,[singleton] source-domain fine-tuned models,source-domain fine-tuned models,1
166,SFDLA: Source-Free Document Layout Analysis,[singleton] a significant performance drop,a significant performance drop,1
166,SFDLA: Source-Free Document Layout Analysis,[singleton] Source-Free Document Layout Analysis,Source-Free Document Layout Analysis,1
166,SFDLA: Source-Free Document Layout Analysis,[singleton] a pre-trained source DLA models,a pre-trained source DLA models,1
166,SFDLA: Source-Free Document Layout Analysis,[singleton] an unlabeled target domain,an unlabeled target domain,1
166,SFDLA: Source-Free Document Layout Analysis,[singleton] any source data,any source data,1
166,SFDLA: Source-Free Document Layout Analysis,[singleton] the first SFDLA benchmark,the first SFDLA benchmark,1
166,SFDLA: Source-Free Document Layout Analysis,[singleton] three major DLA datasets,three major DLA datasets,1
166,SFDLA: Source-Free Document Layout Analysis,[singleton] the source only baseline,the source only baseline,1
166,SFDLA: Source-Free Document Layout Analysis,[singleton] existing source-free methods,existing source-free methods,1
166,SFDLA: Source-Free Document Layout Analysis,[singleton] PubLayNet,PubLayNet,1
166,SFDLA: Source-Free Document Layout Analysis,[singleton] DocLayNet,DocLayNet,1
166,SFDLA: Source-Free Document Layout Analysis,[singleton] the DLA community,the DLA community,1
166,SFDLA: Source-Free Document Layout Analysis,[singleton] source-free document understanding,source-free document understanding,1
166,SFDLA: Source-Free Document Layout Analysis,[self-reference],our; we; we; we; Our; We,6
167,Universal Person Re-Identification,universal re-id model,a universal model learning approach; a universal re-id deep model; the model; our method,4
167,Universal Person Re-Identification,unsupervised domain adaptation and unsupervised learning methods,unsupervised domain adaptation and unsupervised learning methods; these methods,2
167,Universal Person Re-Identification,transformed person identity classes,a set of transformed person identity classes; Each of such classes,2
167,Universal Person Re-Identification,random appearance transformations,a variety of random appearance transformations; the transformations,2
167,Universal Person Re-Identification,[singleton] cross-view identity labelled training data,cross-view identity labelled training data,1
167,Universal Person Re-Identification,[singleton] unlabelled target domain training data,unlabelled target domain training data,1
167,Universal Person Re-Identification,"[singleton] This conventional train once, run once} pattern","This conventional train once, run once} pattern",1
167,Universal Person Re-Identification,"[singleton] a train once, run everywhere pattern","a train once, run everywhere pattern",1
167,Universal Person Re-Identification,[singleton] a single} seed domain,a single} seed domain,1
167,Universal Person Re-Identification,[singleton] five standard benchmarks,five standard benchmarks,1
167,Universal Person Re-Identification,[singleton] Market-1501,Market-1501,1
167,Universal Person Re-Identification,[singleton] DukeMTMC,DukeMTMC,1
167,Universal Person Re-Identification,[singleton] CUHK03,CUHK03,1
167,Universal Person Re-Identification,[singleton] MSMT17,MSMT17,1
167,Universal Person Re-Identification,[singleton] VIPeR,VIPeR,1
167,Universal Person Re-Identification,[self-reference],We; We; we; our,4
168,Pred&Guide: Labeled Target Class Prediction for Guiding Semi-Supervised Domain Adaptation,Pred&Guide framework,a novel framework; Pred&Guide; which; Pred&Guide; the proposed Pred&Guide framework,5
168,Pred&Guide: Labeled Target Class Prediction for Guiding Semi-Supervised Domain Adaptation,the target domain,a target domain; the target domain,2
168,Pred&Guide: Labeled Target Class Prediction for Guiding Semi-Supervised Domain Adaptation,the few labeled target examples,very few labeled examples of the target domain; the few labeled target examples; the few labeled target examples,3
168,Pred&Guide: Labeled Target Class Prediction for Guiding Semi-Supervised Domain Adaptation,benchmark datasets (Office-Home and DomainNet),two large-scale benchmark datasets; Office-Home and DomainNet,2
168,Pred&Guide: Labeled Target Class Prediction for Guiding Semi-Supervised Domain Adaptation,[singleton] Semi-supervised domain adaptation,Semi-supervised domain adaptation,1
168,Pred&Guide: Labeled Target Class Prediction for Guiding Semi-Supervised Domain Adaptation,[singleton] a related label-rich source domain,a related label-rich source domain,1
168,Pred&Guide: Labeled Target Class Prediction for Guiding Semi-Supervised Domain Adaptation,[singleton] three stages,three stages,1
168,Pred&Guide: Labeled Target Class Prediction for Guiding Semi-Supervised Domain Adaptation,[singleton] all the target samples,all the target samples,1
168,Pred&Guide: Labeled Target Class Prediction for Guiding Semi-Supervised Domain Adaptation,[singleton] unsupervised domain adaptation coupled with self-training,unsupervised domain adaptation coupled with self-training,1
168,Pred&Guide: Labeled Target Class Prediction for Guiding Semi-Supervised Domain Adaptation,[singleton] the label prediction stage,the label prediction stage,1
168,Pred&Guide: Labeled Target Class Prediction for Guiding Semi-Supervised Domain Adaptation,[singleton] the current model,the current model,1
168,Pred&Guide: Labeled Target Class Prediction for Guiding Semi-Supervised Domain Adaptation,[singleton] the correctness of the label predictions,the correctness of the label predictions,1
168,Pred&Guide: Labeled Target Class Prediction for Guiding Semi-Supervised Domain Adaptation,[singleton] source examples,source examples,1
168,Pred&Guide: Labeled Target Class Prediction for Guiding Semi-Supervised Domain Adaptation,[singleton] Extensive experiments,Extensive experiments,1
168,Pred&Guide: Labeled Target Class Prediction for Guiding Semi-Supervised Domain Adaptation,[singleton] state-of-the-art results,state-of-the-art results,1
168,Pred&Guide: Labeled Target Class Prediction for Guiding Semi-Supervised Domain Adaptation,[self-reference],we; we,2
169,ADLDA: A Method to Reduce the Harm of Data Distribution Shift in Data Augmentation,ADLDA,a novel data augmentation technique; ADLDA; ADLDA; ADLDA; ADLDA,5
169,ADLDA: A Method to Reduce the Harm of Data Distribution Shift in Data Augmentation,[singleton] data distribution shifts,data distribution shifts,1
169,ADLDA: A Method to Reduce the Harm of Data Distribution Shift in Data Augmentation,[singleton] the data augmentation process,the data augmentation process,1
169,ADLDA: A Method to Reduce the Harm of Data Distribution Shift in Data Augmentation,[singleton] computer vision task,computer vision task,1
169,ADLDA: A Method to Reduce the Harm of Data Distribution Shift in Data Augmentation,[singleton] augmented data,augmented data,1
169,ADLDA: A Method to Reduce the Harm of Data Distribution Shift in Data Augmentation,[singleton] distinct subdomains,distinct subdomains,1
169,ADLDA: A Method to Reduce the Harm of Data Distribution Shift in Data Augmentation,[singleton] domain labels,domain labels,1
169,ADLDA: A Method to Reduce the Harm of Data Distribution Shift in Data Augmentation,[singleton] domain adaptation techniques,domain adaptation techniques,1
169,ADLDA: A Method to Reduce the Harm of Data Distribution Shift in Data Augmentation,[singleton] the model s feature space,the model s feature space,1
169,ADLDA: A Method to Reduce the Harm of Data Distribution Shift in Data Augmentation,[singleton] Experimental results,Experimental results,1
169,ADLDA: A Method to Reduce the Harm of Data Distribution Shift in Data Augmentation,[singleton] model performance,model performance,1
169,ADLDA: A Method to Reduce the Harm of Data Distribution Shift in Data Augmentation,[singleton] multiple datasets,multiple datasets,1
169,ADLDA: A Method to Reduce the Harm of Data Distribution Shift in Data Augmentation,[singleton] neural network architectures with complex feature extraction layers,neural network architectures with complex feature extraction layers,1
169,ADLDA: A Method to Reduce the Harm of Data Distribution Shift in Data Augmentation,[singleton] the model s ability,the model s ability,1
169,ADLDA: A Method to Reduce the Harm of Data Distribution Shift in Data Augmentation,[singleton] object recognition and image segmentation tasks,object recognition and image segmentation tasks,1
169,ADLDA: A Method to Reduce the Harm of Data Distribution Shift in Data Augmentation,[singleton] an effective data augmentation regularization method,an effective data augmentation regularization method,1
169,ADLDA: A Method to Reduce the Harm of Data Distribution Shift in Data Augmentation,[singleton] deep learning models,deep learning models,1
170,Physics-informed and Unsupervised Riemannian Domain Adaptation for Machine Learning on Heterogeneous EEG Datasets,proposed unsupervised approach,an unsupervised approach leveraging EEG signal physics; our method,2
170,Physics-informed and Unsupervised Riemannian Domain Adaptation for Machine Learning on Heterogeneous EEG Datasets,field interpolation,field interpolation; the field interpolation; field interpolation,3
170,Physics-informed and Unsupervised Riemannian Domain Adaptation for Machine Learning on Heterogeneous EEG Datasets,source-dependent methods,source-dependent methods; source-dependent methods,2
170,Physics-informed and Unsupervised Riemannian Domain Adaptation for Machine Learning on Heterogeneous EEG Datasets,[singleton] electroencephalogram (EEG) datasets,electroencephalogram (EEG) datasets,1
170,Physics-informed and Unsupervised Riemannian Domain Adaptation for Machine Learning on Heterogeneous EEG Datasets,[singleton] ML algorithms,ML algorithms,1
170,Physics-informed and Unsupervised Riemannian Domain Adaptation for Machine Learning on Heterogeneous EEG Datasets,[singleton] Simple channel selection,Simple channel selection,1
170,Physics-informed and Unsupervised Riemannian Domain Adaptation for Machine Learning on Heterogeneous EEG Datasets,[singleton] source-free domain adaptation,source-free domain adaptation,1
170,Physics-informed and Unsupervised Riemannian Domain Adaptation for Machine Learning on Heterogeneous EEG Datasets,[singleton] Riemannian geometry classification pipelines,Riemannian geometry classification pipelines,1
170,Physics-informed and Unsupervised Riemannian Domain Adaptation for Machine Learning on Heterogeneous EEG Datasets,[singleton] transfer learning steps,transfer learning steps,1
170,Physics-informed and Unsupervised Riemannian Domain Adaptation for Machine Learning on Heterogeneous EEG Datasets,[singleton] brain-computer interface tasks,brain-computer interface tasks,1
170,Physics-informed and Unsupervised Riemannian Domain Adaptation for Machine Learning on Heterogeneous EEG Datasets,[singleton] potential biomarker applications,potential biomarker applications,1
170,Physics-informed and Unsupervised Riemannian Domain Adaptation for Machine Learning on Heterogeneous EEG Datasets,[singleton] a statistical based approach known as Dimensionality Transcending,a statistical based approach known as Dimensionality Transcending,1
170,Physics-informed and Unsupervised Riemannian Domain Adaptation for Machine Learning on Heterogeneous EEG Datasets,[singleton] a signal based imputation called ComImp,a signal based imputation called ComImp,1
170,Physics-informed and Unsupervised Riemannian Domain Adaptation for Machine Learning on Heterogeneous EEG Datasets,[singleton] common channel selection and spherical spline interpolation,common channel selection and spherical spline interpolation,1
170,Physics-informed and Unsupervised Riemannian Domain Adaptation for Machine Learning on Heterogeneous EEG Datasets,[singleton] leave-one-dataset-out validation,leave-one-dataset-out validation,1
170,Physics-informed and Unsupervised Riemannian Domain Adaptation for Machine Learning on Heterogeneous EEG Datasets,[singleton] six public BCI datasets,six public BCI datasets,1
170,Physics-informed and Unsupervised Riemannian Domain Adaptation for Machine Learning on Heterogeneous EEG Datasets,[singleton] a right-hand/left-hand classification task,a right-hand/left-hand classification task,1
170,Physics-informed and Unsupervised Riemannian Domain Adaptation for Machine Learning on Heterogeneous EEG Datasets,[singleton] Numerical experiments,Numerical experiments,1
170,Physics-informed and Unsupervised Riemannian Domain Adaptation for Machine Learning on Heterogeneous EEG Datasets,[self-reference],we; We; our,3
171,Few-shot Image Generation via Adaptation-Aware Kernel Modulation,few-shot image generation (FSIG),Few-shot image generation; general FSIG,2
171,Few-shot Image Generation via Adaptation-Aware Kernel Modulation,GAN pretrained on a large-scale source domain dataset,a GAN pretrained on a large-scale source domain dataset; that model,2
171,Few-shot Image Generation via Adaptation-Aware Kernel Modulation,knowledge preserving criteria,knowledge preserving criteria; which; their knowledge preserving criteria,3
171,Few-shot Image Generation via Adaptation-Aware Kernel Modulation,existing methods,existing methods; they; their suitability; existing state-of-the-art methods; existing methods,5
171,Few-shot Image Generation via Adaptation-Aware Kernel Modulation,source model s knowledge,source model s knowledge; source model s knowledge,2
171,Few-shot Image Generation via Adaptation-Aware Kernel Modulation,Adaptation-Aware kernel Modulation,Adaptation-Aware kernel Modulation; the proposed method,2
171,Few-shot Image Generation via Adaptation-Aware Kernel Modulation,[singleton] 10 training samples,10 training samples,1
171,Few-shot Image Generation via Adaptation-Aware Kernel Modulation,[singleton] transfer learning approach,transfer learning approach,1
171,Few-shot Image Generation via Adaptation-Aware Kernel Modulation,[singleton] the adapted model,the adapted model,1
171,Few-shot Image Generation via Adaptation-Aware Kernel Modulation,[singleton] recent FSIG methods,recent FSIG methods,1
171,Few-shot Image Generation via Adaptation-Aware Kernel Modulation,[singleton] recent FSIG works,recent FSIG works,1
171,Few-shot Image Generation via Adaptation-Aware Kernel Modulation,[singleton] a baseline fine-tuning method,a baseline fine-tuning method,1
171,Few-shot Image Generation via Adaptation-Aware Kernel Modulation,[singleton] Extensive experimental results,Extensive experimental results,1
171,Few-shot Image Generation via Adaptation-Aware Kernel Modulation,[singleton] SOTA performance,SOTA performance,1
171,Few-shot Image Generation via Adaptation-Aware Kernel Modulation,[self-reference],Our work; our first contribution; we; Our important finding; our second contribution; we,6
172,Not All Starting Points Are Equal: Pre-trained Priors and Their Outsized Impact on Person Identification,pre-training methodologies,diverse general purpose pre-training methodologies for computer vision; these pre-training methodologies,2
172,Not All Starting Points Are Equal: Pre-trained Priors and Their Outsized Impact on Person Identification,pre-trained weights as prior,pre-trained weights serve as a strong prior to the weights learned during domain adaptation; the pre-trained weights acting as a prior,2
172,Not All Starting Points Are Equal: Pre-trained Priors and Their Outsized Impact on Person Identification,the proposed prior framework,This framework; this framework,2
172,Not All Starting Points Are Equal: Pre-trained Priors and Their Outsized Impact on Person Identification,large vision foundation models,"large, pre-trained foundation models; large vision foundation models",2
172,Not All Starting Points Are Equal: Pre-trained Priors and Their Outsized Impact on Person Identification,the domain adapted SOTA solutions,SOTA solutions; solutions that are very close in the parameter space to the starting parameters; these solutions; they,4
172,Not All Starting Points Are Equal: Pre-trained Priors and Their Outsized Impact on Person Identification,[singleton] person identification tasks (re-id),person identification tasks (re-id),1
172,Not All Starting Points Are Equal: Pre-trained Priors and Their Outsized Impact on Person Identification,[singleton] equated domain adaptation pipelines,equated domain adaptation pipelines,1
172,Not All Starting Points Are Equal: Pre-trained Priors and Their Outsized Impact on Person Identification,[singleton] different starting models,different starting models,1
172,Not All Starting Points Are Equal: Pre-trained Priors and Their Outsized Impact on Person Identification,[singleton] a range of re-id tests,a range of re-id tests,1
172,Not All Starting Points Are Equal: Pre-trained Priors and Their Outsized Impact on Person Identification,[singleton] a maximum probability point estimate of the Gibbs posterior,a maximum probability point estimate of the Gibbs posterior,1
172,Not All Starting Points Are Equal: Pre-trained Priors and Their Outsized Impact on Person Identification,[singleton] a range of re-id datasets,a range of re-id datasets,1
172,Not All Starting Points Are Equal: Pre-trained Priors and Their Outsized Impact on Person Identification,[singleton] small transfer sets,small transfer sets,1
172,Not All Starting Points Are Equal: Pre-trained Priors and Their Outsized Impact on Person Identification,[singleton] varying transfer datasets,varying transfer datasets,1
172,Not All Starting Points Are Equal: Pre-trained Priors and Their Outsized Impact on Person Identification,[singleton] optimizer,optimizer,1
172,Not All Starting Points Are Equal: Pre-trained Priors and Their Outsized Impact on Person Identification,[singleton] weight-decay,weight-decay,1
172,Not All Starting Points Are Equal: Pre-trained Priors and Their Outsized Impact on Person Identification,[singleton] loss function,loss function,1
172,Not All Starting Points Are Equal: Pre-trained Priors and Their Outsized Impact on Person Identification,[singleton] direct fine-tuning,direct fine-tuning,1
172,Not All Starting Points Are Equal: Pre-trained Priors and Their Outsized Impact on Person Identification,[singleton] an important baseline for future work in re-id,an important baseline for future work in re-id,1
172,Not All Starting Points Are Equal: Pre-trained Priors and Their Outsized Impact on Person Identification,[self-reference],We; We; we; we; we,5
173,Penrose Tiled Low-Rank Compression and Section-Wise Q&A Fine-Tuning: A General Framework for Domain-Specific Large Language Model Adaptation,Large language models,Large language models; them; LLMs,3
173,Penrose Tiled Low-Rank Compression and Section-Wise Q&A Fine-Tuning: A General Framework for Domain-Specific Large Language Model Adaptation,the two-stage framework,a two-stage framework; our two-stage approach; this principled yet exploratory pipeline; its,4
173,Penrose Tiled Low-Rank Compression and Section-Wise Q&A Fine-Tuning: A General Framework for Domain-Specific Large Language Model Adaptation,local low-rank rank blocks,local low-rank rank blocks; these blocks,2
173,Penrose Tiled Low-Rank Compression and Section-Wise Q&A Fine-Tuning: A General Framework for Domain-Specific Large Language Model Adaptation,the compressed model,the compressed model; the compressed model; it; the model,4
173,Penrose Tiled Low-Rank Compression and Section-Wise Q&A Fine-Tuning: A General Framework for Domain-Specific Large Language Model Adaptation,[singleton] materials science,materials science,1
173,Penrose Tiled Low-Rank Compression and Section-Wise Q&A Fine-Tuning: A General Framework for Domain-Specific Large Language Model Adaptation,[singleton] structured model compression,structured model compression,1
173,Penrose Tiled Low-Rank Compression and Section-Wise Q&A Fine-Tuning: A General Framework for Domain-Specific Large Language Model Adaptation,[singleton] a scientific fine-tuning regimen,a scientific fine-tuning regimen,1
173,Penrose Tiled Low-Rank Compression and Section-Wise Q&A Fine-Tuning: A General Framework for Domain-Specific Large Language Model Adaptation,[singleton] the compression stage,the compression stage,1
173,Penrose Tiled Low-Rank Compression and Section-Wise Q&A Fine-Tuning: A General Framework for Domain-Specific Large Language Model Adaptation,[singleton] the LLM s weight matrices,the LLM s weight matrices,1
173,Penrose Tiled Low-Rank Compression and Section-Wise Q&A Fine-Tuning: A General Framework for Domain-Specific Large Language Model Adaptation,[singleton] a Penrose-like non-periodic tiling pattern,a Penrose-like non-periodic tiling pattern,1
173,Penrose Tiled Low-Rank Compression and Section-Wise Q&A Fine-Tuning: A General Framework for Domain-Specific Large Language Model Adaptation,[singleton] Each block,Each block,1
173,Penrose Tiled Low-Rank Compression and Section-Wise Q&A Fine-Tuning: A General Framework for Domain-Specific Large Language Model Adaptation,[singleton] spectral transformations,spectral transformations,1
173,Penrose Tiled Low-Rank Compression and Section-Wise Q&A Fine-Tuning: A General Framework for Domain-Specific Large Language Model Adaptation,[singleton] a Kullback-Leibler divergence based alignment loss,a Kullback-Leibler divergence based alignment loss,1
173,Penrose Tiled Low-Rank Compression and Section-Wise Q&A Fine-Tuning: A General Framework for Domain-Specific Large Language Model Adaptation,[singleton] the original full model,the original full model,1
173,Penrose Tiled Low-Rank Compression and Section-Wise Q&A Fine-Tuning: A General Framework for Domain-Specific Large Language Model Adaptation,[singleton] the adaptation stage,the adaptation stage,1
173,Penrose Tiled Low-Rank Compression and Section-Wise Q&A Fine-Tuning: A General Framework for Domain-Specific Large Language Model Adaptation,[singleton] a human-like scientific reading protocol,a human-like scientific reading protocol,1
173,Penrose Tiled Low-Rank Compression and Section-Wise Q&A Fine-Tuning: A General Framework for Domain-Specific Large Language Model Adaptation,[singleton] technical materials science documents,technical materials science documents,1
173,Penrose Tiled Low-Rank Compression and Section-Wise Q&A Fine-Tuning: A General Framework for Domain-Specific Large Language Model Adaptation,[singleton] a structured question-and-answer routine,a structured question-and-answer routine,1
173,Penrose Tiled Low-Rank Compression and Section-Wise Q&A Fine-Tuning: A General Framework for Domain-Specific Large Language Model Adaptation,[singleton] This section-wise Q&A fine-tuning strategy,This section-wise Q&A fine-tuning strategy,1
173,Penrose Tiled Low-Rank Compression and Section-Wise Q&A Fine-Tuning: A General Framework for Domain-Specific Large Language Model Adaptation,[singleton] explicit reasoning traces,explicit reasoning traces,1
173,Penrose Tiled Low-Rank Compression and Section-Wise Q&A Fine-Tuning: A General Framework for Domain-Specific Large Language Model Adaptation,[singleton] catastrophic forgetting,catastrophic forgetting,1
173,Penrose Tiled Low-Rank Compression and Section-Wise Q&A Fine-Tuning: A General Framework for Domain-Specific Large Language Model Adaptation,[singleton] materials science knowledge integration,materials science knowledge integration,1
173,Penrose Tiled Low-Rank Compression and Section-Wise Q&A Fine-Tuning: A General Framework for Domain-Specific Large Language Model Adaptation,[singleton] comprehensive empirical evaluation,comprehensive empirical evaluation,1
173,Penrose Tiled Low-Rank Compression and Section-Wise Q&A Fine-Tuning: A General Framework for Domain-Specific Large Language Model Adaptation,[self-reference],We; we; our; We,4
174,SemST: Semantically Consistent Multi-Scale Image Translation via Structure-Texture Alignment,SemST,a novel I2I method that maintains semantic consistency in translation; SemST; SemST; SemST; SemST; SemST; SemST,7
174,SemST: Semantically Consistent Multi-Scale Image Translation via Structure-Texture Alignment,semantic distortion,content discrepancy known as semantic distortion; semantic distortion; semantic distortion,3
174,SemST: Semantically Consistent Multi-Scale Image Translation via Structure-Texture Alignment,domain adaptation,domain adaptation; domain adaptation,2
174,SemST: Semantically Consistent Multi-Scale Image Translation via Structure-Texture Alignment,[singleton] Unsupervised image-to-image (I2I) translation,Unsupervised image-to-image (I2I) translation,1
174,SemST: Semantically Consistent Multi-Scale Image Translation via Structure-Texture Alignment,[singleton] cross-domain image mapping,cross-domain image mapping,1
174,SemST: Semantically Consistent Multi-Scale Image Translation via Structure-Texture Alignment,[singleton] the source domain,the source domain,1
174,SemST: Semantically Consistent Multi-Scale Image Translation via Structure-Texture Alignment,[singleton] the target domain,the target domain,1
174,SemST: Semantically Consistent Multi-Scale Image Translation via Structure-Texture Alignment,[singleton] contrastive learning,contrastive learning,1
174,SemST: Semantically Consistent Multi-Scale Image Translation via Structure-Texture Alignment,[singleton] their mutual information,their mutual information,1
174,SemST: Semantically Consistent Multi-Scale Image Translation via Structure-Texture Alignment,[singleton] a multi-scale approach,a multi-scale approach,1
174,SemST: Semantically Consistent Multi-Scale Image Translation via Structure-Texture Alignment,[singleton] high-resolution images,high-resolution images,1
174,SemST: Semantically Consistent Multi-Scale Image Translation via Structure-Texture Alignment,[singleton] state-of-the-art performance,state-of-the-art performance,1
174,SemST: Semantically Consistent Multi-Scale Image Translation via Structure-Texture Alignment,[singleton] preliminary experiments,preliminary experiments,1
174,SemST: Semantically Consistent Multi-Scale Image Translation via Structure-Texture Alignment,[singleton] a beneficial pre-training,a beneficial pre-training,1
174,SemST: Semantically Consistent Multi-Scale Image Translation via Structure-Texture Alignment,[singleton] the semantic segmentation task,the semantic segmentation task,1
175,EarDA: Towards Accurate and Data-Efficient Earable Activity Sensing,earable devices,earable devices; earable devices,2
175,EarDA: Towards Accurate and Data-Efficient Earable Activity Sensing,Human Activity Recognition (HAR),Human Activity Recognition; HAR task,2
175,EarDA: Towards Accurate and Data-Efficient Earable Activity Sensing,EarDA,EarDA; the proposed scheme; EarDA; the proposed system; It; its,6
175,EarDA: Towards Accurate and Data-Efficient Earable Activity Sensing,head movement,dynamic and unpredictable head movements; head movement,2
175,EarDA: Towards Accurate and Data-Efficient Earable Activity Sensing,[singleton] the Internet of Things,the Internet of Things,1
175,EarDA: Towards Accurate and Data-Efficient Earable Activity Sensing,[singleton] Inertial Measurement Unit sensors,Inertial Measurement Unit sensors,1
175,EarDA: Towards Accurate and Data-Efficient Earable Activity Sensing,[singleton] those motion signals obtained from earable devices,those motion signals obtained from earable devices,1
175,EarDA: Towards Accurate and Data-Efficient Earable Activity Sensing,[singleton] activity classification,activity classification,1
175,EarDA: Towards Accurate and Data-Efficient Earable Activity Sensing,[singleton] the domain-independent features,the domain-independent features,1
175,EarDA: Towards Accurate and Data-Efficient Earable Activity Sensing,[singleton] deep learning methods,deep learning methods,1
175,EarDA: Towards Accurate and Data-Efficient Earable Activity Sensing,[singleton] labeled data,labeled data,1
175,EarDA: Towards Accurate and Data-Efficient Earable Activity Sensing,[singleton] publicly available smartphone based IMU datasets,publicly available smartphone based IMU datasets,1
175,EarDA: Towards Accurate and Data-Efficient Earable Activity Sensing,[singleton] a filter based data processing method,a filter based data processing method,1
175,EarDA: Towards Accurate and Data-Efficient Earable Activity Sensing,[singleton] an accuracy of 88.8%,an accuracy of 88.8%,1
175,EarDA: Towards Accurate and Data-Efficient Earable Activity Sensing,[singleton] a significant 43% improvement,a significant 43% improvement,1
175,EarDA: Towards Accurate and Data-Efficient Earable Activity Sensing,[singleton] domain gaps,domain gaps,1
175,EarDA: Towards Accurate and Data-Efficient Earable Activity Sensing,[self-reference],we; we,2
176,KunquDB: An Attempt for Speaker Verification in the Chinese Opera Scenario,KunquDB dataset,KunquDB; KunquDB; KunquDB; this dataset,4
176,KunquDB: An Attempt for Speaker Verification in the Chinese Opera Scenario,Automatic Speaker Verification (ASV),Automatic Speaker Verification; ASV,2
176,KunquDB: An Attempt for Speaker Verification in the Chinese Opera Scenario,vocal manners in opera voices,two distinct vocal manners in opera voices; these vocal manner variations,2
176,KunquDB: An Attempt for Speaker Verification in the Chinese Opera Scenario,[singleton] Chinese opera research,Chinese opera research,1
176,KunquDB: An Attempt for Speaker Verification in the Chinese Opera Scenario,[singleton] 339 speakers,339 speakers,1
176,KunquDB: An Attempt for Speaker Verification in the Chinese Opera Scenario,[singleton] 128 hours of content,128 hours of content,1
176,KunquDB: An Attempt for Speaker Verification in the Chinese Opera Scenario,[singleton] the Kunqu Opera Art Canon,the Kunqu Opera Art Canon,1
176,KunquDB: An Attempt for Speaker Verification in the Chinese Opera Scenario,[singleton] character names,character names,1
176,KunquDB: An Attempt for Speaker Verification in the Chinese Opera Scenario,[singleton] speaker names,speaker names,1
176,KunquDB: An Attempt for Speaker Verification in the Chinese Opera Scenario,[singleton] gender information,gender information,1
176,KunquDB: An Attempt for Speaker Verification in the Chinese Opera Scenario,[singleton] vocal manner classifications,vocal manner classifications,1
176,KunquDB: An Attempt for Speaker Verification in the Chinese Opera Scenario,[singleton] preliminary text transcriptions,preliminary text transcriptions,1
176,KunquDB: An Attempt for Speaker Verification in the Chinese Opera Scenario,[singleton] four test trials,four test trials,1
176,KunquDB: An Attempt for Speaker Verification in the Chinese Opera Scenario,[singleton] stage speech (ST),stage speech (ST),1
176,KunquDB: An Attempt for Speaker Verification in the Chinese Opera Scenario,[singleton] singing (S),singing (S),1
176,KunquDB: An Attempt for Speaker Verification in the Chinese Opera Scenario,[singleton] domain adaptation methods,domain adaptation methods,1
176,KunquDB: An Attempt for Speaker Verification in the Chinese Opera Scenario,[singleton] domain mismatches,domain mismatches,1
176,KunquDB: An Attempt for Speaker Verification in the Chinese Opera Scenario,[self-reference],We; we,2
177,Learning CNN on ViT: A Hybrid Model to Explicitly Class-specific Boundaries for Domain Adaptation,domain adaptation methods,Most domain adaptation methods; They,2
177,Learning CNN on ViT: A Hybrid Model to Explicitly Class-specific Boundaries for Domain Adaptation,CNN (convolutional neural network),a convolutional neural networks; CNN; CNN; CNN; the CNN encoder; CNN,6
177,Learning CNN on ViT: A Hybrid Model to Explicitly Class-specific Boundaries for Domain Adaptation,ViT (vision transformer),a vision transformers; ViT; its; ViT; ViT; ViT; ViT,7
177,Learning CNN on ViT: A Hybrid Model to Explicitly Class-specific Boundaries for Domain Adaptation,Explicitly Class-specific Boundaries (ECB),a hybrid method; Explicitly Class-specific Boundaries; ECB; our ECB; its; this hybrid model,6
177,Learning CNN on ViT: A Hybrid Model to Explicitly Class-specific Boundaries for Domain Adaptation,class-specific decision boundaries,class-specific decision boundaries; the previously defined class-specific boundaries,2
177,Learning CNN on ViT: A Hybrid Model to Explicitly Class-specific Boundaries for Domain Adaptation,[singleton] global representations,global representations,1
177,Learning CNN on ViT: A Hybrid Model to Explicitly Class-specific Boundaries for Domain Adaptation,[singleton] local representations,local representations,1
177,Learning CNN on ViT: A Hybrid Model to Explicitly Class-specific Boundaries for Domain Adaptation,[singleton] their distinct strengths,their distinct strengths,1
177,Learning CNN on ViT: A Hybrid Model to Explicitly Class-specific Boundaries for Domain Adaptation,[singleton] target samples,target samples,1
177,Learning CNN on ViT: A Hybrid Model to Explicitly Class-specific Boundaries for Domain Adaptation,[singleton] the source support,the source support,1
177,Learning CNN on ViT: A Hybrid Model to Explicitly Class-specific Boundaries for Domain Adaptation,[singleton] target features,target features,1
177,Learning CNN on ViT: A Hybrid Model to Explicitly Class-specific Boundaries for Domain Adaptation,[singleton] pseudo labels,pseudo labels,1
177,Learning CNN on ViT: A Hybrid Model to Explicitly Class-specific Boundaries for Domain Adaptation,[singleton] these models,these models,1
177,Learning CNN on ViT: A Hybrid Model to Explicitly Class-specific Boundaries for Domain Adaptation,[singleton] conventional DA methods,conventional DA methods,1
177,Learning CNN on ViT: A Hybrid Model to Explicitly Class-specific Boundaries for Domain Adaptation,[self-reference],us; we; our,3
178,Self-Supervised Learning of Domain Invariant Features for Depth Estimation,single image depth estimation,single image depth estimation; single image depth estimation,2
178,Self-Supervised Learning of Domain Invariant Features for Depth Estimation,the encoder-decoder task network,an encoder-decoder task network that takes RGB images as input and produces depth maps as output; the task network to learn domain invariant representations; our task network; the task network; the task network using labeled synthetic and unlabeled realworld data,5
178,Self-Supervised Learning of Domain Invariant Features for Depth Estimation,the proposed training strategy,a novel training strategy; Our training strategy,2
178,Self-Supervised Learning of Domain Invariant Features for Depth Estimation,image-to-image translation network,an image-to-image translation network; an image-to-image translation network,2
178,Self-Supervised Learning of Domain Invariant Features for Depth Estimation,KITTI,KITTI; KITTI,2
178,Self-Supervised Learning of Domain Invariant Features for Depth Estimation,[singleton] unsupervised synthetic-to-real domain adaptation,unsupervised synthetic-to-real domain adaptation,1
178,Self-Supervised Learning of Domain Invariant Features for Depth Estimation,[singleton] self-supervised learning,self-supervised learning,1
178,Self-Supervised Learning of Domain Invariant Features for Depth Estimation,[singleton] traditional representation learning,traditional representation learning,1
178,Self-Supervised Learning of Domain Invariant Features for Depth Estimation,[singleton] domain invariant representation learning,domain invariant representation learning,1
178,Self-Supervised Learning of Domain Invariant Features for Depth Estimation,[singleton] This style transfer operation,This style transfer operation,1
178,Self-Supervised Learning of Domain Invariant Features for Depth Estimation,[singleton] Siamese network,Siamese network,1
178,Self-Supervised Learning of Domain Invariant Features for Depth Estimation,[singleton] two popular datasets for depth estimation,two popular datasets for depth estimation,1
178,Self-Supervised Learning of Domain Invariant Features for Depth Estimation,[singleton] Make3D,Make3D,1
178,Self-Supervised Learning of Domain Invariant Features for Depth Estimation,[singleton] our proposed method,our proposed method,1
178,Self-Supervised Learning of Domain Invariant Features for Depth Estimation,[singleton] the state-of-the-art,the state-of-the-art,1
178,Self-Supervised Learning of Domain Invariant Features for Depth Estimation,[singleton] Sq Rel,Sq Rel,1
178,Self-Supervised Learning of Domain Invariant Features for Depth Estimation,[singleton] The source code,The source code,1
178,Self-Supervised Learning of Domain Invariant Features for Depth Estimation,[singleton] model weights,model weights,1
178,Self-Supervised Learning of Domain Invariant Features for Depth Estimation,[self-reference],We; we; we; we; us; we; our; we; Our; We; our,11
179,Active Adversarial Domain Adaptation,active adversarial domain adaptation (AADA),an active learning approach for transferring representations across domains; Our approach; active adversarial domain adaptation; AADA,4
179,Active Adversarial Domain Adaptation,adversarial domain alignment,adversarial domain alignment; The former,2
179,Active Adversarial Domain Adaptation,importance sampling for adapting models across domains,importance sampling for adapting models across domains; the latter,2
179,Active Adversarial Domain Adaptation,domain discriminative model,a domain discriminative model; it,2
179,Active Adversarial Domain Adaptation,the two related problems/views,two related problems; these two views,2
179,Active Adversarial Domain Adaptation,[singleton] our importance weight,our importance weight,1
179,Active Adversarial Domain Adaptation,[singleton] a sample selection scheme for active learning,a sample selection scheme for active learning,1
179,Active Adversarial Domain Adaptation,[singleton] one framework for domain adaptation and transfer learning,one framework for domain adaptation and transfer learning,1
179,Active Adversarial Domain Adaptation,[singleton] the source domain,the source domain,1
179,Active Adversarial Domain Adaptation,[singleton] the target domain,the target domain,1
179,Active Adversarial Domain Adaptation,[singleton] fine-tuning based approaches,fine-tuning based approaches,1
179,Active Adversarial Domain Adaptation,[singleton] other sampling methods,other sampling methods,1
179,Active Adversarial Domain Adaptation,[singleton] the two domains,the two domains,1
179,Active Adversarial Domain Adaptation,[singleton] object detection,object detection,1
179,Active Adversarial Domain Adaptation,[singleton] baseline approaches,baseline approaches,1
179,Active Adversarial Domain Adaptation,[self-reference],We; Our; our; We,4
180,Toward Personalized Affect-Aware Socially Assistive Robot Tutors in Long-Term Interventions for Children with Autism,socially assistive robotics (SAR),Affect-aware socially assistive robotics; current SAR,2
180,Toward Personalized Affect-Aware Socially Assistive Robot Tutors in Long-Term Interventions for Children with Autism,children with autism spectrum disorders (ASD),children with autism spectrum disorders; children with ASD; children with ASD,3
180,Toward Personalized Affect-Aware Socially Assistive Robot Tutors in Long-Term Interventions for Children with Autism,this work,this work; This work,2
180,Toward Personalized Affect-Aware Socially Assistive Robot Tutors in Long-Term Interventions for Children with Autism,personalized models of arousal and valence,personalized models of arousal and valence for children with ASD; the personalized models,2
180,Toward Personalized Affect-Aware Socially Assistive Robot Tutors in Long-Term Interventions for Children with Autism,supervised domain adaptation (s-DA),supervised domain adaptation; s-DA,2
180,Toward Personalized Affect-Aware Socially Assistive Robot Tutors in Long-Term Interventions for Children with Autism,[singleton] atypical cognitive-affective behaviors,atypical cognitive-affective behaviors,1
180,Toward Personalized Affect-Aware Socially Assistive Robot Tutors in Long-Term Interventions for Children with Autism,[singleton] a multi-session in-home dataset of SAR interventions,a multi-session in-home dataset of SAR interventions,1
180,Toward Personalized Affect-Aware Socially Assistive Robot Tutors in Long-Term Interventions for Children with Autism,[singleton] machine learning algorithms,machine learning algorithms,1
180,Toward Personalized Affect-Aware Socially Assistive Robot Tutors in Long-Term Interventions for Children with Autism,[singleton] the limited individual data,the limited individual data,1
180,Toward Personalized Affect-Aware Socially Assistive Robot Tutors in Long-Term Interventions for Children with Autism,[singleton] the more abundant less personal data pooled from other study participants,the more abundant less personal data pooled from other study participants,1
180,Toward Personalized Affect-Aware Socially Assistive Robot Tutors in Long-Term Interventions for Children with Autism,[singleton] a long-term multimodal dataset consisting of 4 children with ASD with a total of 19 sessions,a long-term multimodal dataset consisting of 4 children with ASD with a total of 19 sessions,1
180,Toward Personalized Affect-Aware Socially Assistive Robot Tutors in Long-Term Interventions for Children with Autism,[singleton] inter-rater reliability scores,inter-rater reliability scores,1
180,Toward Personalized Affect-Aware Socially Assistive Robot Tutors in Long-Term Interventions for Children with Autism,[singleton] binary arousal and valence labels,binary arousal and valence labels,1
180,Toward Personalized Affect-Aware Socially Assistive Robot Tutors in Long-Term Interventions for Children with Autism,[singleton] human annotators,human annotators,1
180,Toward Personalized Affect-Aware Socially Assistive Robot Tutors in Long-Term Interventions for Children with Autism,[singleton] personalized Gradient Boosted Decision Trees (XGBoost) models with s-DA,personalized Gradient Boosted Decision Trees (XGBoost) models with s-DA,1
180,Toward Personalized Affect-Aware Socially Assistive Robot Tutors in Long-Term Interventions for Children with Autism,[singleton] two non-personalized individualized and generic model baselines,two non-personalized individualized and generic model baselines,1
180,Toward Personalized Affect-Aware Socially Assistive Robot Tutors in Long-Term Interventions for Children with Autism,[singleton] the weighted average of all sessions,the weighted average of all sessions,1
180,Toward Personalized Affect-Aware Socially Assistive Robot Tutors in Long-Term Interventions for Children with Autism,[singleton] personalized autonomous SAR systems,personalized autonomous SAR systems,1
180,Toward Personalized Affect-Aware Socially Assistive Robot Tutors in Long-Term Interventions for Children with Autism,[self-reference],We; Our,2
181,Learning Task-oriented Disentangled Representations for Unsupervised Domain Adaptation,Unsupervised domain adaptation (UDA),Unsupervised domain adaptation; UDA; UDA,3
181,Learning Task-oriented Disentangled Representations for Unsupervised Domain Adaptation,Many efforts to address the distribution mismatch,Many efforts; they,2
181,Learning Task-oriented Disentangled Representations for Unsupervised Domain Adaptation,the mismatch between the distributions of training and testing data,the mismatch between the distributions of training and testing data; the mismatch between the distributions of training and testing data,2
181,Learning Task-oriented Disentangled Representations for Unsupervised Domain Adaptation,learned domain-invariant representations,domain-invariant representations; the learned representations,2
181,Learning Task-oriented Disentangled Representations for Unsupervised Domain Adaptation,dynamic task-oriented disentangling network,a dynamic task-oriented disentangling network; The dynamic disentangling network; the proposed method,3
181,Learning Task-oriented Disentangled Representations for Unsupervised Domain Adaptation,two disentangled components,two components; These two components,2
181,Learning Task-oriented Disentangled Representations for Unsupervised Domain Adaptation,[singleton] the domain-shift problem,the domain-shift problem,1
181,Learning Task-oriented Disentangled Representations for Unsupervised Domain Adaptation,[singleton] a labeled source domain,a labeled source domain,1
181,Learning Task-oriented Disentangled Representations for Unsupervised Domain Adaptation,[singleton] an unlabeled target domain,an unlabeled target domain,1
181,Learning Task-oriented Disentangled Representations for Unsupervised Domain Adaptation,[singleton] the task-oriented information across domains,the task-oriented information across domains,1
181,Learning Task-oriented Disentangled Representations for Unsupervised Domain Adaptation,[singleton] complicated open-set tasks where no labels are shared between domains,complicated open-set tasks where no labels are shared between domains,1
181,Learning Task-oriented Disentangled Representations for Unsupervised Domain Adaptation,[singleton] task-relevance,task-relevance,1
181,Learning Task-oriented Disentangled Representations for Unsupervised Domain Adaptation,[singleton] task-irrelevance,task-irrelevance,1
181,Learning Task-oriented Disentangled Representations for Unsupervised Domain Adaptation,[singleton] disentangled representations,disentangled representations,1
181,Learning Task-oriented Disentangled Representations for Unsupervised Domain Adaptation,[singleton] data representations,data representations,1
181,Learning Task-oriented Disentangled Representations for Unsupervised Domain Adaptation,[singleton] the task-relevant ones,the task-relevant ones,1
181,Learning Task-oriented Disentangled Representations for Unsupervised Domain Adaptation,[singleton] the task-irrelevant ones,the task-irrelevant ones,1
181,Learning Task-oriented Disentangled Representations for Unsupervised Domain Adaptation,[singleton] a group of task-specific objective functions across domains,a group of task-specific objective functions across domains,1
181,Learning Task-oriented Disentangled Representations for Unsupervised Domain Adaptation,[singleton] Such regularization,Such regularization,1
181,Learning Task-oriented Disentangled Representations for Unsupervised Domain Adaptation,[singleton] generative models or decoders,generative models or decoders,1
181,Learning Task-oriented Disentangled Representations for Unsupervised Domain Adaptation,[singleton] empirical benchmarks,empirical benchmarks,1
181,Learning Task-oriented Disentangled Representations for Unsupervised Domain Adaptation,[self-reference],we,1
182,DARTer: Dynamic Adaptive Representation Tracker for Nighttime UAV Tracking,DARTer,DARTer; an end-to-end tracking framework designed for nighttime UAV scenarios; DARTer; Our model; DARTer; DARTer; it,7
182,DARTer: Dynamic Adaptive Representation Tracker for Nighttime UAV Tracking,[singleton] light enhancers,light enhancers,1
182,DARTer: Dynamic Adaptive Representation Tracker for Nighttime UAV Tracking,[singleton] redundant domain adaptation mechanisms,redundant domain adaptation mechanisms,1
182,DARTer: Dynamic Adaptive Representation Tracker for Nighttime UAV Tracking,[singleton] a Dynamic Feature Blender,a Dynamic Feature Blender,1
182,DARTer: Dynamic Adaptive Representation Tracker for Nighttime UAV Tracking,[singleton] static and dynamic templates,static and dynamic templates,1
182,DARTer: Dynamic Adaptive Representation Tracker for Nighttime UAV Tracking,[singleton] a Dynamic Feature Activator,a Dynamic Feature Activator,1
182,DARTer: Dynamic Adaptive Representation Tracker for Nighttime UAV Tracking,[singleton] Vision Transformer layers,Vision Transformer layers,1
182,DARTer: Dynamic Adaptive Representation Tracker for Nighttime UAV Tracking,[singleton] complex multi-task loss functions,complex multi-task loss functions,1
182,DARTer: Dynamic Adaptive Representation Tracker for Nighttime UAV Tracking,[singleton] multiple nighttime UAV tracking benchmarks,multiple nighttime UAV tracking benchmarks,1
182,DARTer: Dynamic Adaptive Representation Tracker for Nighttime UAV Tracking,[singleton] state-of-the-art trackers,state-of-the-art trackers,1
182,DARTer: Dynamic Adaptive Representation Tracker for Nighttime UAV Tracking,[self-reference],we,1
183,Wasserstein-2 Generative Networks,the proposed algorithm,a novel end-to-end non-minimax algorithm for training optimal transport mappings for the quadratic cost; The algorithm; our algorithm; our algorithm,4
183,Wasserstein-2 Generative Networks,cycle-consistency regularization,a cycle-consistency regularization; cycle-consistency,2
183,Wasserstein-2 Generative Networks,[singleton] input convex neural networks,input convex neural networks,1
183,Wasserstein-2 Generative Networks,[singleton] Wasserstein-2 distance,Wasserstein-2 distance,1
183,Wasserstein-2 Generative Networks,[singleton] popular entropic and quadratic regularizers,popular entropic and quadratic regularizers,1
183,Wasserstein-2 Generative Networks,[singleton] the generative mapping,the generative mapping,1
183,Wasserstein-2 Generative Networks,[singleton] image-to-image color transfer,image-to-image color transfer,1
183,Wasserstein-2 Generative Networks,[singleton] latent space optimal transport,latent space optimal transport,1
183,Wasserstein-2 Generative Networks,[singleton] image-to-image style transfer,image-to-image style transfer,1
183,Wasserstein-2 Generative Networks,[singleton] domain adaptation,domain adaptation,1
183,Wasserstein-2 Generative Networks,[self-reference],We; our; our; our,4
184,Source-free Domain Adaptation for Video Object Detection Under Adverse Image Conditions,Spatial-Temporal Alternate Refinement with Mean Teacher (proposed SFDA method),Spatial-Temporal Alternate Refinement with Mean Teacher; a simple yet effective SFDA method for VOD; our method; its,4
184,Source-free Domain Adaptation for Video Object Detection Under Adverse Image Conditions,one-stage detectors,one-stage detectors; which,2
184,Source-free Domain Adaptation for Video Object Detection Under Adverse Image Conditions,the ImageNetVOD dataset,the ImageNetVOD dataset; its degraded versions,2
184,Source-free Domain Adaptation for Video Object Detection Under Adverse Image Conditions,[singleton] pre-trained video object detectors,pre-trained video object detectors,1
184,Source-free Domain Adaptation for Video Object Detection Under Adverse Image Conditions,[singleton] the domain gap between training and testing data,the domain gap between training and testing data,1
184,Source-free Domain Adaptation for Video Object Detection Under Adverse Image Conditions,[singleton] the pre-trained model,the pre-trained model,1
184,Source-free Domain Adaptation for Video Object Detection Under Adverse Image Conditions,[singleton] degraded videos,degraded videos,1
184,Source-free Domain Adaptation for Video Object Detection Under Adverse Image Conditions,[singleton] various source-free domain adaptation methods,various source-free domain adaptation methods,1
184,Source-free Domain Adaptation for Video Object Detection Under Adverse Image Conditions,[singleton] single-frame object detectors,single-frame object detectors,1
184,Source-free Domain Adaptation for Video Object Detection Under Adverse Image Conditions,[singleton] most unsupervised domain adaptation works for object detection,most unsupervised domain adaptation works for object detection,1
184,Source-free Domain Adaptation for Video Object Detection Under Adverse Image Conditions,[singleton] two-stage detectors,two-stage detectors,1
184,Source-free Domain Adaptation for Video Object Detection Under Adverse Image Conditions,"[singleton] the one-stage VOD method, YOLOV","the one-stage VOD method, YOLOV",1
184,Source-free Domain Adaptation for Video Object Detection Under Adverse Image Conditions,[singleton] noise,noise,1
184,Source-free Domain Adaptation for Video Object Detection Under Adverse Image Conditions,[singleton] air turbulence,air turbulence,1
184,Source-free Domain Adaptation for Video Object Detection Under Adverse Image Conditions,[singleton] haze,haze,1
184,Source-free Domain Adaptation for Video Object Detection Under Adverse Image Conditions,[singleton] Extensive experiments,Extensive experiments,1
184,Source-free Domain Adaptation for Video Object Detection Under Adverse Image Conditions,[self-reference],we; we; our,3
185,Secure Domain Adaptation with Multiple Sources,Multi-source unsupervised domain adaptation (MUDA),Multi-source unsupervised domain adaptation; MUDA; MUDA,3
185,Secure Domain Adaptation with Multiple Sources,the source domains,multiple annotated source domains; the source domains; the source domains,3
185,Secure Domain Adaptation with Multiple Sources,the target domain,a target domain; the target,2
185,Secure Domain Adaptation with Multiple Sources,the proposed algorithm,an algorithm; Our method; our approach; our algorithm,4
185,Secure Domain Adaptation with Multiple Sources,[singleton] annotated data scarcity,annotated data scarcity,1
185,Secure Domain Adaptation with Multiple Sources,[singleton] data privacy and security,data privacy and security,1
185,Secure Domain Adaptation with Multiple Sources,[singleton] protocols,protocols,1
185,Secure Domain Adaptation with Multiple Sources,[singleton] data sharing,data sharing,1
185,Secure Domain Adaptation with Multiple Sources,[singleton] existing MUDA methods,existing MUDA methods,1
185,Secure Domain Adaptation with Multiple Sources,[singleton] source domain data,source domain data,1
185,Secure Domain Adaptation with Multiple Sources,[singleton] the source feature embeddings,the source feature embeddings,1
185,Secure Domain Adaptation with Multiple Sources,[singleton] a confidence based combination of domain specific model predictions,a confidence based combination of domain specific model predictions,1
185,Secure Domain Adaptation with Multiple Sources,[singleton] theoretical analysis,theoretical analysis,1
185,Secure Domain Adaptation with Multiple Sources,[singleton] empirical experiments,empirical experiments,1
185,Secure Domain Adaptation with Multiple Sources,[self-reference],We; Our; We; our; our,5
186,Towards Uncovering the Intrinsic Data Structures for Unsupervised Domain Adaptation using Structurally Regularized Deep Clustering,target domain,a target domain; the target one,2
186,Towards Uncovering the Intrinsic Data Structures for Unsupervised Domain Adaptation using Structurally Regularized Deep Clustering,Mainstream UDA methods,Mainstream UDA methods; these methods,2
186,Towards Uncovering the Intrinsic Data Structures for Unsupervised Domain Adaptation using Structurally Regularized Deep Clustering,issue of generalization,an issue of generalization; this issue,2
186,Towards Uncovering the Intrinsic Data Structures for Unsupervised Domain Adaptation using Structurally Regularized Deep Clustering,UDA assumption of structural similarity across domains,a UDA assumption of structural similarity across domains; the very same assumption; the structural similarity assumption,3
186,Towards Uncovering the Intrinsic Data Structures for Unsupervised Domain Adaptation using Structurally Regularized Deep Clustering,H-SRDC (hybrid model of Structurally Regularized Deep Clustering),a hybrid model of Structurally Regularized Deep Clustering; which; our method; H-SRDC; Our hybrid model; H-SRDC; our proposed H-SRDC,7
186,Towards Uncovering the Intrinsic Data Structures for Unsupervised Domain Adaptation using Structurally Regularized Deep Clustering,[singleton] unlabeled data,unlabeled data,1
186,Towards Uncovering the Intrinsic Data Structures for Unsupervised Domain Adaptation using Structurally Regularized Deep Clustering,[singleton] labeled data on a source domain,labeled data on a source domain,1
186,Towards Uncovering the Intrinsic Data Structures for Unsupervised Domain Adaptation using Structurally Regularized Deep Clustering,[singleton] domain-aligned features,domain-aligned features,1
186,Towards Uncovering the Intrinsic Data Structures for Unsupervised Domain Adaptation using Structurally Regularized Deep Clustering,[singleton] classifiers trained on the source features,classifiers trained on the source features,1
186,Towards Uncovering the Intrinsic Data Structures for Unsupervised Domain Adaptation using Structurally Regularized Deep Clustering,[singleton] the intrinsic data structures of target discrimination,the intrinsic data structures of target discrimination,1
186,Towards Uncovering the Intrinsic Data Structures for Unsupervised Domain Adaptation using Structurally Regularized Deep Clustering,[singleton] constrained clustering,constrained clustering,1
186,Towards Uncovering the Intrinsic Data Structures for Unsupervised Domain Adaptation using Structurally Regularized Deep Clustering,[singleton] structural source regularization,structural source regularization,1
186,Towards Uncovering the Intrinsic Data Structures for Unsupervised Domain Adaptation using Structurally Regularized Deep Clustering,[singleton] the regularized discriminative clustering of target data,the regularized discriminative clustering of target data,1
186,Towards Uncovering the Intrinsic Data Structures for Unsupervised Domain Adaptation using Structurally Regularized Deep Clustering,[singleton] a generative one,a generative one,1
186,Towards Uncovering the Intrinsic Data Structures for Unsupervised Domain Adaptation using Structurally Regularized Deep Clustering,[singleton] a deep clustering framework,a deep clustering framework,1
186,Towards Uncovering the Intrinsic Data Structures for Unsupervised Domain Adaptation using Structurally Regularized Deep Clustering,[singleton] the Kullback-Leibler divergence,the Kullback-Leibler divergence,1
186,Towards Uncovering the Intrinsic Data Structures for Unsupervised Domain Adaptation using Structurally Regularized Deep Clustering,[singleton] the distribution of network prediction,the distribution of network prediction,1
186,Towards Uncovering the Intrinsic Data Structures for Unsupervised Domain Adaptation using Structurally Regularized Deep Clustering,[singleton] an auxiliary one,an auxiliary one,1
186,Towards Uncovering the Intrinsic Data Structures for Unsupervised Domain Adaptation using Structurally Regularized Deep Clustering,[singleton] domain-shared classifier and cluster centroids,domain-shared classifier and cluster centroids,1
186,Towards Uncovering the Intrinsic Data Structures for Unsupervised Domain Adaptation using Structurally Regularized Deep Clustering,[singleton] a pixel-level UDA task of semantic segmentation,a pixel-level UDA task of semantic segmentation,1
186,Towards Uncovering the Intrinsic Data Structures for Unsupervised Domain Adaptation using Structurally Regularized Deep Clustering,[singleton] seven UDA benchmarks of image classification and semantic segmentation,seven UDA benchmarks of image classification and semantic segmentation,1
186,Towards Uncovering the Intrinsic Data Structures for Unsupervised Domain Adaptation using Structurally Regularized Deep Clustering,[singleton] explicit feature alignment,explicit feature alignment,1
186,Towards Uncovering the Intrinsic Data Structures for Unsupervised Domain Adaptation using Structurally Regularized Deep Clustering,[singleton] all the existing methods,all the existing methods,1
186,Towards Uncovering the Intrinsic Data Structures for Unsupervised Domain Adaptation using Structurally Regularized Deep Clustering,[self-reference],we; we; we; we; our; we; we; We; our,9
187,UAVFF3D: A Geometry-Aware Benchmark for Feed-Forward UAV 3D Reconstruction,UAVFF3D benchmark,UAVFF3D; UAVFF3D; It; UAVFF3D,4
187,UAVFF3D: A Geometry-Aware Benchmark for Feed-Forward UAV 3D Reconstruction,HFOV-height ambiguity,HFOV-height ambiguity; HFOV-height ambiguity,2
187,UAVFF3D: A Geometry-Aware Benchmark for Feed-Forward UAV 3D Reconstruction,UAVFF3D based domain adaptation,UAVFF3D based domain adaptation; adaptation; it,3
187,UAVFF3D: A Geometry-Aware Benchmark for Feed-Forward UAV 3D Reconstruction,[singleton] Feed-forward 3D reconstruction,Feed-forward 3D reconstruction,1
187,UAVFF3D: A Geometry-Aware Benchmark for Feed-Forward UAV 3D Reconstruction,[singleton] current models,current models,1
187,UAVFF3D: A Geometry-Aware Benchmark for Feed-Forward UAV 3D Reconstruction,[singleton] appearance-domain shift,appearance-domain shift,1
187,UAVFF3D: A Geometry-Aware Benchmark for Feed-Forward UAV 3D Reconstruction,[singleton] UAV-specific camera-geometry variations,UAV-specific camera-geometry variations,1
187,UAVFF3D: A Geometry-Aware Benchmark for Feed-Forward UAV 3D Reconstruction,[singleton] oblique views,oblique views,1
187,UAVFF3D: A Geometry-Aware Benchmark for Feed-Forward UAV 3D Reconstruction,[singleton] Existing UAV datasets,Existing UAV datasets,1
187,UAVFF3D: A Geometry-Aware Benchmark for Feed-Forward UAV 3D Reconstruction,[singleton] scene diversity,scene diversity,1
187,UAVFF3D: A Geometry-Aware Benchmark for Feed-Forward UAV 3D Reconstruction,[singleton] UAV-domain adaptation,UAV-domain adaptation,1
187,UAVFF3D: A Geometry-Aware Benchmark for Feed-Forward UAV 3D Reconstruction,[singleton] more than 170k real UAV images,more than 170k real UAV images,1
187,UAVFF3D: A Geometry-Aware Benchmark for Feed-Forward UAV 3D Reconstruction,[singleton] more than 370k synthetic images,more than 370k synthetic images,1
187,UAVFF3D: A Geometry-Aware Benchmark for Feed-Forward UAV 3D Reconstruction,[singleton] high-quality textured 3D models,high-quality textured 3D models,1
187,UAVFF3D: A Geometry-Aware Benchmark for Feed-Forward UAV 3D Reconstruction,[singleton] a controlled HFOV-height test subset,a controlled HFOV-height test subset,1
187,UAVFF3D: A Geometry-Aware Benchmark for Feed-Forward UAV 3D Reconstruction,[singleton] projection-geometry ambiguity,projection-geometry ambiguity,1
187,UAVFF3D: A Geometry-Aware Benchmark for Feed-Forward UAV 3D Reconstruction,[singleton] an evaluation protocol,an evaluation protocol,1
187,UAVFF3D: A Geometry-Aware Benchmark for Feed-Forward UAV 3D Reconstruction,[singleton] a shared global alignment,a shared global alignment,1
187,UAVFF3D: A Geometry-Aware Benchmark for Feed-Forward UAV 3D Reconstruction,[singleton] representative feed-forward reconstruction models,representative feed-forward reconstruction models,1
187,UAVFF3D: A Geometry-Aware Benchmark for Feed-Forward UAV 3D Reconstruction,[singleton] Ray Error,Ray Error,1
187,UAVFF3D: A Geometry-Aware Benchmark for Feed-Forward UAV 3D Reconstruction,[singleton] Pose ATE,Pose ATE,1
187,UAVFF3D: A Geometry-Aware Benchmark for Feed-Forward UAV 3D Reconstruction,[singleton] Chamfer Distance,Chamfer Distance,1
187,UAVFF3D: A Geometry-Aware Benchmark for Feed-Forward UAV 3D Reconstruction,[singleton] the oblique-nadir rotation gap,the oblique-nadir rotation gap,1
187,UAVFF3D: A Geometry-Aware Benchmark for Feed-Forward UAV 3D Reconstruction,[singleton] camera priors,camera priors,1
187,UAVFF3D: A Geometry-Aware Benchmark for Feed-Forward UAV 3D Reconstruction,[self-reference],We; we; We,3
188,Efficient Domain-adaptive Continual Pretraining for the Process Industry in the German Language,Domain-adaptive continual pretraining (DAPT),Domain-adaptive continual pretraining; the state-of-the-art DAPT,2
188,Efficient Domain-adaptive Continual Pretraining for the Process Industry in the German Language,masked language modeling (MLM),masked language modeling; MLM,2
188,Efficient Domain-adaptive Continual Pretraining for the Process Industry in the German Language,ICL-augmented pretraining (ICL-APT),an efficient approach called ICL-augmented pretraining or ICL-APT; ICL-APT; this framework,3
188,Efficient Domain-adaptive Continual Pretraining for the Process Industry in the German Language,[singleton] a language model,a language model,1
188,Efficient Domain-adaptive Continual Pretraining for the Process Industry in the German Language,[singleton] LM fine-tuning,LM fine-tuning,1
188,Efficient Domain-adaptive Continual Pretraining for the Process Industry in the German Language,[singleton] labeled task data,labeled task data,1
188,Efficient Domain-adaptive Continual Pretraining for the Process Industry in the German Language,[singleton] a significant corpus of domain-related data,a significant corpus of domain-related data,1
188,Efficient Domain-adaptive Continual Pretraining for the Process Industry in the German Language,[singleton] the process industry in the German language,the process industry in the German language,1
188,Efficient Domain-adaptive Continual Pretraining for the Process Industry in the German Language,[singleton] in-context learning,in-context learning,1
188,Efficient Domain-adaptive Continual Pretraining for the Process Industry in the German Language,[singleton] k-nearest neighbors,k-nearest neighbors,1
188,Efficient Domain-adaptive Continual Pretraining for the Process Industry in the German Language,[singleton] target data,target data,1
188,Efficient Domain-adaptive Continual Pretraining for the Process Industry in the German Language,[singleton] 28.7%,28.7%,1
188,Efficient Domain-adaptive Continual Pretraining for the Process Industry in the German Language,[singleton] GPU-computing time,GPU-computing time,1
188,Efficient Domain-adaptive Continual Pretraining for the Process Industry in the German Language,[singleton] other low-resource industries,other low-resource industries,1
188,Efficient Domain-adaptive Continual Pretraining for the Process Industry in the German Language,[singleton] NLP based solutions,NLP based solutions,1
188,Efficient Domain-adaptive Continual Pretraining for the Process Industry in the German Language,[self-reference],Our,1
189,A Learnable Self-supervised Task for Unsupervised Domain Adaptation on Point Clouds,the model trained for domain adaptation,a model; the model,2
189,A Learnable Self-supervised Task for Unsupervised Domain Adaptation on Point Clouds,Existing studies,Existing studies; they,2
189,A Learnable Self-supervised Task for Unsupervised Domain Adaptation on Point Clouds,the learnable self-supervised task,a learnable self-supervised task; it; the proposed self-supervised task; the self-supervised task,4
189,A Learnable Self-supervised Task for Unsupervised Domain Adaptation on Point Clouds,the self-supervision based point cloud UDA architecture,a self-supervision based point cloud UDA architecture; the UDA architecture,2
189,A Learnable Self-supervised Task for Unsupervised Domain Adaptation on Point Clouds,the original point cloud,a point cloud; the original point cloud,2
189,A Learnable Self-supervised Task for Unsupervised Domain Adaptation on Point Clouds,the generated transformed point clouds,abundant and complicated point clouds; the transformed ones,2
189,A Learnable Self-supervised Task for Unsupervised Domain Adaptation on Point Clouds,the shared encoder,an encoder; the encoder,2
189,A Learnable Self-supervised Task for Unsupervised Domain Adaptation on Point Clouds,[singleton] Deep neural networks,Deep neural networks,1
189,A Learnable Self-supervised Task for Unsupervised Domain Adaptation on Point Clouds,[singleton] manual annotation,manual annotation,1
189,A Learnable Self-supervised Task for Unsupervised Domain Adaptation on Point Clouds,[singleton] Unsupervised domain adaptation,Unsupervised domain adaptation,1
189,A Learnable Self-supervised Task for Unsupervised Domain Adaptation on Point Clouds,[singleton] a learnable nonlinear transformation,a learnable nonlinear transformation,1
189,A Learnable Self-supervised Task for Unsupervised Domain Adaptation on Point Clouds,[singleton] the original semantic information,the original semantic information,1
189,A Learnable Self-supervised Task for Unsupervised Domain Adaptation on Point Clouds,[singleton] the main task of point cloud classification or segmentation,the main task of point cloud classification or segmentation,1
189,A Learnable Self-supervised Task for Unsupervised Domain Adaptation on Point Clouds,[singleton] PointDA-10 and PointSegDA datasets,PointDA-10 and PointSegDA datasets,1
189,A Learnable Self-supervised Task for Unsupervised Domain Adaptation on Point Clouds,[singleton] the proposed method,the proposed method,1
189,A Learnable Self-supervised Task for Unsupervised Domain Adaptation on Point Clouds,[singleton] new state-of-the-art performance,new state-of-the-art performance,1
189,A Learnable Self-supervised Task for Unsupervised Domain Adaptation on Point Clouds,[singleton] Code,Code,1
189,A Learnable Self-supervised Task for Unsupervised Domain Adaptation on Point Clouds,[self-reference],we; we,2
190,Few-Shot Learning as Domain Adaptation: Algorithm and Analysis,few-shot learning (FSL),few-shot learning; FSL; FSL,3
190,Few-Shot Learning as Domain Adaptation: Algorithm and Analysis,the unseen classes,the unseen classes; the unseen classes; unseen classes,3
190,Few-Shot Learning as Domain Adaptation: Algorithm and Analysis,the seen classes,the seen classes; those seen; the seen classes; the seen classes; the seen,5
190,Few-Shot Learning as Domain Adaptation: Algorithm and Analysis,the class-difference-caused domain shift,This class-difference-caused distribution shift; such a domain shift problem; the domain shift,3
190,Few-Shot Learning as Domain Adaptation: Algorithm and Analysis,DAPNA (domain adaptation prototypical network with attention),a domain adaptation prototypical network with attention; our DAPNA; our DAPNA,3
190,Few-Shot Learning as Domain Adaptation: Algorithm and Analysis,the two sub-episodes,two sub-episodes; the two sub-episodes,2
190,Few-Shot Learning as Domain Adaptation: Algorithm and Analysis,[singleton] prior knowledge,prior knowledge,1
190,Few-Shot Learning as Domain Adaptation: Algorithm and Analysis,[singleton] a model,a model,1
190,Few-Shot Learning as Domain Adaptation: Algorithm and Analysis,[singleton] a special case of domain shift,a special case of domain shift,1
190,Few-Shot Learning as Domain Adaptation: Algorithm and Analysis,[singleton] a meta-learning framework,a meta-learning framework,1
190,Few-Shot Learning as Domain Adaptation: Algorithm and Analysis,[singleton] a set transformer based attention module,a set transformer based attention module,1
190,Few-Shot Learning as Domain Adaptation: Algorithm and Analysis,[singleton] each episode,each episode,1
190,Few-Shot Learning as Domain Adaptation: Algorithm and Analysis,[singleton] class overlap,class overlap,1
190,Few-Shot Learning as Domain Adaptation: Algorithm and Analysis,[singleton] the feature distributions,the feature distributions,1
190,Few-Shot Learning as Domain Adaptation: Algorithm and Analysis,[singleton] limited training samples,limited training samples,1
190,Few-Shot Learning as Domain Adaptation: Algorithm and Analysis,[singleton] a feature transfer network,a feature transfer network,1
190,Few-Shot Learning as Domain Adaptation: Algorithm and Analysis,[singleton] a margin disparity discrepancy loss,a margin disparity discrepancy loss,1
190,Few-Shot Learning as Domain Adaptation: Algorithm and Analysis,[singleton] theoretical analysis,theoretical analysis,1
190,Few-Shot Learning as Domain Adaptation: Algorithm and Analysis,[singleton] the learning bound,the learning bound,1
190,Few-Shot Learning as Domain Adaptation: Algorithm and Analysis,[singleton] Extensive experiments,Extensive experiments,1
190,Few-Shot Learning as Domain Adaptation: Algorithm and Analysis,[singleton] the state-of-the-art FSL alternatives,the state-of-the-art FSL alternatives,1
190,Few-Shot Learning as Domain Adaptation: Algorithm and Analysis,[self-reference],we; we; our; our,4
191,centroIDA: Cross-Domain Class Discrepancy Minimization Based on Accumulative Class-Centroids for Imbalanced Domain Adaptation,source and target domains,the source and target domains; source and target domains,2
191,centroIDA: Cross-Domain Class Discrepancy Minimization Based on Accumulative Class-Centroids for Imbalanced Domain Adaptation,the IDA problem,the imbalanced domain adaptation scenario; the IDA problem; IDA; IDA problem,4
191,centroIDA: Cross-Domain Class Discrepancy Minimization Based on Accumulative Class-Centroids for Imbalanced Domain Adaptation,the proposed cross-domain class discrepancy minimization method,a cross-domain class discrepancy minimization method based on accumulative class-centroids for IDA; our method,2
191,centroIDA: Cross-Domain Class Discrepancy Minimization Based on Accumulative Class-Centroids for Imbalanced Domain Adaptation,[singleton] Unsupervised Domain Adaptation approaches,Unsupervised Domain Adaptation approaches,1
191,centroIDA: Cross-Domain Class Discrepancy Minimization Based on Accumulative Class-Centroids for Imbalanced Domain Adaptation,[singleton] the covariate shift problem,the covariate shift problem,1
191,centroIDA: Cross-Domain Class Discrepancy Minimization Based on Accumulative Class-Centroids for Imbalanced Domain Adaptation,[singleton] the distribution discrepancy,the distribution discrepancy,1
191,centroIDA: Cross-Domain Class Discrepancy Minimization Based on Accumulative Class-Centroids for Imbalanced Domain Adaptation,[singleton] the label distribution,the label distribution,1
191,centroIDA: Cross-Domain Class Discrepancy Minimization Based on Accumulative Class-Centroids for Imbalanced Domain Adaptation,[singleton] the distribution discrepancies of each corresponding class,the distribution discrepancies of each corresponding class,1
191,centroIDA: Cross-Domain Class Discrepancy Minimization Based on Accumulative Class-Centroids for Imbalanced Domain Adaptation,[singleton] the reliable pseudo labels selection,the reliable pseudo labels selection,1
191,centroIDA: Cross-Domain Class Discrepancy Minimization Based on Accumulative Class-Centroids for Imbalanced Domain Adaptation,[singleton] the feature distributions estimation for target domain,the feature distributions estimation for target domain,1
191,centroIDA: Cross-Domain Class Discrepancy Minimization Based on Accumulative Class-Centroids for Imbalanced Domain Adaptation,[singleton] the minority classes with limited numbers,the minority classes with limited numbers,1
191,centroIDA: Cross-Domain Class Discrepancy Minimization Based on Accumulative Class-Centroids for Imbalanced Domain Adaptation,[singleton] class based re-sampling strategy,class based re-sampling strategy,1
191,centroIDA: Cross-Domain Class Discrepancy Minimization Based on Accumulative Class-Centroids for Imbalanced Domain Adaptation,[singleton] an unbiased classifier,an unbiased classifier,1
191,centroIDA: Cross-Domain Class Discrepancy Minimization Based on Accumulative Class-Centroids for Imbalanced Domain Adaptation,[singleton] source domain,source domain,1
191,centroIDA: Cross-Domain Class Discrepancy Minimization Based on Accumulative Class-Centroids for Imbalanced Domain Adaptation,[singleton] the accumulative class-centroids alignment loss,the accumulative class-centroids alignment loss,1
191,centroIDA: Cross-Domain Class Discrepancy Minimization Based on Accumulative Class-Centroids for Imbalanced Domain Adaptation,[singleton] class-wise feature alignment loss,class-wise feature alignment loss,1
191,centroIDA: Cross-Domain Class Discrepancy Minimization Based on Accumulative Class-Centroids for Imbalanced Domain Adaptation,[singleton] a robust classification boundary,a robust classification boundary,1
191,centroIDA: Cross-Domain Class Discrepancy Minimization Based on Accumulative Class-Centroids for Imbalanced Domain Adaptation,[singleton] other SOTA methods,other SOTA methods,1
191,centroIDA: Cross-Domain Class Discrepancy Minimization Based on Accumulative Class-Centroids for Imbalanced Domain Adaptation,[singleton] label shift,label shift,1
191,centroIDA: Cross-Domain Class Discrepancy Minimization Based on Accumulative Class-Centroids for Imbalanced Domain Adaptation,[self-reference],we,1
192,Evidential Domain Adaptation for Remaining Useful Life Prediction with Incomplete Degradation,the critical challenge of RUL prediction without labeled target data,a critical challenge; it,2
192,Evidential Domain Adaptation for Remaining Useful Life Prediction with Incomplete Degradation,domain adaptation,domain adaptation; its,2
192,Evidential Domain Adaptation for Remaining Useful Life Prediction with Incomplete Degradation,the unlabeled target domain,an unlabeled target domain; the target domain; the target domain,3
192,Evidential Domain Adaptation for Remaining Useful Life Prediction with Incomplete Degradation,the labeled source domain,a labeled source domain; the source domain,2
192,Evidential Domain Adaptation for Remaining Useful Life Prediction with Incomplete Degradation,existing DA methods,existing DA methods; current DA methods; most DA approaches,3
192,Evidential Domain Adaptation for Remaining Useful Life Prediction with Incomplete Degradation,the absence of late degradation stages (missing data),the absence of late degradation stages; This missing data,2
192,Evidential Domain Adaptation for Remaining Useful Life Prediction with Incomplete Degradation,two primary limitations,two primary limitations; these limitations,2
192,Evidential Domain Adaptation for Remaining Useful Life Prediction with Incomplete Degradation,EviAdapt,a novel evidential adaptation approach called EviAdapt; which; The method,3
192,Evidential Domain Adaptation for Remaining Useful Life Prediction with Incomplete Degradation,evidential learning,evidential learning; evidential learning,2
192,Evidential Domain Adaptation for Remaining Useful Life Prediction with Incomplete Degradation,[singleton] incomplete degradation trajectories,incomplete degradation trajectories,1
192,Evidential Domain Adaptation for Remaining Useful Life Prediction with Incomplete Degradation,[singleton] a key extrapolation challenge,a key extrapolation challenge,1
192,Evidential Domain Adaptation for Remaining Useful Life Prediction with Incomplete Degradation,[singleton] incomplete RUL prediction tasks,incomplete RUL prediction tasks,1
192,Evidential Domain Adaptation for Remaining Useful Life Prediction with Incomplete Degradation,[singleton] global alignment,global alignment,1
192,Evidential Domain Adaptation for Remaining Useful Life Prediction with Incomplete Degradation,[singleton] late degradation stage in the source domain,late degradation stage in the source domain,1
192,Evidential Domain Adaptation for Remaining Useful Life Prediction with Incomplete Degradation,[singleton] early degradation stage in the target domain,early degradation stage in the target domain,1
192,Evidential Domain Adaptation for Remaining Useful Life Prediction with Incomplete Degradation,[singleton] varying operating conditions in RUL prediction,varying operating conditions in RUL prediction,1
192,Evidential Domain Adaptation for Remaining Useful Life Prediction with Incomplete Degradation,[singleton] degradation patterns,degradation patterns,1
192,Evidential Domain Adaptation for Remaining Useful Life Prediction with Incomplete Degradation,[singleton] different learned features,different learned features,1
192,Evidential Domain Adaptation for Remaining Useful Life Prediction with Incomplete Degradation,[singleton] simple feature matching,simple feature matching,1
192,Evidential Domain Adaptation for Remaining Useful Life Prediction with Incomplete Degradation,[singleton] two domains,two domains,1
192,Evidential Domain Adaptation for Remaining Useful Life Prediction with Incomplete Degradation,[singleton] distinct degradation stages,distinct degradation stages,1
192,Evidential Domain Adaptation for Remaining Useful Life Prediction with Incomplete Degradation,[singleton] degradation rate,degradation rate,1
192,Evidential Domain Adaptation for Remaining Useful Life Prediction with Incomplete Degradation,[singleton] stage-wise alignment,stage-wise alignment,1
192,Evidential Domain Adaptation for Remaining Useful Life Prediction with Incomplete Degradation,[singleton] an evidential uncertainty alignment technique,an evidential uncertainty alignment technique,1
192,Evidential Domain Adaptation for Remaining Useful Life Prediction with Incomplete Degradation,[singleton] matched stages,matched stages,1
192,Evidential Domain Adaptation for Remaining Useful Life Prediction with Incomplete Degradation,[self-reference],we; we,2
193,Unsupervised Domain Adaptation Architecture Search with Self-Training for Land Cover Mapping,the existing works,The existing works; them; their,3
193,Unsupervised Domain Adaptation Architecture Search with Self-Training for Land Cover Mapping,the proposed framework,a simple yet effective framework; a single framework,2
193,Unsupervised Domain Adaptation Architecture Search with Self-Training for Land Cover Mapping,neural architecture search (NAS),Markov random field neural architecture search; NAS,2
193,Unsupervised Domain Adaptation Architecture Search with Self-Training for Land Cover Mapping,self-training UDA framework,a self-training UDA framework; self-training UDA,2
193,Unsupervised Domain Adaptation Architecture Search with Self-Training for Land Cover Mapping,[singleton] Unsupervised domain adaptation,Unsupervised domain adaptation,1
193,Unsupervised Domain Adaptation Architecture Search with Self-Training for Land Cover Mapping,[singleton] remote sensing benchmarks,remote sensing benchmarks,1
193,Unsupervised Domain Adaptation Architecture Search with Self-Training for Land Cover Mapping,[singleton] large neural network architectures,large neural network architectures,1
193,Unsupervised Domain Adaptation Architecture Search with Self-Training for Land Cover Mapping,[singleton] lightweight neural networks,lightweight neural networks,1
193,Unsupervised Domain Adaptation Architecture Search with Self-Training for Land Cover Mapping,[singleton] a limited computation budget,a limited computation budget,1
193,Unsupervised Domain Adaptation Architecture Search with Self-Training for Land Cover Mapping,[singleton] two different pseudo-labelling approaches,two different pseudo-labelling approaches,1
193,Unsupervised Domain Adaptation Architecture Search with Self-Training for Land Cover Mapping,[singleton] self-training scheme,self-training scheme,1
193,Unsupervised Domain Adaptation Architecture Search with Self-Training for Land Cover Mapping,[singleton] two recent datasets for remote sensing UDA,two recent datasets for remote sensing UDA,1
193,Unsupervised Domain Adaptation Architecture Search with Self-Training for Land Cover Mapping,[singleton] 2M parameters,2M parameters,1
193,Unsupervised Domain Adaptation Architecture Search with Self-Training for Land Cover Mapping,[singleton] 30.16 GFLOPs,30.16 GFLOPs,1
193,Unsupervised Domain Adaptation Architecture Search with Self-Training for Land Cover Mapping,[singleton] the best-discovered lightweight network,the best-discovered lightweight network,1
193,Unsupervised Domain Adaptation Architecture Search with Self-Training for Land Cover Mapping,[singleton] state-of-the-art performance,state-of-the-art performance,1
193,Unsupervised Domain Adaptation Architecture Search with Self-Training for Land Cover Mapping,[singleton] the regional target domain of OpenEarthMap,the regional target domain of OpenEarthMap,1
193,Unsupervised Domain Adaptation Architecture Search with Self-Training for Land Cover Mapping,[singleton] the considered target domain of FLAIR #1,the considered target domain of FLAIR #1,1
193,Unsupervised Domain Adaptation Architecture Search with Self-Training for Land Cover Mapping,[singleton] Previous studies,Previous studies,1
193,Unsupervised Domain Adaptation Architecture Search with Self-Training for Land Cover Mapping,[self-reference],we; We,2
194,PALM: Pushing Adaptive Learning Rate Mechanisms for Continual Test-Time Adaptation,the CTTA method using layer-wise adaptive learning rates,A highly effective CTTA method; it,2
194,PALM: Pushing Adaptive Learning Rate Mechanisms for Continual Test-Time Adaptation,limitations of the prior CTTA method,the poor estimation of domain shift and the inaccuracies arising from the pseudo-labels; these limitations,2
194,PALM: Pushing Adaptive Learning Rate Mechanisms for Continual Test-Time Adaptation,pseudo-labels,the pseudo-labels; pseudo-labels,2
194,PALM: Pushing Adaptive Learning Rate Mechanisms for Continual Test-Time Adaptation,domain shift,domain shift; the domain shift,2
194,PALM: Pushing Adaptive Learning Rate Mechanisms for Continual Test-Time Adaptation,layers selected for adaptation,layers for adaptation; layers for further adaptation; these selected layers,3
194,PALM: Pushing Adaptive Learning Rate Mechanisms for Continual Test-Time Adaptation,the parameters belonging to the selected layers,the parameters exclusively belonging to these selected layers; their sensitivity; their learning rates,3
194,PALM: Pushing Adaptive Learning Rate Mechanisms for Continual Test-Time Adaptation,[singleton] Real-world vision models in dynamic environments,Real-world vision models in dynamic environments,1
194,PALM: Pushing Adaptive Learning Rate Mechanisms for Continual Test-Time Adaptation,[singleton] domain distributions,domain distributions,1
194,PALM: Pushing Adaptive Learning Rate Mechanisms for Continual Test-Time Adaptation,[singleton] unlabeled test data,unlabeled test data,1
194,PALM: Pushing Adaptive Learning Rate Mechanisms for Continual Test-Time Adaptation,[singleton] continuous test-time adaptation,continuous test-time adaptation,1
194,PALM: Pushing Adaptive Learning Rate Mechanisms for Continual Test-Time Adaptation,[singleton] a pre-trained source discriminative model,a pre-trained source discriminative model,1
194,PALM: Pushing Adaptive Learning Rate Mechanisms for Continual Test-Time Adaptation,[singleton] pre-trained layers,pre-trained layers,1
194,PALM: Pushing Adaptive Learning Rate Mechanisms for Continual Test-Time Adaptation,[singleton] This work,This work,1
194,PALM: Pushing Adaptive Learning Rate Mechanisms for Continual Test-Time Adaptation,[singleton] model prediction uncertainty,model prediction uncertainty,1
194,PALM: Pushing Adaptive Learning Rate Mechanisms for Continual Test-Time Adaptation,[singleton] the magnitude of gradients,the magnitude of gradients,1
194,PALM: Pushing Adaptive Learning Rate Mechanisms for Continual Test-Time Adaptation,[singleton] the KL divergence,the KL divergence,1
194,PALM: Pushing Adaptive Learning Rate Mechanisms for Continual Test-Time Adaptation,[singleton] the softmax output,the softmax output,1
194,PALM: Pushing Adaptive Learning Rate Mechanisms for Continual Test-Time Adaptation,[singleton] a uniform distribution,a uniform distribution,1
194,PALM: Pushing Adaptive Learning Rate Mechanisms for Continual Test-Time Adaptation,[singleton] the remaining ones,the remaining ones,1
194,PALM: Pushing Adaptive Learning Rate Mechanisms for Continual Test-Time Adaptation,[singleton] extensive image classification experiments,extensive image classification experiments,1
194,PALM: Pushing Adaptive Learning Rate Mechanisms for Continual Test-Time Adaptation,[singleton] CIFAR-10C,CIFAR-10C,1
194,PALM: Pushing Adaptive Learning Rate Mechanisms for Continual Test-Time Adaptation,[singleton] CIFAR-100C,CIFAR-100C,1
194,PALM: Pushing Adaptive Learning Rate Mechanisms for Continual Test-Time Adaptation,[singleton] ImageNet-C,ImageNet-C,1
194,PALM: Pushing Adaptive Learning Rate Mechanisms for Continual Test-Time Adaptation,[singleton] our method,our method,1
194,PALM: Pushing Adaptive Learning Rate Mechanisms for Continual Test-Time Adaptation,[singleton] prior approaches,prior approaches,1
194,PALM: Pushing Adaptive Learning Rate Mechanisms for Continual Test-Time Adaptation,[self-reference],We; we; We; our,4
195,A Novel Two-Step Fine-Tuning Pipeline for Cold-Start Active Learning in Text Classification Tasks,BERT based contextual embeddings,BERT based contextual embeddings; the embeddings; BERT based embeddings; BERT,4
195,A Novel Two-Step Fine-Tuning Pipeline for Cold-Start Active Learning in Text Classification Tasks,DoTCAL fine-tuning pipeline,a more robust fine-tuning pipeline DoTCAL; DoTCAL s,2
195,A Novel Two-Step Fine-Tuning Pipeline for Cold-Start Active Learning in Text Classification Tasks,active learning (AL),active learning; AL; AL; the AL process,4
195,A Novel Two-Step Fine-Tuning Pipeline for Cold-Start Active Learning in Text Classification Tasks,Bag of Words,Bag of Words; BoW,2
195,A Novel Two-Step Fine-Tuning Pipeline for Cold-Start Active Learning in Text Classification Tasks,Latent Semantic Indexing,Latent Semantic Indexing; LSI,2
195,A Novel Two-Step Fine-Tuning Pipeline for Cold-Start Active Learning in Text Classification Tasks,[singleton] cold-start scenarios,cold-start scenarios,1
195,A Novel Two-Step Fine-Tuning Pipeline for Cold-Start Active Learning in Text Classification Tasks,[singleton] traditional fine-tuning,traditional fine-tuning,1
195,A Novel Two-Step Fine-Tuning Pipeline for Cold-Start Active Learning in Text Classification Tasks,[singleton] unlabeled data,unlabeled data,1
195,A Novel Two-Step Fine-Tuning Pipeline for Cold-Start Active Learning in Text Classification Tasks,[singleton] domain adaptation,domain adaptation,1
195,A Novel Two-Step Fine-Tuning Pipeline for Cold-Start Active Learning in Text Classification Tasks,[singleton] masked language modeling,masked language modeling,1
195,A Novel Two-Step Fine-Tuning Pipeline for Cold-Start Active Learning in Text Classification Tasks,[singleton] model weights,model weights,1
195,A Novel Two-Step Fine-Tuning Pipeline for Cold-Start Active Learning in Text Classification Tasks,[singleton] FastText,FastText,1
195,A Novel Two-Step Fine-Tuning Pipeline for Cold-Start Active Learning in Text Classification Tasks,[singleton] instance selection,instance selection,1
195,A Novel Two-Step Fine-Tuning Pipeline for Cold-Start Active Learning in Text Classification Tasks,[singleton] eight ATC benchmarks,eight ATC benchmarks,1
195,A Novel Two-Step Fine-Tuning Pipeline for Cold-Start Active Learning in Text Classification Tasks,[singleton] Macro-F1,Macro-F1,1
195,A Novel Two-Step Fine-Tuning Pipeline for Cold-Start Active Learning in Text Classification Tasks,[singleton] the traditional one-step method,the traditional one-step method,1
195,A Novel Two-Step Fine-Tuning Pipeline for Cold-Start Active Learning in Text Classification Tasks,[singleton] low-budget scenarios,low-budget scenarios,1
195,A Novel Two-Step Fine-Tuning Pipeline for Cold-Start Active Learning in Text Classification Tasks,[singleton] hard-to-classify tasks,hard-to-classify tasks,1
195,A Novel Two-Step Fine-Tuning Pipeline for Cold-Start Active Learning in Text Classification Tasks,[self-reference],Our; Our; We,3
196,Bayesian Low-Rank Factorization for Robust Model Adaptation,large speech foundation models,Large speech foundation models; they; these models,3
196,Bayesian Low-Rank Factorization for Robust Model Adaptation,the base model,the base model; the base model,2
196,Bayesian Low-Rank Factorization for Robust Model Adaptation,Bayesian factorized adapters,Bayesian factorized adapters for speech foundation models; which; our approach; our method,4
196,Bayesian Low-Rank Factorization for Robust Model Adaptation,[singleton] code-switching,code-switching,1
196,Bayesian Low-Rank Factorization for Robust Model Adaptation,[singleton] Direct fine-tuning,Direct fine-tuning,1
196,Bayesian Low-Rank Factorization for Robust Model Adaptation,[singleton] the target domain,the target domain,1
196,Bayesian Low-Rank Factorization for Robust Model Adaptation,[singleton] priors near zero,priors near zero,1
196,Bayesian Low-Rank Factorization for Robust Model Adaptation,[singleton] sparser adaptation matrices,sparser adaptation matrices,1
196,Bayesian Low-Rank Factorization for Robust Model Adaptation,[singleton] the Whisper model,the Whisper model,1
196,Bayesian Low-Rank Factorization for Robust Model Adaptation,[singleton] different multilingual code-switching scenarios,different multilingual code-switching scenarios,1
196,Bayesian Low-Rank Factorization for Robust Model Adaptation,[singleton] Our results,Our results,1
196,Bayesian Low-Rank Factorization for Robust Model Adaptation,[singleton] catastrophic forgetting,catastrophic forgetting,1
196,Bayesian Low-Rank Factorization for Robust Model Adaptation,[singleton] LoRA,LoRA,1
196,Bayesian Low-Rank Factorization for Robust Model Adaptation,[singleton] a backward gain of 54%,a backward gain of 54%,1
196,Bayesian Low-Rank Factorization for Robust Model Adaptation,[singleton] a 4% drop,a 4% drop,1
196,Bayesian Low-Rank Factorization for Robust Model Adaptation,[singleton] the new domain,the new domain,1
196,Bayesian Low-Rank Factorization for Robust Model Adaptation,[singleton] Bayesian adaptation,Bayesian adaptation,1
196,Bayesian Low-Rank Factorization for Robust Model Adaptation,[self-reference],we; our; Our; our,4
197,Continually Improving Extractive QA via Human Feedback,human user feedback,human user feedback; provide feedback; learning from feedback over time; user feedback,4
197,Continually Improving Extractive QA via Human Feedback,the experiments,experiments; Our experiments,2
197,Continually Improving Extractive QA via Human Feedback,[singleton] an extractive question answering system,an extractive question answering system,1
197,Continually Improving Extractive QA via Human Feedback,[singleton] an iterative approach,an iterative approach,1
197,Continually Improving Extractive QA via Human Feedback,[singleton] information-seeking users,information-seeking users,1
197,Continually Improving Extractive QA via Human Feedback,[singleton] model-predicted answers,model-predicted answers,1
197,Continually Improving Extractive QA via Human Feedback,[singleton] thousands of user interactions,thousands of user interactions,1
197,Continually Improving Extractive QA via Human Feedback,[singleton] diverse setups,diverse setups,1
197,Continually Improving Extractive QA via Human Feedback,[singleton] extractive QA models,extractive QA models,1
197,Continually Improving Extractive QA via Human Feedback,[singleton] different data regimes,different data regimes,1
197,Continually Improving Extractive QA via Human Feedback,[singleton] domain adaptation,domain adaptation,1
197,Continually Improving Extractive QA via Human Feedback,[self-reference],We; We; We; Our,4
198,Reducing Racial Bias in Facial Age Prediction using Unsupervised Domain Adaptation in Regression,the proposed unsupervised domain adaptation approach,an approach for unsupervised domain adaptation; our approach,2
198,Reducing Racial Bias in Facial Age Prediction using Unsupervised Domain Adaptation in Regression,the age prediction model,the predictor; the model; our model; it; the model,5
198,Reducing Racial Bias in Facial Age Prediction using Unsupervised Domain Adaptation in Regression,publicly available dataset with age labels,a publicly available dataset with age labels; it,2
198,Reducing Racial Bias in Facial Age Prediction using Unsupervised Domain Adaptation in Regression,[singleton] racial bias,racial bias,1
198,Reducing Racial Bias in Facial Age Prediction using Unsupervised Domain Adaptation in Regression,[singleton] most publicly available face image datasets,most publicly available face image datasets,1
198,Reducing Racial Bias in Facial Age Prediction using Unsupervised Domain Adaptation in Regression,[singleton] a given face image,a given face image,1
198,Reducing Racial Bias in Facial Age Prediction using Unsupervised Domain Adaptation in Regression,[singleton] the ordinality of age,the ordinality of age,1
198,Reducing Racial Bias in Facial Age Prediction using Unsupervised Domain Adaptation in Regression,[singleton] ranking constraints,ranking constraints,1
198,Reducing Racial Bias in Facial Age Prediction using Unsupervised Domain Adaptation in Regression,[singleton] a pair of images,a pair of images,1
198,Reducing Racial Bias in Facial Age Prediction using Unsupervised Domain Adaptation in Regression,[singleton] the relative age difference,the relative age difference,1
198,Reducing Racial Bias in Facial Age Prediction using Unsupervised Domain Adaptation in Regression,[singleton] the rank of the first identity,the rank of the first identity,1
198,Reducing Racial Bias in Facial Age Prediction using Unsupervised Domain Adaptation in Regression,[singleton] Multi-Dimensional Scaling,Multi-Dimensional Scaling,1
198,Reducing Racial Bias in Facial Age Prediction using Unsupervised Domain Adaptation in Regression,[singleton] the predicted age differences,the predicted age differences,1
198,Reducing Racial Bias in Facial Age Prediction using Unsupervised Domain Adaptation in Regression,[singleton] two labeled images,two labeled images,1
198,Reducing Racial Bias in Facial Age Prediction using Unsupervised Domain Adaptation in Regression,[singleton] the ethnicity labels,the ethnicity labels,1
198,Reducing Racial Bias in Facial Age Prediction using Unsupervised Domain Adaptation in Regression,[singleton] the smoothness of the predictions,the smoothness of the predictions,1
198,Reducing Racial Bias in Facial Age Prediction using Unsupervised Domain Adaptation in Regression,[singleton] various domain adaptation approaches,various domain adaptation approaches,1
198,Reducing Racial Bias in Facial Age Prediction using Unsupervised Domain Adaptation in Regression,[self-reference],We; we; we; we; We; we; We,7
199,Constructing and Exploring Intermediate Domains in Mixed Domain Semi-supervised Medical Image Segmentation,MiDSS scenario,a novel and challenging scenario; Mixed Domain Semi-supervised medical image Segmentation (MiDSS); this scenario,3
199,Constructing and Exploring Intermediate Domains in Mixed Domain Semi-supervised Medical Image Segmentation,limited annotation,limited annotation; limited annotation,2
199,Constructing and Exploring Intermediate Domains in Mixed Domain Semi-supervised Medical Image Segmentation,domain shift,domain shift; domain shift; domain shift,3
199,Constructing and Exploring Intermediate Domains in Mixed Domain Semi-supervised Medical Image Segmentation,unlabeled data,a large amount of unlabeled data from multiple domains; the unlabeled data; unlabeled data,3
199,Constructing and Exploring Intermediate Domains in Mixed Domain Semi-supervised Medical Image Segmentation,labeled data,labeled data; labeled data,2
199,Constructing and Exploring Intermediate Domains in Mixed Domain Semi-supervised Medical Image Segmentation,pseudo labels,reliable pseudo labels; pseudo labels,2
199,Constructing and Exploring Intermediate Domains in Mixed Domain Semi-supervised Medical Image Segmentation,intermediate domains,intermediate domains; the intermediate domain,2
199,Constructing and Exploring Intermediate Domains in Mixed Domain Semi-supervised Medical Image Segmentation,symmetric Guidance training strategy (SymGD),a symmetric Guidance training strategy (SymGD); which,2
199,Constructing and Exploring Intermediate Domains in Mixed Domain Semi-supervised Medical Image Segmentation,intermediate samples,intermediate samples; intermediate samples,2
199,Constructing and Exploring Intermediate Domains in Mixed Domain Semi-supervised Medical Image Segmentation,[singleton] medical image segmentation,medical image segmentation,1
199,Constructing and Exploring Intermediate Domains in Mixed Domain Semi-supervised Medical Image Segmentation,[singleton] Traditional semi-supervised segmentation and unsupervised domain adaptation methods,Traditional semi-supervised segmentation and unsupervised domain adaptation methods,1
199,Constructing and Exploring Intermediate Domains in Mixed Domain Semi-supervised Medical Image Segmentation,[singleton] multiple medical centers,multiple medical centers,1
199,Constructing and Exploring Intermediate Domains in Mixed Domain Semi-supervised Medical Image Segmentation,[singleton] Unified Copy-Paste,Unified Copy-Paste,1
199,Constructing and Exploring Intermediate Domains in Mixed Domain Semi-supervised Medical Image Segmentation,[singleton] a Training Process aware Random Amplitude MixUp,a Training Process aware Random Amplitude MixUp,1
199,Constructing and Exploring Intermediate Domains in Mixed Domain Semi-supervised Medical Image Segmentation,[singleton] style-transition components,style-transition components,1
199,Constructing and Exploring Intermediate Domains in Mixed Domain Semi-supervised Medical Image Segmentation,[singleton] existing state-of-the-art approaches,existing state-of-the-art approaches,1
199,Constructing and Exploring Intermediate Domains in Mixed Domain Semi-supervised Medical Image Segmentation,[singleton] our method,our method,1
199,Constructing and Exploring Intermediate Domains in Mixed Domain Semi-supervised Medical Image Segmentation,[singleton] Dice score,Dice score,1
199,Constructing and Exploring Intermediate Domains in Mixed Domain Semi-supervised Medical Image Segmentation,[singleton] Prostate dataset,Prostate dataset,1
199,Constructing and Exploring Intermediate Domains in Mixed Domain Semi-supervised Medical Image Segmentation,[singleton] three public datasets,three public datasets,1
199,Constructing and Exploring Intermediate Domains in Mixed Domain Semi-supervised Medical Image Segmentation,[self-reference],us; we; We; we; we; we; our,7
200,Towards Understanding the Role of Sharpness-Aware Minimization Algorithms for Out-of-Distribution Generalization,SAM (sharpness-aware minimization),sharpness-aware minimization; SAM; its; the original SAM; the original SAM; its,6
200,Towards Understanding the Role of Sharpness-Aware Minimization Algorithms for Out-of-Distribution Generalization,the strongest SAM variants,the strongest SAM variants; the strongest SAM variants,2
200,Towards Understanding the Role of Sharpness-Aware Minimization Algorithms for Out-of-Distribution Generalization,the Adam baseline,the Adam baseline; the Adam baseline; the baseline of Adam; Adam,4
200,Towards Understanding the Role of Sharpness-Aware Minimization Algorithms for Out-of-Distribution Generalization,gradual domain adaptation (GDA),gradual domain adaptation; the GDA setting; GDA,3
200,Towards Understanding the Role of Sharpness-Aware Minimization Algorithms for Out-of-Distribution Generalization,intermediate domains,intermediate domains; intermediate domains,2
200,Towards Understanding the Role of Sharpness-Aware Minimization Algorithms for Out-of-Distribution Generalization,generalization bound for SAM in the GDA setting,a generalization bound for SAM in the GDA setting; this generalization bound,2
200,Towards Understanding the Role of Sharpness-Aware Minimization Algorithms for Out-of-Distribution Generalization,[singleton] the i.i.d. setting,the i.i.d. setting,1
200,Towards Understanding the Role of Sharpness-Aware Minimization Algorithms for Out-of-Distribution Generalization,[singleton] eight SAM variants,eight SAM variants,1
200,Towards Understanding the Role of Sharpness-Aware Minimization Algorithms for Out-of-Distribution Generalization,[singleton] zero-shot OOD generalization,zero-shot OOD generalization,1
200,Towards Understanding the Role of Sharpness-Aware Minimization Algorithms for Out-of-Distribution Generalization,[singleton] an OOD generalization bound,an OOD generalization bound,1
200,Towards Understanding the Role of Sharpness-Aware Minimization Algorithms for Out-of-Distribution Generalization,[singleton] iterative self-training,iterative self-training,1
200,Towards Understanding the Role of Sharpness-Aware Minimization Algorithms for Out-of-Distribution Generalization,[singleton] the source and target domains,the source and target domains,1
200,Towards Understanding the Role of Sharpness-Aware Minimization Algorithms for Out-of-Distribution Generalization,[singleton] the overall target domain error,the overall target domain error,1
200,Towards Understanding the Role of Sharpness-Aware Minimization Algorithms for Out-of-Distribution Generalization,[singleton] the experimental datasets,the experimental datasets,1
200,Towards Understanding the Role of Sharpness-Aware Minimization Algorithms for Out-of-Distribution Generalization,[singleton] self-training,self-training,1
200,Towards Understanding the Role of Sharpness-Aware Minimization Algorithms for Out-of-Distribution Generalization,[singleton] the theoretical justification for SAM,the theoretical justification for SAM,1
200,Towards Understanding the Role of Sharpness-Aware Minimization Algorithms for Out-of-Distribution Generalization,[singleton] low sharpness,low sharpness,1
200,Towards Understanding the Role of Sharpness-Aware Minimization Algorithms for Out-of-Distribution Generalization,[singleton] the OOD setting,the OOD setting,1
200,Towards Understanding the Role of Sharpness-Aware Minimization Algorithms for Out-of-Distribution Generalization,[self-reference],we; we; We; we; our; our; We; we,8
201,Video Unsupervised Domain Adaptation with Deep Learning: A Comprehensive Survey,video models,video models trained on existing datasets; video models; video models,3
201,Video Unsupervised Domain Adaptation with Deep Learning: A Comprehensive Survey,performance degradation,significant performance degradation; performance degradation,2
201,Video Unsupervised Domain Adaptation with Deep Learning: A Comprehensive Survey,video domain shift,domain shifts; video domain shift,2
201,Video Unsupervised Domain Adaptation with Deep Learning: A Comprehensive Survey,video annotation cost,the high cost of video annotation; high video annotation cost,2
201,Video Unsupervised Domain Adaptation with Deep Learning: A Comprehensive Survey,video unsupervised domain adaptation (VUDA),the video unsupervised domain adaptation; VUDA; VUDA; its; VUDA; VUDA; VUDA; VUDA,8
201,Video Unsupervised Domain Adaptation with Deep Learning: A Comprehensive Survey,[singleton] action recognition,action recognition,1
201,Video Unsupervised Domain Adaptation with Deep Learning: A Comprehensive Survey,[singleton] smart healthcare,smart healthcare,1
201,Video Unsupervised Domain Adaptation with Deep Learning: A Comprehensive Survey,[singleton] large-scale datasets,large-scale datasets,1
201,Video Unsupervised Domain Adaptation with Deep Learning: A Comprehensive Survey,[singleton] deep learning based representations,deep learning based representations,1
201,Video Unsupervised Domain Adaptation with Deep Learning: A Comprehensive Survey,[singleton] the training public video datasets,the training public video datasets,1
201,Video Unsupervised Domain Adaptation with Deep Learning: A Comprehensive Survey,[singleton] real-world videos,real-world videos,1
201,Video Unsupervised Domain Adaptation with Deep Learning: A Comprehensive Survey,[singleton] unlabeled videos,unlabeled videos,1
201,Video Unsupervised Domain Adaptation with Deep Learning: A Comprehensive Survey,[singleton] the labeled source domain,the labeled source domain,1
201,Video Unsupervised Domain Adaptation with Deep Learning: A Comprehensive Survey,[singleton] the unlabeled target domain,the unlabeled target domain,1
201,Video Unsupervised Domain Adaptation with Deep Learning: A Comprehensive Survey,[singleton] This paper,This paper,1
201,Video Unsupervised Domain Adaptation with Deep Learning: A Comprehensive Survey,[singleton] current benchmark datasets,current benchmark datasets,1
201,Video Unsupervised Domain Adaptation with Deep Learning: A Comprehensive Survey,[singleton] future directions,future directions,1
201,Video Unsupervised Domain Adaptation with Deep Learning: A Comprehensive Survey,[self-reference],We,1
202,UpCycling: Semi-supervised 3D Object Detection without Sharing Raw-level Unlabeled Scenes,UpCycling,UpCycling; a novel SSL framework for 3D object detection with zero additional raw-level point cloud; UpCycling; UpCycling; UpCycling,5
202,UpCycling: Semi-supervised 3D Object Detection without Sharing Raw-level Unlabeled Scenes,intermediate features,unlabeled de-identified intermediate features; these intermediate features; intermediate features,3
202,UpCycling: Semi-supervised 3D Object Detection without Sharing Raw-level Unlabeled Scenes,[singleton] Semi-supervised Learning,Semi-supervised Learning,1
202,UpCycling: Semi-supervised 3D Object Detection without Sharing Raw-level Unlabeled Scenes,[singleton] autonomous driving,autonomous driving,1
202,UpCycling: Semi-supervised 3D Object Detection without Sharing Raw-level Unlabeled Scenes,[singleton] 3D annotation,3D annotation,1
202,UpCycling: Semi-supervised 3D Object Detection without Sharing Raw-level Unlabeled Scenes,[singleton] the inference pipeline,the inference pipeline,1
202,UpCycling: Semi-supervised 3D Object Detection without Sharing Raw-level Unlabeled Scenes,[singleton] autonomous vehicles,autonomous vehicles,1
202,UpCycling: Semi-supervised 3D Object Detection without Sharing Raw-level Unlabeled Scenes,[singleton] effective consistency loss,effective consistency loss,1
202,UpCycling: Semi-supervised 3D Object Detection without Sharing Raw-level Unlabeled Scenes,[singleton] unlabeled feature-level scene,unlabeled feature-level scene,1
202,UpCycling: Semi-supervised 3D Object Detection without Sharing Raw-level Unlabeled Scenes,[singleton] The latest SSL frameworks for 3D object detection,The latest SSL frameworks for 3D object detection,1
202,UpCycling: Semi-supervised 3D Object Detection without Sharing Raw-level Unlabeled Scenes,[singleton] consistency regularization,consistency regularization,1
202,UpCycling: Semi-supervised 3D Object Detection without Sharing Raw-level Unlabeled Scenes,[singleton] an unlabeled raw-point scene,an unlabeled raw-point scene,1
202,UpCycling: Semi-supervised 3D Object Detection without Sharing Raw-level Unlabeled Scenes,[singleton] hybrid pseudo labels,hybrid pseudo labels,1
202,UpCycling: Semi-supervised 3D Object Detection without Sharing Raw-level Unlabeled Scenes,[singleton] feature-level Ground Truth sampling,feature-level Ground Truth sampling,1
202,UpCycling: Semi-supervised 3D Object Detection without Sharing Raw-level Unlabeled Scenes,[singleton] unlabeled multi-type 3D scene features,unlabeled multi-type 3D scene features,1
202,UpCycling: Semi-supervised 3D Object Detection without Sharing Raw-level Unlabeled Scenes,[singleton] two representative 3D object detection models,two representative 3D object detection models,1
202,UpCycling: Semi-supervised 3D Object Detection without Sharing Raw-level Unlabeled Scenes,[singleton] SECOND-IoU,SECOND-IoU,1
202,UpCycling: Semi-supervised 3D Object Detection without Sharing Raw-level Unlabeled Scenes,[singleton] PV-RCNN,PV-RCNN,1
202,UpCycling: Semi-supervised 3D Object Detection without Sharing Raw-level Unlabeled Scenes,[singleton] widely-used datasets,widely-used datasets,1
202,UpCycling: Semi-supervised 3D Object Detection without Sharing Raw-level Unlabeled Scenes,[singleton] other augmentation methods,other augmentation methods,1
202,UpCycling: Semi-supervised 3D Object Detection without Sharing Raw-level Unlabeled Scenes,[singleton] the state-of-the-art methods that utilize raw-level unlabeled data,the state-of-the-art methods that utilize raw-level unlabeled data,1
202,UpCycling: Semi-supervised 3D Object Detection without Sharing Raw-level Unlabeled Scenes,[self-reference],we; we; We,3
203,Self-Supervised Adaptation of High-Fidelity Face Models for Monocular Performance Tracking,high-fidelity face models,high-fidelity realistic face models; these realistic face models; these face models; the high-fidelity models; high-fidelity face models,5
203,Self-Supervised Adaptation of High-Fidelity Face Models for Monocular Performance Tracking,special input data,special input data; special input data,2
203,Self-Supervised Adaptation of High-Fidelity Face Models for Monocular Performance Tracking,self-supervised domain adaptation approach,a self-supervised domain adaptation approach; Our approach,2
203,Self-Supervised Adaptation of High-Fidelity Face Models for Monocular Performance Tracking,commodity camera,commodity cameras; a commodity camera,2
203,Self-Supervised Adaptation of High-Fidelity Face Models for Monocular Performance Tracking,[singleton] data-capture and face modeling techniques,data-capture and face modeling techniques,1
203,Self-Supervised Adaptation of High-Fidelity Face Models for Monocular Performance Tracking,[singleton] 3D meshes,3D meshes,1
203,Self-Supervised Adaptation of High-Fidelity Face Models for Monocular Performance Tracking,[singleton] unwrapped textures,unwrapped textures,1
203,Self-Supervised Adaptation of High-Fidelity Face Models for Monocular Performance Tracking,[singleton] clean input data,clean input data,1
203,Self-Supervised Adaptation of High-Fidelity Face Models for Monocular Performance Tracking,[singleton] controlled lab environments,controlled lab environments,1
203,Self-Supervised Adaptation of High-Fidelity Face Models for Monocular Performance Tracking,[singleton] data collected in the wild,data collected in the wild,1
203,Self-Supervised Adaptation of High-Fidelity Face Models for Monocular Performance Tracking,[singleton] a new network,a new network,1
203,Self-Supervised Adaptation of High-Fidelity Face Models for Monocular Performance Tracking,[singleton] a face model,a face model,1
203,Self-Supervised Adaptation of High-Fidelity Face Models for Monocular Performance Tracking,[singleton] a single 2D image,a single 2D image,1
203,Self-Supervised Adaptation of High-Fidelity Face Models for Monocular Performance Tracking,[singleton] the domain mismatch between lab and uncontrolled environments,the domain mismatch between lab and uncontrolled environments,1
203,Self-Supervised Adaptation of High-Fidelity Face Models for Monocular Performance Tracking,[singleton] consecutive frame texture consistency,consecutive frame texture consistency,1
203,Self-Supervised Adaptation of High-Fidelity Face Models for Monocular Performance Tracking,[singleton] the appearance of the face,the appearance of the face,1
203,Self-Supervised Adaptation of High-Fidelity Face Models for Monocular Performance Tracking,[singleton] the new environment,the new environment,1
203,Self-Supervised Adaptation of High-Fidelity Face Models for Monocular Performance Tracking,[singleton] lighting,lighting,1
203,Self-Supervised Adaptation of High-Fidelity Face Models for Monocular Performance Tracking,[singleton] background,background,1
203,Self-Supervised Adaptation of High-Fidelity Face Models for Monocular Performance Tracking,[singleton] a high-fidelity face model,a high-fidelity face model,1
203,Self-Supervised Adaptation of High-Fidelity Face Models for Monocular Performance Tracking,[singleton] complex facial motion,complex facial motion,1
203,Self-Supervised Adaptation of High-Fidelity Face Models for Monocular Performance Tracking,[singleton] a cellphone camera,a cellphone camera,1
203,Self-Supervised Adaptation of High-Fidelity Face Models for Monocular Performance Tracking,[singleton] any labeled data,any labeled data,1
203,Self-Supervised Adaptation of High-Fidelity Face Models for Monocular Performance Tracking,[singleton] the new domain,the new domain,1
203,Self-Supervised Adaptation of High-Fidelity Face Models for Monocular Performance Tracking,[self-reference],us; we; Our; we; we,5
204,Adapting In-Domain Few-Shot Segmentation to New Domains without Source Domain Retraining,Cross-domain few-shot segmentation,Cross-domain few-shot segmentation; which is often challenging,2
204,Adapting In-Domain Few-Shot Segmentation to New Domains without Source Domain Retraining,target domains,target domains; target domains,2
204,Adapting In-Domain Few-Shot Segmentation to New Domains without Source Domain Retraining,new domains,new domains; new domains,2
204,Adapting In-Domain Few-Shot Segmentation to New Domains without Source Domain Retraining,Most CD-FSS methods,Most CD-FSS methods; which are effective but costly to train,2
204,Adapting In-Domain Few-Shot Segmentation to New Domains without Source Domain Retraining,in-domain FSS models,in-domain FSS models; the well-trained FSS model; existing well-trained in-domain FSS models,3
204,Adapting In-Domain Few-Shot Segmentation to New Domains without Source Domain Retraining,informative model structures,informative model structures; the selected informative model structures,2
204,Adapting In-Domain Few-Shot Segmentation to New Domains without Source Domain Retraining,Informative Structure Adaptation method,The resulting Informative Structure Adaptation method; our method,2
204,Adapting In-Domain Few-Shot Segmentation to New Domains without Source Domain Retraining,[singleton] novel classes,novel classes,1
204,Adapting In-Domain Few-Shot Segmentation to New Domains without Source Domain Retraining,[singleton] the limited availability of support data,the limited availability of support data,1
204,Adapting In-Domain Few-Shot Segmentation to New Domains without Source Domain Retraining,[singleton] the source domain,the source domain,1
204,Adapting In-Domain Few-Shot Segmentation to New Domains without Source Domain Retraining,[singleton] source domain retraining,source domain retraining,1
204,Adapting In-Domain Few-Shot Segmentation to New Domains without Source Domain Retraining,[singleton] domain-specific model structures,domain-specific model structures,1
204,Adapting In-Domain Few-Shot Segmentation to New Domains without Source Domain Retraining,[singleton] few-shot labeled support samples,few-shot labeled support samples,1
204,Adapting In-Domain Few-Shot Segmentation to New Domains without Source Domain Retraining,[singleton] a novel structure Fisher score,a novel structure Fisher score,1
204,Adapting In-Domain Few-Shot Segmentation to New Domains without Source Domain Retraining,[singleton] hierarchically constructed training samples,hierarchically constructed training samples,1
204,Adapting In-Domain Few-Shot Segmentation to New Domains without Source Domain Retraining,[singleton] domain shifts,domain shifts,1
204,Adapting In-Domain Few-Shot Segmentation to New Domains without Source Domain Retraining,[singleton] flexible adaptation capabilities,flexible adaptation capabilities,1
204,Adapting In-Domain Few-Shot Segmentation to New Domains without Source Domain Retraining,[singleton] CD-FSS models,CD-FSS models,1
204,Adapting In-Domain Few-Shot Segmentation to New Domains without Source Domain Retraining,[singleton] Extensive experiments,Extensive experiments,1
204,Adapting In-Domain Few-Shot Segmentation to New Domains without Source Domain Retraining,[singleton] multiple CD-FSS benchmarks,multiple CD-FSS benchmarks,1
204,Adapting In-Domain Few-Shot Segmentation to New Domains without Source Domain Retraining,[self-reference],we; we; we,3
205,COCA: Classifier-Oriented Calibration via Textual Prototype for Source-Free Universal Domain Adaptation,SF-UniDA methods,source-free UniDA; SF-UniDA methods; existing SF-UniDA methods,3
205,COCA: Classifier-Oriented Calibration via Textual Prototype for Source-Free Universal Domain Adaptation,COCA,"a novel plug-and-play classifier-oriented calibration method; COCA, which exploits textual prototypes,; It; COCA is a new paradigm; COCA outperforms",5
205,COCA: Classifier-Oriented Calibration via Textual Prototype for Source-Free Universal Domain Adaptation,source model,a source model; the source models,2
205,COCA: Classifier-Oriented Calibration via Textual Prototype for Source-Free Universal Domain Adaptation,vision-language models,vision-language models; VLMs,2
205,COCA: Classifier-Oriented Calibration via Textual Prototype for Source-Free Universal Domain Adaptation,VLM-powered few-shot learners,the VLM-powered few-shot learners; which are built for closed-set classification,2
205,COCA: Classifier-Oriented Calibration via Textual Prototype for Source-Free Universal Domain Adaptation,[singleton] Universal domain adaptation,Universal domain adaptation,1
205,COCA: Classifier-Oriented Calibration via Textual Prototype for Source-Free Universal Domain Adaptation,[singleton] source samples,source samples,1
205,COCA: Classifier-Oriented Calibration via Textual Prototype for Source-Free Universal Domain Adaptation,[singleton] the target domain,the target domain,1
205,COCA: Classifier-Oriented Calibration via Textual Prototype for Source-Free Universal Domain Adaptation,[singleton] an extensive quantity of labeled source samples,an extensive quantity of labeled source samples,1
205,COCA: Classifier-Oriented Calibration via Textual Prototype for Source-Free Universal Domain Adaptation,[singleton] few-shot learning,few-shot learning,1
205,COCA: Classifier-Oriented Calibration via Textual Prototype for Source-Free Universal Domain Adaptation,[singleton] the unknown-aware ability,the unknown-aware ability,1
205,COCA: Classifier-Oriented Calibration via Textual Prototype for Source-Free Universal Domain Adaptation,[singleton] common and unknown classes,common and unknown classes,1
205,COCA: Classifier-Oriented Calibration via Textual Prototype for Source-Free Universal Domain Adaptation,[singleton] the SF-UniDA scenario,the SF-UniDA scenario,1
205,COCA: Classifier-Oriented Calibration via Textual Prototype for Source-Free Universal Domain Adaptation,[singleton] image encoder optimization,image encoder optimization,1
205,COCA: Classifier-Oriented Calibration via Textual Prototype for Source-Free Universal Domain Adaptation,[singleton] state-of-the-art UniDA and SF-UniDA models,state-of-the-art UniDA and SF-UniDA models,1
205,COCA: Classifier-Oriented Calibration via Textual Prototype for Source-Free Universal Domain Adaptation,[self-reference],we,1
206,A contribution to Optimal Transport on incomparable spaces,Optimal Transport,Optimal Transport; a theory; this theory; Optimal Transport; it,5
206,A contribution to Optimal Transport on incomparable spaces,This thesis,This thesis; This thesis,2
206,A contribution to Optimal Transport on incomparable spaces,incomparable spaces,incomparable spaces; incomparable spaces,2
206,A contribution to Optimal Transport on incomparable spaces,a set of Optimal Transport tools,a set of Optimal Transport tools; the various proposed tools; them; their,4
206,A contribution to Optimal Transport on incomparable spaces,the Gromov-Wasserstein distance,the Gromov-Wasserstein distance; whose,2
206,A contribution to Optimal Transport on incomparable spaces,[singleton] probability distributions,probability distributions,1
206,A contribution to Optimal Transport on incomparable spaces,[singleton] sets of points,sets of points,1
206,A contribution to Optimal Transport on incomparable spaces,[singleton] Many machine learning applications,Many machine learning applications,1
206,A contribution to Optimal Transport on incomparable spaces,[singleton] graphs,graphs,1
206,A contribution to Optimal Transport on incomparable spaces,[singleton] structured data,structured data,1
206,A contribution to Optimal Transport on incomparable spaces,[singleton] the same metric space,the same metric space,1
206,A contribution to Optimal Transport on incomparable spaces,[singleton] these different cases,these different cases,1
206,A contribution to Optimal Transport on incomparable spaces,[singleton] interesting transport problems,interesting transport problems,1
206,A contribution to Optimal Transport on incomparable spaces,[singleton] classification,classification,1
206,A contribution to Optimal Transport on incomparable spaces,[singleton] simplification,simplification,1
206,A contribution to Optimal Transport on incomparable spaces,[singleton] partitioning of structured data,partitioning of structured data,1
206,A contribution to Optimal Transport on incomparable spaces,[singleton] heterogeneous domain adaptation,heterogeneous domain adaptation,1
206,A contribution to Optimal Transport on incomparable spaces,[self-reference],we; we; we; we,4
207,Research on an improved Conformer end-to-end Speech Recognition Model with R-Drop Structure,Conformer-R model,This model; the model; the model s ability; The model; the Conformer-R model,5
207,Research on an improved Conformer end-to-end Speech Recognition Model with R-Drop Structure,R-drop structure,the R-drop structure; the R-drop structure; the R-drop structure,3
207,Research on an improved Conformer end-to-end Speech Recognition Model with R-Drop Structure,Conformer model,the Conformer model; which,2
207,Research on an improved Conformer end-to-end Speech Recognition Model with R-Drop Structure,[singleton] end-to-end speech recognition models,end-to-end speech recognition models,1
207,Research on an improved Conformer end-to-end Speech Recognition Model with R-Drop Structure,[singleton] deep learning,deep learning,1
207,Research on an improved Conformer end-to-end Speech Recognition Model with R-Drop Structure,[singleton] this study,this study,1
207,Research on an improved Conformer end-to-end Speech Recognition Model with R-Drop Structure,[singleton] the Aishell1 and Wenetspeech datasets,the Aishell1 and Wenetspeech datasets,1
207,Research on an improved Conformer end-to-end Speech Recognition Model with R-Drop Structure,[singleton] computer-related audio data,computer-related audio data,1
207,Research on an improved Conformer end-to-end Speech Recognition Model with R-Drop Structure,[singleton] LAS,LAS,1
207,Research on an improved Conformer end-to-end Speech Recognition Model with R-Drop Structure,[singleton] Wenet,Wenet,1
207,Research on an improved Conformer end-to-end Speech Recognition Model with R-Drop Structure,[singleton] the same test set,the same test set,1
208,CASUAL: Conditional Support Alignment for Domain Adaptation with Label Shift,Unsupervised domain adaptation,Unsupervised domain adaptation; a domain adaptation framework in which a learning model is trained based on the labeled samples on the source domain and unlabeled ones in the target domain,2
208,CASUAL: Conditional Support Alignment for Domain Adaptation with Label Shift,Conditional Adversarial SUpport ALignment (CASUAL),a novel Conditional Adversarial SUpport ALignment; whose; CASUAL,3
208,CASUAL: Conditional Support Alignment for Domain Adaptation with Label Shift,novel theoretical target risk bound,a novel theoretical target risk bound; which; the proposed target risk bound,3
208,CASUAL: Conditional Support Alignment for Domain Adaptation with Label Shift,[singleton] the classical covariate shift assumption,the classical covariate shift assumption,1
208,CASUAL: Conditional Support Alignment for Domain Adaptation with Label Shift,[singleton] domain-invariant feature representation,domain-invariant feature representation,1
208,CASUAL: Conditional Support Alignment for Domain Adaptation with Label Shift,[singleton] label distribution shift,label distribution shift,1
208,CASUAL: Conditional Support Alignment for Domain Adaptation with Label Shift,[singleton] the conditional symmetric support divergence,the conditional symmetric support divergence,1
208,CASUAL: Conditional Support Alignment for Domain Adaptation with Label Shift,[singleton] the classification task,the classification task,1
208,CASUAL: Conditional Support Alignment for Domain Adaptation with Label Shift,[singleton] the existing marginal support alignment approach,the existing marginal support alignment approach,1
208,CASUAL: Conditional Support Alignment for Domain Adaptation with Label Shift,[singleton] the UDA settings,the UDA settings,1
208,CASUAL: Conditional Support Alignment for Domain Adaptation with Label Shift,[singleton] the objective optimization functions,the objective optimization functions,1
208,CASUAL: Conditional Support Alignment for Domain Adaptation with Label Shift,[singleton] Our empirical results,Our empirical results,1
208,CASUAL: Conditional Support Alignment for Domain Adaptation with Label Shift,[singleton] other state-of-the-art methods,other state-of-the-art methods,1
208,CASUAL: Conditional Support Alignment for Domain Adaptation with Label Shift,[singleton] different UDA benchmark tasks,different UDA benchmark tasks,1
208,CASUAL: Conditional Support Alignment for Domain Adaptation with Label Shift,[self-reference],we; We; We; Our,4
209,Revisiting Adaptive Cellular Recognition Under Domain Shifts: A Contextual Correspondence View,prior domain adaptation methods,the latest efforts leveraging domain adaptation; those methods,2
209,Revisiting Adaptive Cellular Recognition Under Domain Shifts: A Contextual Correspondence View,implicit correspondences across biological contexts,implicit correspondences across biological contexts; those high-level correspondences; them,3
209,Revisiting Adaptive Cellular Recognition Under Domain Shifts: A Contextual Correspondence View,[singleton] Cellular nuclei recognition,Cellular nuclei recognition,1
209,Revisiting Adaptive Cellular Recognition Under Domain Shifts: A Contextual Correspondence View,[singleton] digital pathology,digital pathology,1
209,Revisiting Adaptive Cellular Recognition Under Domain Shifts: A Contextual Correspondence View,[singleton] histology image clusters,histology image clusters,1
209,Revisiting Adaptive Cellular Recognition Under Domain Shifts: A Contextual Correspondence View,[singleton] the scanned tiles,the scanned tiles,1
209,Revisiting Adaptive Cellular Recognition Under Domain Shifts: A Contextual Correspondence View,[singleton] a non-uniform data distribution,a non-uniform data distribution,1
209,Revisiting Adaptive Cellular Recognition Under Domain Shifts: A Contextual Correspondence View,[singleton] the morphological characteristics of each cell,the morphological characteristics of each cell,1
209,Revisiting Adaptive Cellular Recognition Under Domain Shifts: A Contextual Correspondence View,[singleton] the hierarchical latent structure,the hierarchical latent structure,1
209,Revisiting Adaptive Cellular Recognition Under Domain Shifts: A Contextual Correspondence View,[singleton] intrinsic contextual correspondences across the tumor micro-environment,intrinsic contextual correspondences across the tumor micro-environment,1
209,Revisiting Adaptive Cellular Recognition Under Domain Shifts: A Contextual Correspondence View,[singleton] unsupervised contextual modeling,unsupervised contextual modeling,1
209,Revisiting Adaptive Cellular Recognition Under Domain Shifts: A Contextual Correspondence View,[singleton] self-adaptive dynamic distillation,self-adaptive dynamic distillation,1
209,Revisiting Adaptive Cellular Recognition Under Domain Shifts: A Contextual Correspondence View,[singleton] nuclear communities,nuclear communities,1
209,Revisiting Adaptive Cellular Recognition Under Domain Shifts: A Contextual Correspondence View,[singleton] The proposed method,The proposed method,1
209,Revisiting Adaptive Cellular Recognition Under Domain Shifts: A Contextual Correspondence View,[singleton] the state-of-the-art methods,the state-of-the-art methods,1
209,Revisiting Adaptive Cellular Recognition Under Domain Shifts: A Contextual Correspondence View,[self-reference],we; we; we,3
210,Significance-aware Information Bottleneck for Domain Adaptive Semantic Segmentation,SIBAN,The new network structure; the proposed method; SIBAN,3
210,Significance-aware Information Bottleneck for Domain Adaptive Semantic Segmentation,state-of-the-art output-space methods,the state-of-the-art output-space methods; the latter,2
210,Significance-aware Information Bottleneck for Domain Adaptive Semantic Segmentation,[singleton] unsupervised domain adaptation problems,unsupervised domain adaptation problems,1
210,Significance-aware Information Bottleneck for Domain Adaptive Semantic Segmentation,[singleton] the two domains,the two domains,1
210,Significance-aware Information Bottleneck for Domain Adaptive Semantic Segmentation,[singleton] latent feature space,latent feature space,1
210,Significance-aware Information Bottleneck for Domain Adaptive Semantic Segmentation,[singleton] adversarial learning,adversarial learning,1
210,Significance-aware Information Bottleneck for Domain Adaptive Semantic Segmentation,[singleton] image classification,image classification,1
210,Significance-aware Information Bottleneck for Domain Adaptive Semantic Segmentation,[singleton] semantic segmentation tasks,semantic segmentation tasks,1
210,Significance-aware Information Bottleneck for Domain Adaptive Semantic Segmentation,[singleton] the adversarial network,the adversarial network,1
210,Significance-aware Information Bottleneck for Domain Adaptive Semantic Segmentation,[singleton] a significance-aware information bottleneck,a significance-aware information bottleneck,1
210,Significance-aware Information Bottleneck for Domain Adaptive Semantic Segmentation,[singleton] a significance-aware feature purification,a significance-aware feature purification,1
210,Significance-aware Information Bottleneck for Domain Adaptive Semantic Segmentation,[singleton] the adversarial adaptation,the adversarial adaptation,1
210,Significance-aware Information Bottleneck for Domain Adaptive Semantic Segmentation,[singleton] the feature alignment,the feature alignment,1
210,Significance-aware Information Bottleneck for Domain Adaptive Semantic Segmentation,[singleton] the adversarial training course,the adversarial training course,1
210,Significance-aware Information Bottleneck for Domain Adaptive Semantic Segmentation,[singleton] GTA5 -> Cityscapes,GTA5 -> Cityscapes,1
210,Significance-aware Information Bottleneck for Domain Adaptive Semantic Segmentation,[singleton] SYNTHIA -> Cityscapes,SYNTHIA -> Cityscapes,1
210,Significance-aware Information Bottleneck for Domain Adaptive Semantic Segmentation,[singleton] other feature-space alternatives,other feature-space alternatives,1
210,Significance-aware Information Bottleneck for Domain Adaptive Semantic Segmentation,[singleton] segmentation accuracy,segmentation accuracy,1
210,Significance-aware Information Bottleneck for Domain Adaptive Semantic Segmentation,[singleton] domain adaptive segmentation task,domain adaptive segmentation task,1
210,Significance-aware Information Bottleneck for Domain Adaptive Semantic Segmentation,[self-reference],we; we,2
211,FLAME: Adaptive Mixture-of-Experts for Continual Multimodal Multi-Task Learning,the proposed MoE framework,a scalable MoE framework for multitask pretraining and continual learning across flexible modality combinations; The framework; it; our method; It,5
211,FLAME: Adaptive Mixture-of-Experts for Continual Multimodal Multi-Task Learning,Sparse Mixture-of-Experts,Sparse Mixture-of-Experts; a natural fit for this dual requirement,2
211,FLAME: Adaptive Mixture-of-Experts for Continual Multimodal Multi-Task Learning,modality-specific routers,modality-specific routers; the lightweight routers,2
211,FLAME: Adaptive Mixture-of-Experts for Continual Multimodal Multi-Task Learning,[singleton] multi-task pretraining,multi-task pretraining,1
211,FLAME: Adaptive Mixture-of-Experts for Continual Multimodal Multi-Task Learning,[singleton] continual adaptation,continual adaptation,1
211,FLAME: Adaptive Mixture-of-Experts for Continual Multimodal Multi-Task Learning,[singleton] the pretraining task set,the pretraining task set,1
211,FLAME: Adaptive Mixture-of-Experts for Continual Multimodal Multi-Task Learning,[singleton] sparse activation,sparse activation,1
211,FLAME: Adaptive Mixture-of-Experts for Continual Multimodal Multi-Task Learning,[singleton] a fixed-capacity MoE,a fixed-capacity MoE,1
211,FLAME: Adaptive Mixture-of-Experts for Continual Multimodal Multi-Task Learning,[singleton] accumulated expert knowledge,accumulated expert knowledge,1
211,FLAME: Adaptive Mixture-of-Experts for Continual Multimodal Multi-Task Learning,[singleton] low-rank memory subspaces,low-rank memory subspaces,1
211,FLAME: Adaptive Mixture-of-Experts for Continual Multimodal Multi-Task Learning,[singleton] multiple healthcare multimodal benchmarks,multiple healthcare multimodal benchmarks,1
211,FLAME: Adaptive Mixture-of-Experts for Continual Multimodal Multi-Task Learning,[singleton] catastrophic forgetting,catastrophic forgetting,1
211,FLAME: Adaptive Mixture-of-Experts for Continual Multimodal Multi-Task Learning,[singleton] parameter efficiency,parameter efficiency,1
211,FLAME: Adaptive Mixture-of-Experts for Continual Multimodal Multi-Task Learning,[self-reference],we; our; We,3
212,Associate-3Ddet: Perceptual-to-Conceptual Association for 3D Point Cloud Object Detection,the proposed domain adaptation like approach,a domain adaptation like approach; This domain adaptation approach; our simple yet effective approach,3
212,Associate-3Ddet: Perceptual-to-Conceptual Association for 3D Point Cloud Object Detection,the feature representation,robust feature representation; the feature representation,2
212,Associate-3Ddet: Perceptual-to-Conceptual Association for 3D Point Cloud Object Detection,[singleton] Object detection from 3D point clouds,Object detection from 3D point clouds,1
212,Associate-3Ddet: Perceptual-to-Conceptual Association for 3D Point Cloud Object Detection,[singleton] the deep learning techniques,the deep learning techniques,1
212,Associate-3Ddet: Perceptual-to-Conceptual Association for 3D Point Cloud Object Detection,[singleton] point cloud data,point cloud data,1
212,Associate-3Ddet: Perceptual-to-Conceptual Association for 3D Point Cloud Object Detection,[singleton] a 3D object detection method,a 3D object detection method,1
212,Associate-3Ddet: Perceptual-to-Conceptual Association for 3D Point Cloud Object Detection,[singleton] the perceptual domain,the perceptual domain,1
212,Associate-3Ddet: Perceptual-to-Conceptual Association for 3D Point Cloud Object Detection,[singleton] a real scene,a real scene,1
212,Associate-3Ddet: Perceptual-to-Conceptual Association for 3D Point Cloud Object Detection,[singleton] the conceptual domain,the conceptual domain,1
212,Associate-3Ddet: Perceptual-to-Conceptual Association for 3D Point Cloud Object Detection,[singleton] an augmented scene consisting of non-occlusion point cloud rich of detailed information,an augmented scene consisting of non-occlusion point cloud rich of detailed information,1
212,Associate-3Ddet: Perceptual-to-Conceptual Association for 3D Point Cloud Object Detection,[singleton] the human brain,the human brain,1
212,Associate-3Ddet: Perceptual-to-Conceptual Association for 3D Point Cloud Object Detection,[singleton] Extensive experiments,Extensive experiments,1
212,Associate-3Ddet: Perceptual-to-Conceptual Association for 3D Point Cloud Object Detection,[singleton] 3D point cloud object detection,3D point cloud object detection,1
212,Associate-3Ddet: Perceptual-to-Conceptual Association for 3D Point Cloud Object Detection,[singleton] the state-of-the-art results,the state-of-the-art results,1
212,Associate-3Ddet: Perceptual-to-Conceptual Association for 3D Point Cloud Object Detection,[self-reference],we; we; our,3
213,DALI: Domain Adaptive LiDAR Object Detection via Distribution-level and Instance-level Pseudo Label Denoising,unsupervised domain adaptation (UDA),unsupervised domain adaptation; UDA,2
213,DALI: Domain Adaptive LiDAR Object Detection via Distribution-level and Instance-level Pseudo Label Denoising,pseudo labels,these pseudo labels; pseudo labels; pseudo labels,3
213,DALI: Domain Adaptive LiDAR Object Detection via Distribution-level and Instance-level Pseudo Label Denoising,DALI framework,the Domain Adaptive LIdar object detection framework; our method; the proposed DALI framework,3
213,DALI: Domain Adaptive LiDAR Object Detection via Distribution-level and Instance-level Pseudo Label Denoising,pseudo point clouds,two pseudo point clouds generation strategies; pseudo point clouds,2
213,DALI: Domain Adaptive LiDAR Object Detection via Distribution-level and Instance-level Pseudo Label Denoising,[singleton] LiDAR point clouds,LiDAR point clouds,1
213,DALI: Domain Adaptive LiDAR Object Detection via Distribution-level and Instance-level Pseudo Label Denoising,[singleton] human-annotated samples,human-annotated samples,1
213,DALI: Domain Adaptive LiDAR Object Detection via Distribution-level and Instance-level Pseudo Label Denoising,[singleton] the underlying detectors deep neural networks,the underlying detectors deep neural networks,1
213,DALI: Domain Adaptive LiDAR Object Detection via Distribution-level and Instance-level Pseudo Label Denoising,[singleton] 3D bounding box annotation,3D bounding box annotation,1
213,DALI: Domain Adaptive LiDAR Object Detection via Distribution-level and Instance-level Pseudo Label Denoising,[singleton] a large-scale dataset,a large-scale dataset,1
213,DALI: Domain Adaptive LiDAR Object Detection via Distribution-level and Instance-level Pseudo Label Denoising,[singleton] a given object detector,a given object detector,1
213,DALI: Domain Adaptive LiDAR Object Detection via Distribution-level and Instance-level Pseudo Label Denoising,[singleton] unlabeled training dataset,unlabeled training dataset,1
213,DALI: Domain Adaptive LiDAR Object Detection via Distribution-level and Instance-level Pseudo Label Denoising,[singleton] labeled source domain data,labeled source domain data,1
213,DALI: Domain Adaptive LiDAR Object Detection via Distribution-level and Instance-level Pseudo Label Denoising,[singleton] the new unlabeled target domain,the new unlabeled target domain,1
213,DALI: Domain Adaptive LiDAR Object Detection via Distribution-level and Instance-level Pseudo Label Denoising,[singleton] Pseudo label strategies,Pseudo label strategies,1
213,DALI: Domain Adaptive LiDAR Object Detection via Distribution-level and Instance-level Pseudo Label Denoising,[singleton] the 3D object detector,the 3D object detector,1
213,DALI: Domain Adaptive LiDAR Object Detection via Distribution-level and Instance-level Pseudo Label Denoising,[singleton] target-domain predicted bounding boxes,target-domain predicted bounding boxes,1
213,DALI: Domain Adaptive LiDAR Object Detection via Distribution-level and Instance-level Pseudo Label Denoising,[singleton] a pre-trained model,a pre-trained model,1
213,DALI: Domain Adaptive LiDAR Object Detection via Distribution-level and Instance-level Pseudo Label Denoising,[singleton] a post-training size normalization strategy,a post-training size normalization strategy,1
213,DALI: Domain Adaptive LiDAR Object Detection via Distribution-level and Instance-level Pseudo Label Denoising,[singleton] pseudo label size distribution,pseudo label size distribution,1
213,DALI: Domain Adaptive LiDAR Object Detection via Distribution-level and Instance-level Pseudo Label Denoising,[singleton] an unbiased scale,an unbiased scale,1
213,DALI: Domain Adaptive LiDAR Object Detection via Distribution-level and Instance-level Pseudo Label Denoising,[singleton] instance-level noise,instance-level noise,1
213,DALI: Domain Adaptive LiDAR Object Detection via Distribution-level and Instance-level Pseudo Label Denoising,[singleton] ray-constrained,ray-constrained,1
213,DALI: Domain Adaptive LiDAR Object Detection via Distribution-level and Instance-level Pseudo Label Denoising,[singleton] constraint-free,constraint-free,1
213,DALI: Domain Adaptive LiDAR Object Detection via Distribution-level and Instance-level Pseudo Label Denoising,[singleton] pseudo points,pseudo points,1
213,DALI: Domain Adaptive LiDAR Object Detection via Distribution-level and Instance-level Pseudo Label Denoising,[singleton] KITTI,KITTI,1
213,DALI: Domain Adaptive LiDAR Object Detection via Distribution-level and Instance-level Pseudo Label Denoising,[singleton] Waymo,Waymo,1
213,DALI: Domain Adaptive LiDAR Object Detection via Distribution-level and Instance-level Pseudo Label Denoising,[singleton] nuScenes,nuScenes,1
213,DALI: Domain Adaptive LiDAR Object Detection via Distribution-level and Instance-level Pseudo Label Denoising,[singleton] domain adaptation tasks,domain adaptation tasks,1
213,DALI: Domain Adaptive LiDAR Object Detection via Distribution-level and Instance-level Pseudo Label Denoising,[self-reference],we; our; We; We,4
214,DA4Event: towards bridging the Sim-to-Real Gap for Event Cameras using Domain Adaptation,Event cameras,Event cameras; novel bio-inspired sensors; they; these sensors; their potential,5
214,DA4Event: towards bridging the Sim-to-Real Gap for Event Cameras using Domain Adaptation,simulated event data,simulated event data; simulated data,2
214,DA4Event: towards bridging the Sim-to-Real Gap for Event Cameras using Domain Adaptation,the approach of leveraging simulated event data,The most common approach implemented by researchers to address this issue; this approach,2
214,DA4Event: towards bridging the Sim-to-Real Gap for Event Cameras using Domain Adaptation,Domain Adaptation techniques,recent Domain Adaptation advances in traditional computer vision; DA techniques; DA methods,3
214,DA4Event: towards bridging the Sim-to-Real Gap for Event Cameras using Domain Adaptation,Multi-View DA4E,a novel architecture; Multi-View DA4E; MV-DA4E,3
214,DA4Event: towards bridging the Sim-to-Real Gap for Event Cameras using Domain Adaptation,RGB-D Object Dataset,the popular RGB-D Object Dataset; which,2
214,DA4Event: towards bridging the Sim-to-Real Gap for Event Cameras using Domain Adaptation,[singleton] events,events,1
214,DA4Event: towards bridging the Sim-to-Real Gap for Event Cameras using Domain Adaptation,[singleton] standard devices,standard devices,1
214,DA4Event: towards bridging the Sim-to-Real Gap for Event Cameras using Domain Adaptation,[singleton] training data,training data,1
214,DA4Event: towards bridging the Sim-to-Real Gap for Event Cameras using Domain Adaptation,[singleton] event data,event data,1
214,DA4Event: towards bridging the Sim-to-Real Gap for Event Cameras using Domain Adaptation,[singleton] the sim-to-real gap,the sim-to-real gap,1
214,DA4Event: towards bridging the Sim-to-Real Gap for Event Cameras using Domain Adaptation,[singleton] frame based event representations,frame based event representations,1
214,DA4Event: towards bridging the Sim-to-Real Gap for Event Cameras using Domain Adaptation,[singleton] domain invariant characteristics in features,domain invariant characteristics in features,1
214,DA4Event: towards bridging the Sim-to-Real Gap for Event Cameras using Domain Adaptation,[singleton] N-Caltech101,N-Caltech101,1
214,DA4Event: towards bridging the Sim-to-Real Gap for Event Cameras using Domain Adaptation,[singleton] a cross-domain analysis,a cross-domain analysis,1
214,DA4Event: towards bridging the Sim-to-Real Gap for Event Cameras using Domain Adaptation,[singleton] the event modality (RGB-E),the event modality (RGB-E),1
214,DA4Event: towards bridging the Sim-to-Real Gap for Event Cameras using Domain Adaptation,[self-reference],we; we; we; we; we; we,6
215,ESL: Entropy-guided Self-supervised Learning for Domain Adaptation in Semantic Segmentation,models for urban scene semantic segmentation,good models for urban scene semantic segmentation; these models,2
215,ESL: Entropy-guided Self-supervised Learning for Domain Adaptation in Semantic Segmentation,Unsupervised domain adaptation (UDA),Unsupervised domain adaptation; UDA,2
215,ESL: Entropy-guided Self-supervised Learning for Domain Adaptation in Semantic Segmentation,self-supervised learning for UDA,self-supervised learning; such methods,2
215,ESL: Entropy-guided Self-supervised Learning for Domain Adaptation in Semantic Segmentation,pseudo-labeling,"`pseudo-labeling; the practice of assigning high-confident class predictions as pseudo-labels, subsequently used as true labels, for target data",2
215,ESL: Entropy-guided Self-supervised Learning for Domain Adaptation in Semantic Segmentation,the highest softmax score,the highest softmax score; which,2
215,ESL: Entropy-guided Self-supervised Learning for Domain Adaptation in Semantic Segmentation,Entropy-guided Self-supervised Learning (ESL),Entropy-guided Self-supervised Learning; ESL,2
215,ESL: Entropy-guided Self-supervised Learning for Domain Adaptation in Semantic Segmentation,[singleton] fully-supervised deep learning,fully-supervised deep learning,1
215,ESL: Entropy-guided Self-supervised Learning for Domain Adaptation in Semantic Segmentation,[singleton] the extensive pixel-level annotations,the extensive pixel-level annotations,1
215,ESL: Entropy-guided Self-supervised Learning for Domain Adaptation in Semantic Segmentation,[singleton] entropy,entropy,1
215,ESL: Entropy-guided Self-supervised Learning for Domain Adaptation in Semantic Segmentation,[singleton] the confidence indicator,the confidence indicator,1
215,ESL: Entropy-guided Self-supervised Learning for Domain Adaptation in Semantic Segmentation,[singleton] more accurate pseudo-labels,more accurate pseudo-labels,1
215,ESL: Entropy-guided Self-supervised Learning for Domain Adaptation in Semantic Segmentation,[singleton] different UDA benchmarks,different UDA benchmarks,1
215,ESL: Entropy-guided Self-supervised Learning for Domain Adaptation in Semantic Segmentation,[singleton] strong SSL baselines,strong SSL baselines,1
215,ESL: Entropy-guided Self-supervised Learning for Domain Adaptation in Semantic Segmentation,[singleton] state-of-the-art results,state-of-the-art results,1
215,ESL: Entropy-guided Self-supervised Learning for Domain Adaptation in Semantic Segmentation,[self-reference],we; we,2
216,Multi-Prompt Progressive Alignment for Multi-Source Unsupervised Domain Adaptation,CLIP,CLIP; CLIP; CLIP,3
216,Multi-Prompt Progressive Alignment for Multi-Source Unsupervised Domain Adaptation,State-of-the-art methods,State-of-the-art methods; these methods,2
216,Multi-Prompt Progressive Alignment for Multi-Source Unsupervised Domain Adaptation,MP^2A (progressive alignment strategy),a progressive alignment strategy; Our method; it; This progressive approach; our approach; MP^2A; it; MP^2A; our approach,9
216,Multi-Prompt Progressive Alignment for Multi-Source Unsupervised Domain Adaptation,the model being adapted,the model; it; the model; its,4
216,Multi-Prompt Progressive Alignment for Multi-Source Unsupervised Domain Adaptation,[singleton] Large Vision-Language Models,Large Vision-Language Models,1
216,Multi-Prompt Progressive Alignment for Multi-Source Unsupervised Domain Adaptation,[singleton] Unsupervised Domain Adaptation,Unsupervised Domain Adaptation,1
216,Multi-Prompt Progressive Alignment for Multi-Source Unsupervised Domain Adaptation,[singleton] strong zero-shot generalization,strong zero-shot generalization,1
216,Multi-Prompt Progressive Alignment for Multi-Source Unsupervised Domain Adaptation,[singleton] pseudo-labels,pseudo-labels,1
216,Multi-Prompt Progressive Alignment for Multi-Source Unsupervised Domain Adaptation,[singleton] the target domain,the target domain,1
216,Multi-Prompt Progressive Alignment for Multi-Source Unsupervised Domain Adaptation,[singleton] domain-invariant features,domain-invariant features,1
216,Multi-Prompt Progressive Alignment for Multi-Source Unsupervised Domain Adaptation,[singleton] This one-shot alignment,This one-shot alignment,1
216,Multi-Prompt Progressive Alignment for Multi-Source Unsupervised Domain Adaptation,[singleton] the multi-source scenario,the multi-source scenario,1
216,Multi-Prompt Progressive Alignment for Multi-Source Unsupervised Domain Adaptation,[singleton] multiple source domains,multiple source domains,1
216,Multi-Prompt Progressive Alignment for Multi-Source Unsupervised Domain Adaptation,[singleton] a high-confidence subset of target samples,a high-confidence subset of target samples,1
216,Multi-Prompt Progressive Alignment for Multi-Source Unsupervised Domain Adaptation,[singleton] initial label noise,initial label noise,1
216,Multi-Prompt Progressive Alignment for Multi-Source Unsupervised Domain Adaptation,[singleton] confirmation bias,confirmation bias,1
216,Multi-Prompt Progressive Alignment for Multi-Source Unsupervised Domain Adaptation,[singleton] three popular UDA benchmarks,three popular UDA benchmarks,1
216,Multi-Prompt Progressive Alignment for Multi-Source Unsupervised Domain Adaptation,[singleton] ImageCLEF,ImageCLEF,1
216,Multi-Prompt Progressive Alignment for Multi-Source Unsupervised Domain Adaptation,[singleton] Office-Home,Office-Home,1
216,Multi-Prompt Progressive Alignment for Multi-Source Unsupervised Domain Adaptation,[singleton] DomainNet,DomainNet,1
216,Multi-Prompt Progressive Alignment for Multi-Source Unsupervised Domain Adaptation,[singleton] CLIP based MS-UDA approaches,CLIP based MS-UDA approaches,1
216,Multi-Prompt Progressive Alignment for Multi-Source Unsupervised Domain Adaptation,[self-reference],we; We,2
217,Domain Adaptation for Named Entity Recognition in Online Media with Word Embeddings,Content on the Internet,Content on the Internet; such content,2
217,Domain Adaptation for Named Entity Recognition in Online Media with Word Embeddings,Named Entity Recognition systems,Named Entity Recognition systems; these models,2
217,Domain Adaptation for Named Entity Recognition in Online Media with Word Embeddings,domain specific semantics/knowledge,domain specific semantics of word usage; such domain specific knowledge,2
217,Domain Adaptation for Named Entity Recognition in Online Media with Word Embeddings,[singleton] named entities,named entities,1
217,Domain Adaptation for Named Entity Recognition in Online Media with Word Embeddings,[singleton] available annotated datasets,available annotated datasets,1
217,Domain Adaptation for Named Entity Recognition in Online Media with Word Embeddings,[singleton] robust Named Entity Recognition models,robust Named Entity Recognition models,1
217,Domain Adaptation for Named Entity Recognition in Online Media with Word Embeddings,[singleton] annotated labeled data,annotated labeled data,1
217,Domain Adaptation for Named Entity Recognition in Online Media with Word Embeddings,[singleton] models learned on domains where large amounts of annotated training data are available,models learned on domains where large amounts of annotated training data are available,1
217,Domain Adaptation for Named Entity Recognition in Online Media with Word Embeddings,[singleton] models learned on one domain,models learned on one domain,1
217,Domain Adaptation for Named Entity Recognition in Online Media with Word Embeddings,[singleton] distributed word representations,distributed word representations,1
217,Domain Adaptation for Named Entity Recognition in Online Media with Word Embeddings,[singleton] the linguistic variation present across domains,the linguistic variation present across domains,1
217,Domain Adaptation for Named Entity Recognition in Online Media with Word Embeddings,[singleton] key linguistic insights,key linguistic insights,1
217,Domain Adaptation for Named Entity Recognition in Online Media with Word Embeddings,[singleton] global semantics,global semantics,1
217,Domain Adaptation for Named Entity Recognition in Online Media with Word Embeddings,[singleton] NER models,NER models,1
217,Domain Adaptation for Named Entity Recognition in Online Media with Word Embeddings,[singleton] previous baselines,previous baselines,1
217,Domain Adaptation for Named Entity Recognition in Online Media with Word Embeddings,[singleton] the domain adaptation setting,the domain adaptation setting,1
217,Domain Adaptation for Named Entity Recognition in Online Media with Word Embeddings,[self-reference],we; we; We; We,4
218,Inference-Time Toxicity Mitigation in Protein Language Models,Protein language models (PLMs),Protein language models; their; PLMs,3
218,Inference-Time Toxicity Mitigation in Protein Language Models,Logit Diff Amplification (LDA),Logit Diff Amplification; LDA modifies; LDA consistently reduces; LDA maintains; LDA provides,5
218,Inference-Time Toxicity Mitigation in Protein Language Models,[singleton] de novo protein design,de novo protein design,1
218,Inference-Time Toxicity Mitigation in Protein Language Models,[singleton] domain adaptation to specific taxonomic groups,domain adaptation to specific taxonomic groups,1
218,Inference-Time Toxicity Mitigation in Protein Language Models,[singleton] toxic protein generation,toxic protein generation,1
218,Inference-Time Toxicity Mitigation in Protein Language Models,[singleton] an inference-time control mechanism,an inference-time control mechanism,1
218,Inference-Time Toxicity Mitigation in Protein Language Models,[singleton] token probabilities,token probabilities,1
218,Inference-Time Toxicity Mitigation in Protein Language Models,[singleton] a baseline model,a baseline model,1
218,Inference-Time Toxicity Mitigation in Protein Language Models,[singleton] a toxicity-finetuned model,a toxicity-finetuned model,1
218,Inference-Time Toxicity Mitigation in Protein Language Models,[singleton] four taxonomic groups,four taxonomic groups,1
218,Inference-Time Toxicity Mitigation in Protein Language Models,[singleton] predicted toxicity rate,predicted toxicity rate,1
218,Inference-Time Toxicity Mitigation in Protein Language Models,[singleton] the taxon-finetuned baseline,the taxon-finetuned baseline,1
218,Inference-Time Toxicity Mitigation in Protein Language Models,[singleton] biological plausibility,biological plausibility,1
218,Inference-Time Toxicity Mitigation in Protein Language Models,[singleton] Frechet ESM Distance,Frechet ESM Distance,1
218,Inference-Time Toxicity Mitigation in Protein Language Models,[singleton] predicted foldability (pLDDT),predicted foldability (pLDDT),1
218,Inference-Time Toxicity Mitigation in Protein Language Models,[singleton] natural proteins,natural proteins,1
218,Inference-Time Toxicity Mitigation in Protein Language Models,[singleton] structural viability,structural viability,1
218,Inference-Time Toxicity Mitigation in Protein Language Models,[singleton] protein generators,protein generators,1
218,Inference-Time Toxicity Mitigation in Protein Language Models,[self-reference],We; we; We; Our,4
219,Parallel Transport on the Cone Manifold of SPD Matrices for Domain Adaptation,the proposed domain adaptation method,a method for domain adaptation using parallel transport on the cone manifold of symmetric positive-definite matrices; the presented method,2
219,Parallel Transport on the Cone Manifold of SPD Matrices for Domain Adaptation,benefits of the presented method,the theoretical guarantees and benefits of the presented method; these benefits,2
219,Parallel Transport on the Cone Manifold of SPD Matrices for Domain Adaptation,[singleton] the problem of domain adaptation,the problem of domain adaptation,1
219,Parallel Transport on the Cone Manifold of SPD Matrices for Domain Adaptation,[singleton] covariance matrices,covariance matrices,1
219,Parallel Transport on the Cone Manifold of SPD Matrices for Domain Adaptation,[singleton] Riemanninan geometry,Riemanninan geometry,1
219,Parallel Transport on the Cone Manifold of SPD Matrices for Domain Adaptation,[singleton] experimental results on simulations and real-measured data,experimental results on simulations and real-measured data,1
219,Parallel Transport on the Cone Manifold of SPD Matrices for Domain Adaptation,[self-reference],we; We; We; we,4
220,Domain-Adaptive Neural Posterior Estimation for Strong Gravitational Lens Analysis,Neural posterior estimation (NPE),Neural posterior estimation; NPE; NPE; NPE,4
220,Domain-Adaptive Neural Posterior Estimation for Strong Gravitational Lens Analysis,unsupervised domain adaptation (UDA),unsupervised domain adaptation; UDA; UDA,3
220,Domain-Adaptive Neural Posterior Estimation for Strong Gravitational Lens Analysis,real observational data,"real, observational data; real observational data",2
220,Domain-Adaptive Neural Posterior Estimation for Strong Gravitational Lens Analysis,[singleton] strong gravitational lenses,strong gravitational lenses,1
220,Domain-Adaptive Neural Posterior Estimation for Strong Gravitational Lens Analysis,[singleton] modern and next-generation cosmic survey data,modern and next-generation cosmic survey data,1
220,Domain-Adaptive Neural Posterior Estimation for Strong Gravitational Lens Analysis,[singleton] a simulation based inference approach,a simulation based inference approach,1
220,Domain-Adaptive Neural Posterior Estimation for Strong Gravitational Lens Analysis,[singleton] strong lensing data,strong lensing data,1
220,Domain-Adaptive Neural Posterior Estimation for Strong Gravitational Lens Analysis,[singleton] out-of-domain target data,out-of-domain target data,1
220,Domain-Adaptive Neural Posterior Estimation for Strong Gravitational Lens Analysis,[singleton] simulated data,simulated data,1
220,Domain-Adaptive Neural Posterior Estimation for Strong Gravitational Lens Analysis,[singleton] The source domain,The source domain,1
220,Domain-Adaptive Neural Posterior Estimation for Strong Gravitational Lens Analysis,[singleton] the target domain,the target domain,1
220,Domain-Adaptive Neural Posterior Estimation for Strong Gravitational Lens Analysis,[singleton] modern cosmology surveys,modern cosmology surveys,1
220,Domain-Adaptive Neural Posterior Estimation for Strong Gravitational Lens Analysis,[singleton] the posterior coverage,the posterior coverage,1
220,Domain-Adaptive Neural Posterior Estimation for Strong Gravitational Lens Analysis,[singleton] an NPE model without UDA,an NPE model without UDA,1
220,Domain-Adaptive Neural Posterior Estimation for Strong Gravitational Lens Analysis,[singleton] NPE models,NPE models,1
220,Domain-Adaptive Neural Posterior Estimation for Strong Gravitational Lens Analysis,[self-reference],we; We; We,3
221,Model-Contrastive Federated Domain Adaptation,Federated domain adaptation (FDA),Federated domain adaptation; FDA; F}ederated D}omain A}daptation,3
221,Model-Contrastive Federated Domain Adaptation,source clients,source clients (domains); the source clients,2
221,Model-Contrastive Federated Domain Adaptation,existing methods,existing methods; they,2
221,Model-Contrastive Federated Domain Adaptation,FDAC,a model based method named FDAC; FDAC is the first attempt; FDAC can increase; FDAC outperforms; FDCA,5
221,Model-Contrastive Federated Domain Adaptation,contrastive learning,C}ontrastive learning; contrastive learning,2
221,Model-Contrastive Federated Domain Adaptation,Vision Transformer (ViT),Vision Transformer; the ViT architecture; ViT,3
221,Model-Contrastive Federated Domain Adaptation,the federated setting,under the federated setting; in the federated setting,2
221,Model-Contrastive Federated Domain Adaptation,communication efficiency,communication efficiency; which,2
221,Model-Contrastive Federated Domain Adaptation,[singleton] the related but different target client,the related but different target client,1
221,Model-Contrastive Federated Domain Adaptation,[singleton] the local data of any client,the local data of any client,1
221,Model-Contrastive Federated Domain Adaptation,[singleton] different data distributions,different data distributions,1
221,Model-Contrastive Federated Domain Adaptation,[singleton] knowledge transfer,knowledge transfer,1
221,Model-Contrastive Federated Domain Adaptation,[singleton] the unlabeled data,the unlabeled data,1
221,Model-Contrastive Federated Domain Adaptation,[singleton] convolutional neural networks,convolutional neural networks,1
221,Model-Contrastive Federated Domain Adaptation,[singleton] adaptable features,adaptable features,1
221,Model-Contrastive Federated Domain Adaptation,[singleton] transferable representations,transferable representations,1
221,Model-Contrastive Federated Domain Adaptation,[singleton] the latent architecture of ViT,the latent architecture of ViT,1
221,Model-Contrastive Federated Domain Adaptation,[singleton] the target data diversity,the target data diversity,1
221,Model-Contrastive Federated Domain Adaptation,[singleton] each source model,each source model,1
221,Model-Contrastive Federated Domain Adaptation,[singleton] domain augmentation,domain augmentation,1
221,Model-Contrastive Federated Domain Adaptation,[singleton] semantic matching,semantic matching,1
221,Model-Contrastive Federated Domain Adaptation,[singleton] several real datasets,several real datasets,1
221,Model-Contrastive Federated Domain Adaptation,[singleton] all the comparative methods,all the comparative methods,1
221,Model-Contrastive Federated Domain Adaptation,[self-reference],we; we; our,3
222,StyleDomain: Efficient and Lightweight Parameterizations of StyleGAN for One-shot and Few-shot Domain Adaptation,domain adaptation of GANs,Domain adaptation of GANs; this problem; the domain adaptation problem of GANs,3
222,StyleDomain: Efficient and Lightweight Parameterizations of StyleGAN for One-shot and Few-shot Domain Adaptation,StyleGAN,the StyleGAN model; StyleGAN; StyleGAN,3
222,StyleDomain: Efficient and Lightweight Parameterizations of StyleGAN for One-shot and Few-shot Domain Adaptation,StyleDomain directions,StyleDomain directions; their,2
222,StyleDomain: Efficient and Lightweight Parameterizations of StyleGAN for One-shot and Few-shot Domain Adaptation,[singleton] GAN models,GAN models,1
222,StyleDomain: Efficient and Lightweight Parameterizations of StyleGAN for One-shot and Few-shot Domain Adaptation,[singleton] a large dataset,a large dataset,1
222,StyleDomain: Efficient and Lightweight Parameterizations of StyleGAN for One-shot and Few-shot Domain Adaptation,[singleton] a specific domain with few samples,a specific domain with few samples,1
222,StyleDomain: Efficient and Lightweight Parameterizations of StyleGAN for One-shot and Few-shot Domain Adaptation,[singleton] many methods,many methods,1
222,StyleDomain: Efficient and Lightweight Parameterizations of StyleGAN for One-shot and Few-shot Domain Adaptation,[singleton] the generator,the generator,1
222,StyleDomain: Efficient and Lightweight Parameterizations of StyleGAN for One-shot and Few-shot Domain Adaptation,[singleton] a new domain,a new domain,1
222,StyleDomain: Efficient and Lightweight Parameterizations of StyleGAN for One-shot and Few-shot Domain Adaptation,[singleton] the source and target domains,the source and target domains,1
222,StyleDomain: Efficient and Lightweight Parameterizations of StyleGAN for One-shot and Few-shot Domain Adaptation,[singleton] this study,this study,1
222,StyleDomain: Efficient and Lightweight Parameterizations of StyleGAN for One-shot and Few-shot Domain Adaptation,[singleton] directions in StyleSpace,directions in StyleSpace,1
222,StyleDomain: Efficient and Lightweight Parameterizations of StyleGAN for One-shot and Few-shot Domain Adaptation,[singleton] similar domains,similar domains,1
222,StyleDomain: Efficient and Lightweight Parameterizations of StyleGAN for One-shot and Few-shot Domain Adaptation,[singleton] dissimilar domains,dissimilar domains,1
222,StyleDomain: Efficient and Lightweight Parameterizations of StyleGAN for One-shot and Few-shot Domain Adaptation,[singleton] Affine+ and AffineLight+ parameterizations,Affine+ and AffineLight+ parameterizations,1
222,StyleDomain: Efficient and Lightweight Parameterizations of StyleGAN for One-shot and Few-shot Domain Adaptation,[singleton] existing baselines,existing baselines,1
222,StyleDomain: Efficient and Lightweight Parameterizations of StyleGAN for One-shot and Few-shot Domain Adaptation,[singleton] few-shot adaptation,few-shot adaptation,1
222,StyleDomain: Efficient and Lightweight Parameterizations of StyleGAN for One-shot and Few-shot Domain Adaptation,[singleton] training parameters,training parameters,1
222,StyleDomain: Efficient and Lightweight Parameterizations of StyleGAN for One-shot and Few-shot Domain Adaptation,[singleton] domain mixing,domain mixing,1
222,StyleDomain: Efficient and Lightweight Parameterizations of StyleGAN for One-shot and Few-shot Domain Adaptation,[singleton] cross-domain image morphing,cross-domain image morphing,1
222,StyleDomain: Efficient and Lightweight Parameterizations of StyleGAN for One-shot and Few-shot Domain Adaptation,[self-reference],we; We; we; we; we; us; we; we,8
223,Exploiting Parallel Audio Recordings to Enforce Device Invariance in CNN based Acoustic Scene Classification,distribution mismatch problem,Distribution mismatches between the data seen at training and at application time; this problem,2
223,Exploiting Parallel Audio Recordings to Enforce Device Invariance in CNN based Acoustic Scene Classification,the proposed domain adaptation method,a novel approach to learn domain-invariant classifiers in an end-to-end fashion; our domain adaptation method,2
223,Exploiting Parallel Audio Recordings to Enforce Device Invariance in CNN based Acoustic Scene Classification,domain-parallel samples,domain-parallel samples; time-aligned recordings from different recording devices,2
223,Exploiting Parallel Audio Recordings to Enforce Device Invariance in CNN based Acoustic Scene Classification,[singleton] machine learning,machine learning,1
223,Exploiting Parallel Audio Recordings to Enforce Device Invariance in CNN based Acoustic Scene Classification,[singleton] machine listening,machine listening,1
223,Exploiting Parallel Audio Recordings to Enforce Device Invariance in CNN based Acoustic Scene Classification,[singleton] equal hidden layer representations,equal hidden layer representations,1
223,Exploiting Parallel Audio Recordings to Enforce Device Invariance in CNN based Acoustic Scene Classification,[singleton] classification labels,classification labels,1
223,Exploiting Parallel Audio Recordings to Enforce Device Invariance in CNN based Acoustic Scene Classification,[singleton] the data collection process,the data collection process,1
223,Exploiting Parallel Audio Recordings to Enforce Device Invariance in CNN based Acoustic Scene Classification,[self-reference],We; We; our,3
224,Inexpensive Domain Adaptation of Pretrained Language Models: Case Studies on Biomedical NER and Covid-19 QA,unsupervised pretraining on target-domain text,unsupervised pretraining on target-domain text; this approach,2
224,Inexpensive Domain Adaptation of Pretrained Language Models: Case Studies on Biomedical NER and Covid-19 QA,target-domain text,target-domain text; target-domain text,2
224,Inexpensive Domain Adaptation of Pretrained Language Models: Case Studies on Biomedical NER and Covid-19 QA,BioBERT,the recently proposed BioBERT model; BioBERT s; its,3
224,Inexpensive Domain Adaptation of Pretrained Language Models: Case Studies on Biomedical NER and Covid-19 QA,the Covid-19 pandemic,an emerging domain; the Covid-19 pandemic,2
224,Inexpensive Domain Adaptation of Pretrained Language Models: Case Studies on Biomedical NER and Covid-19 QA,[singleton] Pretrained Language Models,Pretrained Language Models,1
224,Inexpensive Domain Adaptation of Pretrained Language Models: Case Studies on Biomedical NER and Covid-19 QA,[singleton] CO_2 emissions,CO_2 emissions,1
224,Inexpensive Domain Adaptation of Pretrained Language Models: Case Studies on Biomedical NER and Covid-19 QA,[singleton] a cheaper alternative,a cheaper alternative,1
224,Inexpensive Domain Adaptation of Pretrained Language Models: Case Studies on Biomedical NER and Covid-19 QA,[singleton] Word2Vec,Word2Vec,1
224,Inexpensive Domain Adaptation of Pretrained Language Models: Case Studies on Biomedical NER and Covid-19 QA,[singleton] the resulting word vectors,the resulting word vectors,1
224,Inexpensive Domain Adaptation of Pretrained Language Models: Case Studies on Biomedical NER and Covid-19 QA,[singleton] the wordpiece vectors of a general-domain PTLM,the wordpiece vectors of a general-domain PTLM,1
224,Inexpensive Domain Adaptation of Pretrained Language Models: Case Studies on Biomedical NER and Covid-19 QA,[singleton] eight biomedical Named Entity Recognition tasks,eight biomedical Named Entity Recognition tasks,1
224,Inexpensive Domain Adaptation of Pretrained Language Models: Case Studies on Biomedical NER and Covid-19 QA,[singleton] the BioBERT-BERT F1 delta,the BioBERT-BERT F1 delta,1
224,Inexpensive Domain Adaptation of Pretrained Language Models: Case Studies on Biomedical NER and Covid-19 QA,[singleton] an existing general-domain Question Answering model,an existing general-domain Question Answering model,1
224,Inexpensive Domain Adaptation of Pretrained Language Models: Case Studies on Biomedical NER and Covid-19 QA,[self-reference],we; We; We; We; We,5
225,Efficient k-Nearest-Neighbor Machine Translation with Dynamic Retrieval,kNN Machine Translation method,Machine Translation; its success,2
225,Efficient k-Nearest-Neighbor Machine Translation with Dynamic Retrieval,adaptive retrieval,adaptive retrieval; which dynamically estimates and skips retrieval,2
225,Efficient k-Nearest-Neighbor Machine Translation with Dynamic Retrieval,fixed threshold,a fixed threshold; a fixed threshold,2
225,Efficient k-Nearest-Neighbor Machine Translation with Dynamic Retrieval,MLP based classifier,a MLP based classifier; the classifier,2
225,Efficient k-Nearest-Neighbor Machine Translation with Dynamic Retrieval,[singleton] non-parametric NMT domain adaptation,non-parametric NMT domain adaptation,1
225,Efficient k-Nearest-Neighbor Machine Translation with Dynamic Retrieval,[singleton] an external datastore,an external datastore,1
225,Efficient k-Nearest-Neighbor Machine Translation with Dynamic Retrieval,[singleton] domain-specific translation knowledge,domain-specific translation knowledge,1
225,Efficient k-Nearest-Neighbor Machine Translation with Dynamic Retrieval,[singleton] the NMT model,the NMT model,1
225,Efficient k-Nearest-Neighbor Machine Translation with Dynamic Retrieval,[singleton] a linear interpolation coefficient,a linear interpolation coefficient,1
225,Efficient k-Nearest-Neighbor Machine Translation with Dynamic Retrieval,[singleton] a preliminary study,a preliminary study,1
225,Efficient k-Nearest-Neighbor Machine Translation with Dynamic Retrieval,[singleton] the optimization gap,the optimization gap,1
225,Efficient k-Nearest-Neighbor Machine Translation with Dynamic Retrieval,[singleton] several carefully-designed scalar features,several carefully-designed scalar features,1
225,Efficient k-Nearest-Neighbor Machine Translation with Dynamic Retrieval,[singleton] a timestep-aware threshold adjustment method,a timestep-aware threshold adjustment method,1
225,Efficient k-Nearest-Neighbor Machine Translation with Dynamic Retrieval,[singleton] the threshold,the threshold,1
225,Efficient k-Nearest-Neighbor Machine Translation with Dynamic Retrieval,[singleton] our model,our model,1
225,Efficient k-Nearest-Neighbor Machine Translation with Dynamic Retrieval,[self-reference],we; we; we; we; we; our,6
226,Dependable Neural Networks for Safety Critical Tasks,neural networks,Neural Networks; neural networks; their; they,4
226,Dependable Neural Networks for Safety Critical Tasks,Existing techniques for robustness,Existing work; these techniques,2
226,Dependable Neural Networks for Safety Critical Tasks,the testing conditions,the testing conditions; the testing conditions; the testing conditions,3
226,Dependable Neural Networks for Safety Critical Tasks,Machine Learning Dependability,a metric; Machine Learning Dependability; the ML Dependability,3
226,Dependable Neural Networks for Safety Critical Tasks,Task Undependability,Task Undependability; Task Undependability,2
226,Dependable Neural Networks for Safety Critical Tasks,Harmful Undependability,Harmful Undependability; Harmful Undependability,2
226,Dependable Neural Networks for Safety Critical Tasks,a Safety Function,a Safety Function; that,2
226,Dependable Neural Networks for Safety Critical Tasks,harmful failures,harmful failures; harmful failures,2
226,Dependable Neural Networks for Safety Critical Tasks,[singleton] safety critical systems,safety critical systems,1
226,Dependable Neural Networks for Safety Critical Tasks,[singleton] perception systems for autonomous vehicles,perception systems for autonomous vehicles,1
226,Dependable Neural Networks for Safety Critical Tasks,[singleton] trained networks,trained networks,1
226,Dependable Neural Networks for Safety Critical Tasks,[singleton] finite test samples,finite test samples,1
226,Dependable Neural Networks for Safety Critical Tasks,[singleton] domain adaptation,domain adaptation,1
226,Dependable Neural Networks for Safety Critical Tasks,[singleton] style transfer,style transfer,1
226,Dependable Neural Networks for Safety Critical Tasks,[singleton] few-shot learning,few-shot learning,1
226,Dependable Neural Networks for Safety Critical Tasks,[singleton] a trained model,a trained model,1
226,Dependable Neural Networks for Safety Critical Tasks,[singleton] the network s probability of success,the network s probability of success,1
226,Dependable Neural Networks for Safety Critical Tasks,[singleton] a Neural Network agent trained using Reinforcement Learning,a Neural Network agent trained using Reinforcement Learning,1
226,Dependable Neural Networks for Safety Critical Tasks,[singleton] a simulated robot manipulation task,a simulated robot manipulation task,1
226,Dependable Neural Networks for Safety Critical Tasks,[singleton] a high probability of success,a high probability of success,1
226,Dependable Neural Networks for Safety Critical Tasks,[self-reference],We propose; we propose; We evaluate; Our results; we can; we design,6
227,One-Shot Adaptation of Supervised Deep Convolutional Models,dataset bias,Dataset bias; the dataset bias problem; dataset bias; dataset bias,4
227,One-Shot Adaptation of Supervised Deep Convolutional Models,deep convolutional networks,deep convolutional networks; these models,2
227,One-Shot Adaptation of Supervised Deep Convolutional Models,deep models,general deep models; deep models; deep models,3
227,One-Shot Adaptation of Supervised Deep Convolutional Models,[singleton] real world computer vision tasks,real world computer vision tasks,1
227,One-Shot Adaptation of Supervised Deep Convolutional Models,[singleton] image classification,image classification,1
227,One-Shot Adaptation of Supervised Deep Convolutional Models,[singleton] a state-of-the-art deep model,a state-of-the-art deep model,1
227,One-Shot Adaptation of Supervised Deep Convolutional Models,[singleton] a new domain,a new domain,1
227,One-Shot Adaptation of Supervised Deep Convolutional Models,[singleton] new image domains,new image domains,1
227,One-Shot Adaptation of Supervised Deep Convolutional Models,[singleton] a single image dataset,a single image dataset,1
227,One-Shot Adaptation of Supervised Deep Convolutional Models,[singleton] deep CNNs,deep CNNs,1
227,One-Shot Adaptation of Supervised Deep Convolutional Models,[singleton] a generic supervised deep CNN model,a generic supervised deep CNN model,1
227,One-Shot Adaptation of Supervised Deep Convolutional Models,[singleton] a large dataset,a large dataset,1
227,One-Shot Adaptation of Supervised Deep Convolutional Models,[singleton] labeled domain specific data,labeled domain specific data,1
227,One-Shot Adaptation of Supervised Deep Convolutional Models,[singleton] benchmark visual domain adaptation datasets,benchmark visual domain adaptation datasets,1
227,One-Shot Adaptation of Supervised Deep Convolutional Models,[self-reference],we; We; we; Our,4
228,Attentive Prototypes for Source-free Unsupervised Domain Adaptive 3D Object Detection,3D object detection networks,3D object detection networks; they,2
228,Attentive Prototypes for Source-free Unsupervised Domain Adaptive 3D Object Detection,source (training) data,source data; the training (source) data,2
228,Attentive Prototypes for Source-free Unsupervised Domain Adaptive 3D Object Detection,the proposed single-frame source-free domain adaptation approach,"a single-frame approach for source-free, unsupervised domain adaptation of lidar based 3D object detectors; our proposed approach; our approach",3
228,Attentive Prototypes for Source-free Unsupervised Domain Adaptive 3D Object Detection,"[singleton] datasets captured in different locations, conditions or sensors","datasets captured in different locations, conditions or sensors",1
228,Attentive Prototypes for Source-free Unsupervised Domain Adaptive 3D Object Detection,[singleton] model performance,model performance,1
228,Attentive Prototypes for Source-free Unsupervised Domain Adaptive 3D Object Detection,[singleton] the test data,the test data,1
228,Attentive Prototypes for Source-free Unsupervised Domain Adaptive 3D Object Detection,[singleton] Current methods for domain adaptation,Current methods for domain adaptation,1
228,Attentive Prototypes for Source-free Unsupervised Domain Adaptive 3D Object Detection,[singleton] a sequence of lidar frames,a sequence of lidar frames,1
228,Attentive Prototypes for Source-free Unsupervised Domain Adaptive 3D Object Detection,[singleton] class prototypes,class prototypes,1
228,Attentive Prototypes for Source-free Unsupervised Domain Adaptive 3D Object Detection,[singleton] pseudo-label noise,pseudo-label noise,1
228,Attentive Prototypes for Source-free Unsupervised Domain Adaptive 3D Object Detection,[singleton] traditional feature aggregation methods,traditional feature aggregation methods,1
228,Attentive Prototypes for Source-free Unsupervised Domain Adaptive 3D Object Detection,[singleton] noisy labels,noisy labels,1
228,Attentive Prototypes for Source-free Unsupervised Domain Adaptive 3D Object Detection,[singleton] a transformer module,a transformer module,1
228,Attentive Prototypes for Source-free Unsupervised Domain Adaptive 3D Object Detection,[singleton] outlier ROI s,outlier ROI s,1
228,Attentive Prototypes for Source-free Unsupervised Domain Adaptive 3D Object Detection,[singleton] an attentive class prototype,an attentive class prototype,1
228,Attentive Prototypes for Source-free Unsupervised Domain Adaptive 3D Object Detection,[singleton] an iterative training strategy,an iterative training strategy,1
228,Attentive Prototypes for Source-free Unsupervised Domain Adaptive 3D Object Detection,[singleton] noisy pseudo labels,noisy pseudo labels,1
228,Attentive Prototypes for Source-free Unsupervised Domain Adaptive 3D Object Detection,[singleton] self-training,self-training,1
228,Attentive Prototypes for Source-free Unsupervised Domain Adaptive 3D Object Detection,[singleton] the domain shift,the domain shift,1
228,Attentive Prototypes for Source-free Unsupervised Domain Adaptive 3D Object Detection,"[singleton] large, label-rich datasets","large, label-rich datasets",1
228,Attentive Prototypes for Source-free Unsupervised Domain Adaptive 3D Object Detection,"[singleton] smaller, label-poor datasets","smaller, label-poor datasets",1
228,Attentive Prototypes for Source-free Unsupervised Domain Adaptive 3D Object Detection,[singleton] two recent object detectors,two recent object detectors,1
228,Attentive Prototypes for Source-free Unsupervised Domain Adaptive 3D Object Detection,[self-reference],We; we; our; we; We; our,6
229,Breaking Data Silos: Towards Open and Scalable Mobility Foundation Models via Generative Continual Learning,MoveGCL,MoveGCL; a transformative framework; MoveGCL; MoveGCL; its; MoveGCL; MoveGCL,7
229,Breaking Data Silos: Towards Open and Scalable Mobility Foundation Models via Generative Continual Learning,the foundation model,a foundation model; the model,2
229,Breaking Data Silos: Towards Open and Scalable Mobility Foundation Models via Generative Continual Learning,[singleton] Human mobility,Human mobility,1
229,Breaking Data Silos: Towards Open and Scalable Mobility Foundation Models via Generative Continual Learning,[singleton] the ``data silo problem,the ``data silo problem,1
229,Breaking Data Silos: Towards Open and Scalable Mobility Foundation Models via Generative Continual Learning,[singleton] a distributed ecosystem of data holders,a distributed ecosystem of data holders,1
229,Breaking Data Silos: Towards Open and Scalable Mobility Foundation Models via Generative Continual Learning,[singleton] synthetic trajectories,synthetic trajectories,1
229,Breaking Data Silos: Towards Open and Scalable Mobility Foundation Models via Generative Continual Learning,[singleton] a generative teacher,a generative teacher,1
229,Breaking Data Silos: Towards Open and Scalable Mobility Foundation Models via Generative Continual Learning,[singleton] a mobility-pattern-aware Mixture-of-Experts architecture,a mobility-pattern-aware Mixture-of-Experts architecture,1
229,Breaking Data Silos: Towards Open and Scalable Mobility Foundation Models via Generative Continual Learning,[singleton] knowledge erosion,knowledge erosion,1
229,Breaking Data Silos: Towards Open and Scalable Mobility Foundation Models via Generative Continual Learning,[singleton] a specialized layer-wise progressive adaptation strategy,a specialized layer-wise progressive adaptation strategy,1
229,Breaking Data Silos: Towards Open and Scalable Mobility Foundation Models via Generative Continual Learning,[singleton] six global urban datasets,six global urban datasets,1
229,Breaking Data Silos: Towards Open and Scalable Mobility Foundation Models via Generative Continual Learning,[singleton] joint training,joint training,1
229,Breaking Data Silos: Towards Open and Scalable Mobility Foundation Models via Generative Continual Learning,[singleton] Open Mobility Science,Open Mobility Science,1
229,Breaking Data Silos: Towards Open and Scalable Mobility Foundation Models via Generative Continual Learning,[self-reference],we; Our,2
230,Active Long Term Memory Networks,Active Long Term Memory Networks (A-LTM),the Active Long Term Memory Networks; a model of sequential multi-task deep learning; A-LTM; the A-LTM model,4
230,Active Long Term Memory Networks,Catastrophic Inference,Catastrophic Inference; CI,2
230,Active Long Term Memory Networks,[singleton] Continual Learning in artificial neural networks,Continual Learning in artificial neural networks,1
230,Active Long Term Memory Networks,[singleton] This paper,This paper,1
230,Active Long Term Memory Networks,[singleton] deep neural networks,deep neural networks,1
230,Active Long Term Memory Networks,[singleton] a distillation loss,a distillation loss,1
230,Active Long Term Memory Networks,[singleton] hidden layers,hidden layers,1
230,Active Long Term Memory Networks,[singleton] the multi-task objective,the multi-task objective,1
230,Active Long Term Memory Networks,[singleton] McClelland s seminal Hippocampal theory,McClelland s seminal Hippocampal theory,1
230,Active Long Term Memory Networks,[singleton] modern deep architectures trained with back-propagation,modern deep architectures trained with back-propagation,1
230,Active Long Term Memory Networks,[singleton] Deep Linear Networks,Deep Linear Networks,1
230,Active Long Term Memory Networks,[singleton] Convolutional Neural Networks,Convolutional Neural Networks,1
230,Active Long Term Memory Networks,[singleton] domain adaptation from simple to complex environments,domain adaptation from simple to complex environments,1
230,Active Long Term Memory Networks,[singleton] viewpoint recognition,viewpoint recognition,1
230,Active Long Term Memory Networks,[singleton] the highly controlled iLab-20M dataset,the highly controlled iLab-20M dataset,1
230,Active Long Term Memory Networks,[singleton] 10 object categories,10 object categories,1
230,Active Long Term Memory Networks,[singleton] 88 camera viewpoints,88 camera viewpoints,1
230,Active Long Term Memory Networks,[singleton] the unstructured domain of Imagenet,the unstructured domain of Imagenet,1
230,Active Long Term Memory Networks,"[singleton] 1,000 object categories","1,000 object categories",1
230,Active Long Term Memory Networks,[self-reference],We re-frame; We present empirical results; We present results,3
231,Domain Adaptive Graph Neural Networks for Constraining Cosmological Parameters Across Multiple Data Sets,Domain Adaptive Graph Neural Networks (DA-GNN),Domain Adaptive Graph Neural Networks; GNNs; their; DA-GNN; DA-GNNs,5
231,Domain Adaptive Graph Neural Networks for Constraining Cosmological Parameters Across Multiple Data Sets,domain adaptation,unsupervised domain adaptation; domain adaptation,2
231,Domain Adaptive Graph Neural Networks for Constraining Cosmological Parameters Across Multiple Data Sets,[singleton] summary statistics,summary statistics,1
231,Domain Adaptive Graph Neural Networks for Constraining Cosmological Parameters Across Multiple Data Sets,[singleton] the power spectrum,the power spectrum,1
231,Domain Adaptive Graph Neural Networks for Constraining Cosmological Parameters Across Multiple Data Sets,[singleton] complex cosmological data sets,complex cosmological data sets,1
231,Domain Adaptive Graph Neural Networks for Constraining Cosmological Parameters Across Multiple Data Sets,[singleton] the subgrid physics implementation,the subgrid physics implementation,1
231,Domain Adaptive Graph Neural Networks for Constraining Cosmological Parameters Across Multiple Data Sets,[singleton] models trained on data from one cosmological simulation,models trained on data from one cosmological simulation,1
231,Domain Adaptive Graph Neural Networks for Constraining Cosmological Parameters Across Multiple Data Sets,[singleton] models trained on any of the simulations,models trained on any of the simulations,1
231,Domain Adaptive Graph Neural Networks for Constraining Cosmological Parameters Across Multiple Data Sets,[singleton] observational data,observational data,1
231,Domain Adaptive Graph Neural Networks for Constraining Cosmological Parameters Across Multiple Data Sets,[singleton] two different suites of the CAMELS hydrodynamic cosmological simulations,two different suites of the CAMELS hydrodynamic cosmological simulations,1
231,Domain Adaptive Graph Neural Networks for Constraining Cosmological Parameters Across Multiple Data Sets,[singleton] galaxy distributions,galaxy distributions,1
231,Domain Adaptive Graph Neural Networks for Constraining Cosmological Parameters Across Multiple Data Sets,[singleton] Maximum Mean Discrepancy,Maximum Mean Discrepancy,1
231,Domain Adaptive Graph Neural Networks for Constraining Cosmological Parameters Across Multiple Data Sets,[singleton] our models,our models,1
231,Domain Adaptive Graph Neural Networks for Constraining Cosmological Parameters Across Multiple Data Sets,[singleton] domain-invariant features,domain-invariant features,1
231,Domain Adaptive Graph Neural Networks for Constraining Cosmological Parameters Across Multiple Data Sets,[singleton] cross-dataset tasks,cross-dataset tasks,1
231,Domain Adaptive Graph Neural Networks for Constraining Cosmological Parameters Across Multiple Data Sets,[singleton] data visualizations,data visualizations,1
231,Domain Adaptive Graph Neural Networks for Constraining Cosmological Parameters Across Multiple Data Sets,[singleton] proper latent space data alignment,proper latent space data alignment,1
231,Domain Adaptive Graph Neural Networks for Constraining Cosmological Parameters Across Multiple Data Sets,[singleton] real cosmic survey data,real cosmic survey data,1
231,Domain Adaptive Graph Neural Networks for Constraining Cosmological Parameters Across Multiple Data Sets,[singleton] Deep learning models,Deep learning models,1
231,Domain Adaptive Graph Neural Networks for Constraining Cosmological Parameters Across Multiple Data Sets,[self-reference],we; we; we; our; We; we,6
232,Towards Conditional Feature Alignment for Cross-Domain Counting,Conditional Feature Alignment (CFA),Conditional Feature Alignment; a cross-domain counting framework that aligns representations within label-induced conditions rather than across full marginal feature distributions; CFA; CFA,4
232,Towards Conditional Feature Alignment for Cross-Domain Counting,MPCount,MPCount; MPCount s,2
232,Towards Conditional Feature Alignment for Cross-Domain Counting,condition-wise alignment,condition-wise alignment; condition-wise alignment,2
232,Towards Conditional Feature Alignment for Cross-Domain Counting,[singleton] Object counting models,Object counting models,1
232,Towards Conditional Feature Alignment for Cross-Domain Counting,[singleton] Standard feature alignment methods,Standard feature alignment methods,1
232,Towards Conditional Feature Alignment for Cross-Domain Counting,[singleton] density annotations or pseudo-density predictions,density annotations or pseudo-density predictions,1
232,Towards Conditional Feature Alignment for Cross-Domain Counting,[singleton] conditional divergence perspective,conditional divergence perspective,1
232,Towards Conditional Feature Alignment for Cross-Domain Counting,[singleton] unsupervised domain adaptation,unsupervised domain adaptation,1
232,Towards Conditional Feature Alignment for Cross-Domain Counting,[singleton] detached pseudo-density maps,detached pseudo-density maps,1
232,Towards Conditional Feature Alignment for Cross-Domain Counting,[singleton] condition-wise adversarial alignment,condition-wise adversarial alignment,1
232,Towards Conditional Feature Alignment for Cross-Domain Counting,[singleton] full-image consistency regularisation,full-image consistency regularisation,1
232,Towards Conditional Feature Alignment for Cross-Domain Counting,[singleton] source-domain generalisation,source-domain generalisation,1
232,Towards Conditional Feature Alignment for Cross-Domain Counting,[singleton] condition-wise memory-consistency,condition-wise memory-consistency,1
232,Towards Conditional Feature Alignment for Cross-Domain Counting,[singleton] crowd and cell counting benchmarks,crowd and cell counting benchmarks,1
232,Towards Conditional Feature Alignment for Cross-Domain Counting,[singleton] JHU-CROWD++,JHU-CROWD++,1
232,Towards Conditional Feature Alignment for Cross-Domain Counting,[singleton] CFA-DG,CFA-DG,1
232,Towards Conditional Feature Alignment for Cross-Domain Counting,[singleton] MAE/RMSE,MAE/RMSE,1
232,Towards Conditional Feature Alignment for Cross-Domain Counting,[singleton] domain-adaptive counting,domain-adaptive counting,1
232,Towards Conditional Feature Alignment for Cross-Domain Counting,[self-reference],We; We; we,3
233,MultiADE: A Multi-domain Benchmark for Adverse Drug Event Extraction,MultiADE benchmark,a multi-domain benchmark for adverse drug event extraction; which; MultiADE; The new benchmark; the benchmark,5
233,MultiADE: A Multi-domain Benchmark for Adverse Drug Event Extraction,CADECv2 dataset,CADECv2; Our new dataset; The newly created CADECv2,3
233,MultiADE: A Multi-domain Benchmark for Adverse Drug Event Extraction,CADEC,CADEC; CADEC,2
233,MultiADE: A Multi-domain Benchmark for Adverse Drug Event Extraction,the unanswered question,one unanswered question; this question,2
233,MultiADE: A Multi-domain Benchmark for Adverse Drug Event Extraction,Domain generalisation,"Domain generalisation; the ability of a machine learning model to perform well on new, unseen domains",2
233,MultiADE: A Multi-domain Benchmark for Adverse Drug Event Extraction,[singleton] Active adverse event surveillance,Active adverse event surveillance,1
233,MultiADE: A Multi-domain Benchmark for Adverse Drug Event Extraction,[singleton] electronic health records,electronic health records,1
233,MultiADE: A Multi-domain Benchmark for Adverse Drug Event Extraction,[singleton] medical literature,medical literature,1
233,MultiADE: A Multi-domain Benchmark for Adverse Drug Event Extraction,[singleton] social media and search engine logs,social media and search engine logs,1
233,MultiADE: A Multi-domain Benchmark for Adverse Drug Event Extraction,[singleton] natural language processing,natural language processing,1
233,MultiADE: A Multi-domain Benchmark for Adverse Drug Event Extraction,[singleton] a single ADE extraction model,a single ADE extraction model,1
233,MultiADE: A Multi-domain Benchmark for Adverse Drug Event Extraction,[singleton] several existing datasets sampled from different text types,several existing datasets sampled from different text types,1
233,MultiADE: A Multi-domain Benchmark for Adverse Drug Event Extraction,[singleton] human annotators,human annotators,1
233,MultiADE: A Multi-domain Benchmark for Adverse Drug Event Extraction,[singleton] detailed annotation guidelines,detailed annotation guidelines,1
233,MultiADE: A Multi-domain Benchmark for Adverse Drug Event Extraction,[singleton] the trained models,the trained models,1
233,MultiADE: A Multi-domain Benchmark for Adverse Drug Event Extraction,[singleton] intermediate transfer learning,intermediate transfer learning,1
233,MultiADE: A Multi-domain Benchmark for Adverse Drug Event Extraction,[singleton] domain adaptation,domain adaptation,1
233,MultiADE: A Multi-domain Benchmark for Adverse Drug Event Extraction,[singleton] the scripts for building the benchmark,the scripts for building the benchmark,1
233,MultiADE: A Multi-domain Benchmark for Adverse Drug Event Extraction,[singleton] CSIRO s Data Portal,CSIRO s Data Portal,1
233,MultiADE: A Multi-domain Benchmark for Adverse Drug Event Extraction,[self-reference],we; We; we; our; Our; Our,6
234,Large-Scale Unsupervised Person Re-Identification with Contrastive Learning,public person Re-Identification datasets,Existing public person Re-Identification datasets; the public datasets,2
234,Large-Scale Unsupervised Person Re-Identification with Contrastive Learning,unlabeled surveillance video,unlabeled surveillance video; these footage; large-scale unlabeled surveillance video,3
234,Large-Scale Unsupervised Person Re-Identification with Contrastive Learning,existing unsupervised and domain adaptation ReID methods,most existing unsupervised and domain adaptation ReID methods; these methods,2
234,Large-Scale Unsupervised Person Re-Identification with Contrastive Learning,the testing domain,the testing domain; the testing domain,2
234,Large-Scale Unsupervised Person Re-Identification with Contrastive Learning,[singleton] labeling difficulty,labeling difficulty,1
234,Large-Scale Unsupervised Person Re-Identification with Contrastive Learning,[singleton] meaningful ReID representations,meaningful ReID representations,1
234,Large-Scale Unsupervised Person Re-Identification with Contrastive Learning,[singleton] the unlabeled training data,the unlabeled training data,1
234,Large-Scale Unsupervised Person Re-Identification with Contrastive Learning,[singleton] large-scale self-supervised image classification using contrastive learning,large-scale self-supervised image classification using contrastive learning,1
234,Large-Scale Unsupervised Person Re-Identification with Contrastive Learning,[singleton] ReID representation,ReID representation,1
234,Large-Scale Unsupervised Person Re-Identification with Contrastive Learning,[singleton] off-the-shelf pedestrian detection tools,off-the-shelf pedestrian detection tools,1
234,Large-Scale Unsupervised Person Re-Identification with Contrastive Learning,[singleton] the contrastive loss,the contrastive loss,1
234,Large-Scale Unsupervised Person Re-Identification with Contrastive Learning,[singleton] a principal component analysis step,a principal component analysis step,1
234,Large-Scale Unsupervised Person Re-Identification with Contrastive Learning,[singleton] camera labels,camera labels,1
234,Large-Scale Unsupervised Person Re-Identification with Contrastive Learning,[singleton] a large-scale unlabeled dataset,a large-scale unlabeled dataset,1
234,Large-Scale Unsupervised Person Re-Identification with Contrastive Learning,[singleton] unsupervised methods,unsupervised methods,1
234,Large-Scale Unsupervised Person Re-Identification with Contrastive Learning,[singleton] the data size,the data size,1
234,Large-Scale Unsupervised Person Re-Identification with Contrastive Learning,[singleton] our method,our method,1
234,Large-Scale Unsupervised Person Re-Identification with Contrastive Learning,[singleton] even larger and more diversified datasets,even larger and more diversified datasets,1
234,Large-Scale Unsupervised Person Re-Identification with Contrastive Learning,[self-reference],we; our; our,3
235,Is Domain Adaptation Always Helpful? A Frozen-Backbone Study of Cross-Domain Sentiment Transfer,explicit domain adaptation,explicit domain adaptation; domain adaptation; explicit domain adaptation; explicit domain adaptation,4
235,Is Domain Adaptation Always Helpful? A Frozen-Backbone Study of Cross-Domain Sentiment Transfer,frozen pre-trained language model backbones,frozen pre-trained language model backbones; backbones,2
235,Is Domain Adaptation Always Helpful? A Frozen-Backbone Study of Cross-Domain Sentiment Transfer,SST-2,SST-2; SST-2,2
235,Is Domain Adaptation Always Helpful? A Frozen-Backbone Study of Cross-Domain Sentiment Transfer,financial news subset,a heavily restricted subset of financial news; the financial subset,2
235,Is Domain Adaptation Always Helpful? A Frozen-Backbone Study of Cross-Domain Sentiment Transfer,FinBERT,FinBERT; FinBERT,2
235,Is Domain Adaptation Always Helpful? A Frozen-Backbone Study of Cross-Domain Sentiment Transfer,Supervised Contrastive Learning,Supervised Contrastive Learning; supervised contrastive loss,2
235,Is Domain Adaptation Always Helpful? A Frozen-Backbone Study of Cross-Domain Sentiment Transfer,pre-existing domain-specific structure,pre-existing domain-specific structure; it,2
235,Is Domain Adaptation Always Helpful? A Frozen-Backbone Study of Cross-Domain Sentiment Transfer,[singleton] Sentiment analysis,Sentiment analysis,1
235,Is Domain Adaptation Always Helpful? A Frozen-Backbone Study of Cross-Domain Sentiment Transfer,[singleton] a preliminary case study,a preliminary case study,1
235,Is Domain Adaptation Always Helpful? A Frozen-Backbone Study of Cross-Domain Sentiment Transfer,[singleton] a controlled family of frozen embedding backbones,a controlled family of frozen embedding backbones,1
235,Is Domain Adaptation Always Helpful? A Frozen-Backbone Study of Cross-Domain Sentiment Transfer,[singleton] RoBERTa-base,RoBERTa-base,1
235,Is Domain Adaptation Always Helpful? A Frozen-Backbone Study of Cross-Domain Sentiment Transfer,[singleton] a lightweight MLP adapter,a lightweight MLP adapter,1
235,Is Domain Adaptation Always Helpful? A Frozen-Backbone Study of Cross-Domain Sentiment Transfer,[singleton] consumer reviews,consumer reviews,1
235,Is Domain Adaptation Always Helpful? A Frozen-Backbone Study of Cross-Domain Sentiment Transfer,[singleton] Domain-Adversarial Neural Networks,Domain-Adversarial Neural Networks,1
235,Is Domain Adaptation Always Helpful? A Frozen-Backbone Study of Cross-Domain Sentiment Transfer,[singleton] Maximum Mean Discrepancy,Maximum Mean Discrepancy,1
235,Is Domain Adaptation Always Helpful? A Frozen-Backbone Study of Cross-Domain Sentiment Transfer,[singleton] movie reviews,movie reviews,1
235,Is Domain Adaptation Always Helpful? A Frozen-Backbone Study of Cross-Domain Sentiment Transfer,[singleton] two distinct transfer patterns,two distinct transfer patterns,1
235,Is Domain Adaptation Always Helpful? A Frozen-Backbone Study of Cross-Domain Sentiment Transfer,[singleton] small general-purpose backbones,small general-purpose backbones,1
235,Is Domain Adaptation Always Helpful? A Frozen-Backbone Study of Cross-Domain Sentiment Transfer,[singleton] adversarial alignment,adversarial alignment,1
235,Is Domain Adaptation Always Helpful? A Frozen-Backbone Study of Cross-Domain Sentiment Transfer,[singleton] the frozen backbone,the frozen backbone,1
235,Is Domain Adaptation Always Helpful? A Frozen-Backbone Study of Cross-Domain Sentiment Transfer,[singleton] target-domain coverage,target-domain coverage,1
235,Is Domain Adaptation Always Helpful? A Frozen-Backbone Study of Cross-Domain Sentiment Transfer,[self-reference],We; We; we; we,4
236,"Zero-Shot Learning in Industrial Scenarios: New Large-Scale Benchmark, Challenges and Baseline",Large Visual Language Models (LVLMs),Large Visual Language Models; LVLMs; Existing LVLMs; LVLMs; previous LVLM,5
236,"Zero-Shot Learning in Industrial Scenarios: New Large-Scale Benchmark, Challenges and Baseline",Multi-Modal Industrial Open Dataset (MMIO),an open industrial dataset; the Multi-Modal Industrial Open Dataset; MMIO; MMIO; MMIO; MMIO,6
236,"Zero-Shot Learning in Industrial Scenarios: New Large-Scale Benchmark, Challenges and Baseline",Refined Text-Visual Prompt (RTVP),a Refined Text-Visual Prompt; a RTVP; RTVP; RTVP; RTVP,5
236,"Zero-Shot Learning in Industrial Scenarios: New Large-Scale Benchmark, Challenges and Baseline",[singleton] vision tasks,vision tasks,1
236,"Zero-Shot Learning in Industrial Scenarios: New Large-Scale Benchmark, Challenges and Baseline",[singleton] user-provided prompts,user-provided prompts,1
236,"Zero-Shot Learning in Industrial Scenarios: New Large-Scale Benchmark, Challenges and Baseline",[singleton] irrelevant pixels,irrelevant pixels,1
236,"Zero-Shot Learning in Industrial Scenarios: New Large-Scale Benchmark, Challenges and Baseline",[singleton] the scarcity of data,the scarcity of data,1
236,"Zero-Shot Learning in Industrial Scenarios: New Large-Scale Benchmark, Challenges and Baseline",[singleton] zero-shot industrial defect detection,zero-shot industrial defect detection,1
236,"Zero-Shot Learning in Industrial Scenarios: New Large-Scale Benchmark, Challenges and Baseline",[singleton] 6 super categories,6 super categories,1
236,"Zero-Shot Learning in Industrial Scenarios: New Large-Scale Benchmark, Challenges and Baseline",[singleton] 18 subcategories,18 subcategories,1
236,"Zero-Shot Learning in Industrial Scenarios: New Large-Scale Benchmark, Challenges and Baseline",[singleton] an expert-guided large model domain adaptation mechanism,an expert-guided large model domain adaptation mechanism,1
236,"Zero-Shot Learning in Industrial Scenarios: New Large-Scale Benchmark, Challenges and Baseline",[singleton] an industrial zero-shot method based on Mobile-SAM,an industrial zero-shot method based on Mobile-SAM,1
236,"Zero-Shot Learning in Industrial Scenarios: New Large-Scale Benchmark, Challenges and Baseline",[singleton] visual prompts,visual prompts,1
236,"Zero-Shot Learning in Industrial Scenarios: New Large-Scale Benchmark, Challenges and Baseline",[singleton] text-visual prompt interactions,text-visual prompt interactions,1
236,"Zero-Shot Learning in Industrial Scenarios: New Large-Scale Benchmark, Challenges and Baseline",[singleton] SOTA,SOTA,1
236,"Zero-Shot Learning in Industrial Scenarios: New Large-Scale Benchmark, Challenges and Baseline",[self-reference],this paper; this paper; this paper; this paper,4
237,EQ-5D Classification Using Biomedical Entity-Enriched Pre-trained Language Models and Multiple Instance Learning,EQ-5D,The EQ-5D; the EQ-5D,2
237,EQ-5D Classification Using Biomedical Entity-Enriched Pre-trained Language Models and Multiple Instance Learning,scispaCy models,scispaCy models; three scispaCy models,2
237,EQ-5D Classification Using Biomedical Entity-Enriched Pre-trained Language Models and Multiple Instance Learning,pre-trained language models (PLMs),domain-specific pre-trained language models; three PLMs,2
237,EQ-5D Classification Using Biomedical Entity-Enriched Pre-trained Language Models and Multiple Instance Learning,nine experimental setups,nine experimental setups; their,2
237,EQ-5D Classification Using Biomedical Entity-Enriched Pre-trained Language Models and Multiple Instance Learning,systematic literature reviews,systematic literature reviews; systematic reviews,2
237,EQ-5D Classification Using Biomedical Entity-Enriched Pre-trained Language Models and Multiple Instance Learning,[singleton] a standardized instrument for the evaluation of health-related quality of life,a standardized instrument for the evaluation of health-related quality of life,1
237,EQ-5D Classification Using Biomedical Entity-Enriched Pre-trained Language Models and Multiple Instance Learning,[singleton] health economics,health economics,1
237,EQ-5D Classification Using Biomedical Entity-Enriched Pre-trained Language Models and Multiple Instance Learning,[singleton] manual screening of large volumes of scientific literature,manual screening of large volumes of scientific literature,1
237,EQ-5D Classification Using Biomedical Entity-Enriched Pre-trained Language Models and Multiple Instance Learning,[singleton] biomedical entity information,biomedical entity information,1
237,EQ-5D Classification Using Biomedical Entity-Enriched Pre-trained Language Models and Multiple Instance Learning,[singleton] EQ-5D detection from abstracts,EQ-5D detection from abstracts,1
237,EQ-5D Classification Using Biomedical Entity-Enriched Pre-trained Language Models and Multiple Instance Learning,[singleton] a Multiple Instance Learning approach with attention pooling,a Multiple Instance Learning approach with attention pooling,1
237,EQ-5D Classification Using Biomedical Entity-Enriched Pre-trained Language Models and Multiple Instance Learning,[singleton] each abstract,each abstract,1
237,EQ-5D Classification Using Biomedical Entity-Enriched Pre-trained Language Models and Multiple Instance Learning,[singleton] a bag of enriched sentences,a bag of enriched sentences,1
237,EQ-5D Classification Using Biomedical Entity-Enriched Pre-trained Language Models and Multiple Instance Learning,[singleton] The findings,The findings,1
237,EQ-5D Classification Using Biomedical Entity-Enriched Pre-trained Language Models and Multiple Instance Learning,[singleton] F1-scores,F1-scores,1
237,EQ-5D Classification Using Biomedical Entity-Enriched Pre-trained Language Models and Multiple Instance Learning,[singleton] nearly perfect recall,nearly perfect recall,1
237,EQ-5D Classification Using Biomedical Entity-Enriched Pre-trained Language Models and Multiple Instance Learning,[singleton] classical bag-of-words baselines,classical bag-of-words baselines,1
237,EQ-5D Classification Using Biomedical Entity-Enriched Pre-trained Language Models and Multiple Instance Learning,[singleton] recently reported PLM baselines,recently reported PLM baselines,1
237,EQ-5D Classification Using Biomedical Entity-Enriched Pre-trained Language Models and Multiple Instance Learning,[singleton] These results,These results,1
237,EQ-5D Classification Using Biomedical Entity-Enriched Pre-trained Language Models and Multiple Instance Learning,[singleton] entity enrichment,entity enrichment,1
237,EQ-5D Classification Using Biomedical Entity-Enriched Pre-trained Language Models and Multiple Instance Learning,[singleton] domain adaptation,domain adaptation,1
237,EQ-5D Classification Using Biomedical Entity-Enriched Pre-trained Language Models and Multiple Instance Learning,[singleton] model generalization,model generalization,1
237,EQ-5D Classification Using Biomedical Entity-Enriched Pre-trained Language Models and Multiple Instance Learning,[singleton] automated screening,automated screening,1
237,EQ-5D Classification Using Biomedical Entity-Enriched Pre-trained Language Models and Multiple Instance Learning,[self-reference],we; We; we,3
238,Robust Building Damage Detection in Cross-Disaster Settings Using Domain Adaptation,supervised domain adaptation (SDA),supervised domain adaptation; SDA; SDA; it; SDA; domain adaptation,6
238,Robust Building Damage Detection in Cross-Disaster Settings Using Domain Adaptation,the two-stage ensemble pipeline,a two-stage ensemble approach using supervised domain adaptation; The pipeline; Our pipeline,3
238,Robust Building Damage Detection in Cross-Disaster Settings Using Domain Adaptation,domain shift,domain shift; a distributional mismatch between training and deployment data,2
238,Robust Building Damage Detection in Cross-Disaster Settings Using Domain Adaptation,[singleton] remote sensing imagery,remote sensing imagery,1
238,Robust Building Damage Detection in Cross-Disaster Settings Using Domain Adaptation,[singleton] human-machine systems for disaster management,human-machine systems for disaster management,1
238,Robust Building Damage Detection in Cross-Disaster Settings Using Domain Adaptation,[singleton] automated damage detection,automated damage detection,1
238,Robust Building Damage Detection in Cross-Disaster Settings Using Domain Adaptation,[singleton] models trained on multi-disaster benchmarks,models trained on multi-disaster benchmarks,1
238,Robust Building Damage Detection in Cross-Disaster Settings Using Domain Adaptation,[singleton] building damage classification across four severity classes,building damage classification across four severity classes,1
238,Robust Building Damage Detection in Cross-Disaster Settings Using Domain Adaptation,[singleton] the xView2 first-place method,the xView2 first-place method,1
238,Robust Building Damage Detection in Cross-Disaster Settings Using Domain Adaptation,[singleton] the Ida-BD dataset,the Ida-BD dataset,1
238,Robust Building Damage Detection in Cross-Disaster Settings Using Domain Adaptation,[singleton] individual augmentation components,individual augmentation components,1
238,Robust Building Damage Detection in Cross-Disaster Settings Using Domain Adaptation,[singleton] Comprehensive ablation experiments,Comprehensive ablation experiments,1
238,Robust Building Damage Detection in Cross-Disaster Settings Using Domain Adaptation,[singleton] the unseen Ida-BD test split,the unseen Ida-BD test split,1
238,Robust Building Damage Detection in Cross-Disaster Settings Using Domain Adaptation,[singleton] unsharp-enhanced RGB input,unsharp-enhanced RGB input,1
238,Robust Building Damage Detection in Cross-Disaster Settings Using Domain Adaptation,[singleton] a Macro-F1 of 0.5552,a Macro-F1 of 0.5552,1
238,Robust Building Damage Detection in Cross-Disaster Settings Using Domain Adaptation,[singleton] trustworthy automated damage assessment modules,trustworthy automated damage assessment modules,1
238,Robust Building Damage Detection in Cross-Disaster Settings Using Domain Adaptation,[self-reference],We; Our,2
239,Automated rock joint trace mapping using a supervised learning model trained on synthetic data generated by parametric modelling,the proposed geology-driven machine learning method,a geology-driven machine learning method; The approach; The method; The proposed method,4
239,Automated rock joint trace mapping using a supervised learning model trained on synthetic data generated by parametric modelling,mixed training,mixed training; Mixed training,2
239,Automated rock joint trace mapping using a supervised learning model trained on synthetic data generated by parametric modelling,fine-tuning,fine-tuning on real images; fine-tuning is more robust; fine-tuning with a small number of real data,3
239,Automated rock joint trace mapping using a supervised learning model trained on synthetic data generated by parametric modelling,[singleton] automated rock joint trace mapping from images,automated rock joint trace mapping from images,1
239,Automated rock joint trace mapping using a supervised learning model trained on synthetic data generated by parametric modelling,[singleton] geological modelling,geological modelling,1
239,Automated rock joint trace mapping using a supervised learning model trained on synthetic data generated by parametric modelling,[singleton] synthetic data generation,synthetic data generation,1
239,Automated rock joint trace mapping using a supervised learning model trained on synthetic data generated by parametric modelling,[singleton] supervised image segmentation,supervised image segmentation,1
239,Automated rock joint trace mapping using a supervised learning model trained on synthetic data generated by parametric modelling,[singleton] class imbalance,class imbalance,1
239,Automated rock joint trace mapping using a supervised learning model trained on synthetic data generated by parametric modelling,[singleton] discrete fracture network models,discrete fracture network models,1
239,Automated rock joint trace mapping using a supervised learning model trained on synthetic data generated by parametric modelling,[singleton] synthetic jointed rock images,synthetic jointed rock images,1
239,Automated rock joint trace mapping using a supervised learning model trained on synthetic data generated by parametric modelling,[singleton] parametric modelling,parametric modelling,1
239,Automated rock joint trace mapping using a supervised learning model trained on synthetic data generated by parametric modelling,"[singleton] joint persistence, connectivity, and node-type distributions","joint persistence, connectivity, and node-type distributions",1
239,Automated rock joint trace mapping using a supervised learning model trained on synthetic data generated by parametric modelling,[singleton] segmentation models,segmentation models,1
239,Automated rock joint trace mapping using a supervised learning model trained on synthetic data generated by parametric modelling,[singleton] box and slope domains,box and slope domains,1
239,Automated rock joint trace mapping using a supervised learning model trained on synthetic data generated by parametric modelling,[singleton] several real datasets,several real datasets,1
239,Automated rock joint trace mapping using a supervised learning model trained on synthetic data generated by parametric modelling,[singleton] supervised joint trace detection,supervised joint trace detection,1
239,Automated rock joint trace mapping using a supervised learning model trained on synthetic data generated by parametric modelling,[singleton] Fully zero-shot prediction from synthetic model,Fully zero-shot prediction from synthetic model,1
239,Automated rock joint trace mapping using a supervised learning model trained on synthetic data generated by parametric modelling,[singleton] Qualitative analysis,Qualitative analysis,1
239,Automated rock joint trace mapping using a supervised learning model trained on synthetic data generated by parametric modelling,[singleton] quantitative metrics,quantitative metrics,1
239,Automated rock joint trace mapping using a supervised learning model trained on synthetic data generated by parametric modelling,[singleton] domain adaptation and evaluation,domain adaptation and evaluation,1
240,Poststack Seismic Data Preconditioning via Dynamic Guided Learning,Seismic data preconditioning,Seismic data preconditioning; It,2
240,Poststack Seismic Data Preconditioning via Dynamic Guided Learning,classical poststack seismic data enhancement methods,classical poststack seismic data enhancement methods; they,2
240,Poststack Seismic Data Preconditioning via Dynamic Guided Learning,the proposed dynamic training method,a novel two-process dynamic training method; Our method; This dynamic-guided learning workflow; our method,4
240,Poststack Seismic Data Preconditioning via Dynamic Guided Learning,[singleton] subsurface interpretation,subsurface interpretation,1
240,Poststack Seismic Data Preconditioning via Dynamic Guided Learning,[singleton] predefined statistical distributions,predefined statistical distributions,1
240,Poststack Seismic Data Preconditioning via Dynamic Guided Learning,[singleton] seismic noise,seismic noise,1
240,Poststack Seismic Data Preconditioning via Dynamic Guided Learning,[singleton] deep learning methods,deep learning methods,1
240,Poststack Seismic Data Preconditioning via Dynamic Guided Learning,[singleton] large and diverse data sets,large and diverse data sets,1
240,Poststack Seismic Data Preconditioning via Dynamic Guided Learning,[singleton] static databases,static databases,1
240,Poststack Seismic Data Preconditioning via Dynamic Guided Learning,[singleton] domain bias,domain bias,1
240,Poststack Seismic Data Preconditioning via Dynamic Guided Learning,[singleton] a dynamic database,a dynamic database,1
240,Poststack Seismic Data Preconditioning via Dynamic Guided Learning,[singleton] clean and noisy patches,clean and noisy patches,1
240,Poststack Seismic Data Preconditioning via Dynamic Guided Learning,[singleton] a supervised enhancement network,a supervised enhancement network,1
240,Poststack Seismic Data Preconditioning via Dynamic Guided Learning,[singleton] the training data,the training data,1
240,Poststack Seismic Data Preconditioning via Dynamic Guided Learning,[singleton] a domain adaptation,a domain adaptation,1
240,Poststack Seismic Data Preconditioning via Dynamic Guided Learning,[singleton] a neural style transfer strategy,a neural style transfer strategy,1
240,Poststack Seismic Data Preconditioning via Dynamic Guided Learning,[singleton] unknown noise domains,unknown noise domains,1
240,Poststack Seismic Data Preconditioning via Dynamic Guided Learning,[singleton] state-of-the-art solutions,state-of-the-art solutions,1
240,Poststack Seismic Data Preconditioning via Dynamic Guided Learning,[singleton] both synthetic and field data,both synthetic and field data,1
240,Poststack Seismic Data Preconditioning via Dynamic Guided Learning,[singleton] the training domain,the training domain,1
240,Poststack Seismic Data Preconditioning via Dynamic Guided Learning,[singleton] known statistical distributions,known statistical distributions,1
240,Poststack Seismic Data Preconditioning via Dynamic Guided Learning,[singleton] diverse data sets of poststack data,diverse data sets of poststack data,1
240,Poststack Seismic Data Preconditioning via Dynamic Guided Learning,[self-reference],Our; we; our,3
241,FedFusion: Federated Learning with Diversityand Cluster-Aware Encoders for Robust Adaptation under Label Scarcity,FedFusion,FedFusion; a federated transfer-learning framework that unifies domain adaptation and frugal labelling with diversity-/cluster-aware encoders; FedFusion; FedFusion,4
241,FedFusion: Federated Learning with Diversityand Cluster-Aware Encoders for Robust Adaptation under Label Scarcity,[singleton] heterogeneous feature spaces,heterogeneous feature spaces,1
241,FedFusion: Federated Learning with Diversityand Cluster-Aware Encoders for Robust Adaptation under Label Scarcity,[singleton] severe non-IID data,severe non-IID data,1
241,FedFusion: Federated Learning with Diversityand Cluster-Aware Encoders for Robust Adaptation under Label Scarcity,[singleton] Labelled teacher clients,Labelled teacher clients,1
241,FedFusion: Federated Learning with Diversityand Cluster-Aware Encoders for Robust Adaptation under Label Scarcity,[singleton] learner clients,learner clients,1
241,FedFusion: Federated Learning with Diversityand Cluster-Aware Encoders for Robust Adaptation under Label Scarcity,[singleton] confidence-filtered pseudo-labels,confidence-filtered pseudo-labels,1
241,FedFusion: Federated Learning with Diversityand Cluster-Aware Encoders for Robust Adaptation under Label Scarcity,[singleton] domain-adaptive transfer,domain-adaptive transfer,1
241,FedFusion: Federated Learning with Diversityand Cluster-Aware Encoders for Robust Adaptation under Label Scarcity,[singleton] personalised encoders,personalised encoders,1
241,FedFusion: Federated Learning with Diversityand Cluster-Aware Encoders for Robust Adaptation under Label Scarcity,[singleton] similarity-weighted classifier coupling,similarity-weighted classifier coupling,1
241,FedFusion: Federated Learning with Diversityand Cluster-Aware Encoders for Robust Adaptation under Label Scarcity,[singleton] The frugal-labelling pipeline,The frugal-labelling pipeline,1
241,FedFusion: Federated Learning with Diversityand Cluster-Aware Encoders for Robust Adaptation under Label Scarcity,[singleton] self-/semi-supervised pretext training,self-/semi-supervised pretext training,1
241,FedFusion: Federated Learning with Diversityand Cluster-Aware Encoders for Robust Adaptation under Label Scarcity,[singleton] selective fine-tuning,selective fine-tuning,1
241,FedFusion: Federated Learning with Diversityand Cluster-Aware Encoders for Robust Adaptation under Label Scarcity,[singleton] tabular and imaging benchmarks,tabular and imaging benchmarks,1
241,FedFusion: Federated Learning with Diversityand Cluster-Aware Encoders for Robust Adaptation under Label Scarcity,[singleton] state-of-the-art baselines,state-of-the-art baselines,1
241,FedFusion: Federated Learning with Diversityand Cluster-Aware Encoders for Robust Adaptation under Label Scarcity,[singleton] These results,These results,1
241,FedFusion: Federated Learning with Diversityand Cluster-Aware Encoders for Robust Adaptation under Label Scarcity,[self-reference],We,1
242,Structure-Attribute Transformations with Markov Chain Boost Graph Domain Adaptation,graph domain adaptation,Graph domain adaptation; graph domain adaptation,2
242,Structure-Attribute Transformations with Markov Chain Boost Graph Domain Adaptation,Traditional approaches to graph domain adaptation,Traditional approaches to graph domain adaptation; these methods,2
242,Structure-Attribute Transformations with Markov Chain Boost Graph Domain Adaptation,structural heterogeneity between graph domains,the underlying structural heterogeneity between distinct graph domains; which,2
242,Structure-Attribute Transformations with Markov Chain Boost Graph Domain Adaptation,Structure-Attribute Transformation with Markov Chain (SATMC),Structure-Attribute Transformation with Markov Chain; a novel framework; SATMC; SATMC; SATMC,5
242,Structure-Attribute Transformations with Markov Chain Boost Graph Domain Adaptation,cross-network node classification task,cross-network node classification; the cross-network node classification task,2
242,Structure-Attribute Transformations with Markov Chain Boost Graph Domain Adaptation,[singleton] label-scarce scenarios,label-scarce scenarios,1
242,Structure-Attribute Transformations with Markov Chain Boost Graph Domain Adaptation,[singleton] node attributes,node attributes,1
242,Structure-Attribute Transformations with Markov Chain Boost Graph Domain Adaptation,[singleton] raw graph structures,raw graph structures,1
242,Structure-Attribute Transformations with Markov Chain Boost Graph Domain Adaptation,[singleton] the transformed node features,the transformed node features,1
242,Structure-Attribute Transformations with Markov Chain Boost Graph Domain Adaptation,[singleton] domain-private information,domain-private information,1
242,Structure-Attribute Transformations with Markov Chain Boost Graph Domain Adaptation,[singleton] a private domain information reduction mechanism,a private domain information reduction mechanism,1
242,Structure-Attribute Transformations with Markov Chain Boost Graph Domain Adaptation,[singleton] an empirical Wasserstein distance,an empirical Wasserstein distance,1
242,Structure-Attribute Transformations with Markov Chain Boost Graph Domain Adaptation,[singleton] Theoretical proofs,Theoretical proofs,1
242,Structure-Attribute Transformations with Markov Chain Boost Graph Domain Adaptation,[singleton] a tighter error bound,a tighter error bound,1
242,Structure-Attribute Transformations with Markov Chain Boost Graph Domain Adaptation,[singleton] existing graph domain adaptation methods,existing graph domain adaptation methods,1
242,Structure-Attribute Transformations with Markov Chain Boost Graph Domain Adaptation,[singleton] nine pairs of publicly available cross-domain datasets,nine pairs of publicly available cross-domain datasets,1
242,Structure-Attribute Transformations with Markov Chain Boost Graph Domain Adaptation,[singleton] state-of-the-art methods,state-of-the-art methods,1
242,Structure-Attribute Transformations with Markov Chain Boost Graph Domain Adaptation,[self-reference],we,1
243,Domain Shift in Computer Vision models for MRI data analysis: An Overview,the present survey,present work; this survey; a survey,3
243,Domain Shift in Computer Vision models for MRI data analysis: An Overview,accurate models,accurate models; their,2
243,Domain Shift in Computer Vision models for MRI data analysis: An Overview,the latest methods for MRI data analysis,the latest methods applied to the magnetic resonance imaging data analysis; their,2
243,Domain Shift in Computer Vision models for MRI data analysis: An Overview,[singleton] Machine learning and computer vision methods,Machine learning and computer vision methods,1
243,Domain Shift in Computer Vision models for MRI data analysis: An Overview,[singleton] medical imagery analysis,medical imagery analysis,1
243,Domain Shift in Computer Vision models for MRI data analysis: An Overview,[singleton] clinical use,clinical use,1
243,Domain Shift in Computer Vision models for MRI data analysis: An Overview,[singleton] poor transferability of themodels,poor transferability of themodels,1
243,Domain Shift in Computer Vision models for MRI data analysis: An Overview,[singleton] multi-modal medical imaging data,multi-modal medical imaging data,1
243,Domain Shift in Computer Vision models for MRI data analysis: An Overview,[singleton] thedomain shift problem,thedomain shift problem,1
243,Domain Shift in Computer Vision models for MRI data analysis: An Overview,[singleton] advanced data processing,advanced data processing,1
243,Domain Shift in Computer Vision models for MRI data analysis: An Overview,[singleton] model architecture enhancing,model architecture enhancing,1
243,Domain Shift in Computer Vision models for MRI data analysis: An Overview,[singleton] featured training,featured training,1
243,Domain Shift in Computer Vision models for MRI data analysis: An Overview,[singleton] domaininvariant latent space,domaininvariant latent space,1
243,Domain Shift in Computer Vision models for MRI data analysis: An Overview,[singleton] the autoencoding neural networks and their domain-invariant variations,the autoencoding neural networks and their domain-invariant variations,1
243,Domain Shift in Computer Vision models for MRI data analysis: An Overview,[self-reference],we; We,2
244,DeepJDOT: Deep Joint Distribution Optimal Transport for Unsupervised Domain Adaptation,the classifier,a classifier trained on a source dataset; the model; the classifier; the classifier,4
244,DeepJDOT: Deep Joint Distribution Optimal Transport for Unsupervised Domain Adaptation,domain shifts,problems of domain shifts; which; this problem,3
244,DeepJDOT: Deep Joint Distribution Optimal Transport for Unsupervised Domain Adaptation,target data,target data sharing similar characteristics; the new data,2
244,DeepJDOT: Deep Joint Distribution Optimal Transport for Unsupervised Domain Adaptation,DeepJDOT,DeepJDOT; DeepJDOT; it,3
244,DeepJDOT: Deep Joint Distribution Optimal Transport for Unsupervised Domain Adaptation,[singleton] a source dataset,a source dataset,1
244,DeepJDOT: Deep Joint Distribution Optimal Transport for Unsupervised Domain Adaptation,[singleton] the source domain,the source domain,1
244,DeepJDOT: Deep Joint Distribution Optimal Transport for Unsupervised Domain Adaptation,[singleton] optimal transport,optimal transport,1
244,DeepJDOT: Deep Joint Distribution Optimal Transport for Unsupervised Domain Adaptation,[singleton] new data representations,new data representations,1
244,DeepJDOT: Deep Joint Distribution Optimal Transport for Unsupervised Domain Adaptation,[singleton] the discriminative information,the discriminative information,1
244,DeepJDOT: Deep Joint Distribution Optimal Transport for Unsupervised Domain Adaptation,[singleton] a series of visual recognition tasks,a series of visual recognition tasks,1
244,DeepJDOT: Deep Joint Distribution Optimal Transport for Unsupervised Domain Adaptation,[singleton] state-of-the-art deep domain adaptation methods,state-of-the-art deep domain adaptation methods,1
244,DeepJDOT: Deep Joint Distribution Optimal Transport for Unsupervised Domain Adaptation,[singleton] visual cues,visual cues,1
244,DeepJDOT: Deep Joint Distribution Optimal Transport for Unsupervised Domain Adaptation,[singleton] computer vision,computer vision,1
244,DeepJDOT: Deep Joint Distribution Optimal Transport for Unsupervised Domain Adaptation,[singleton] joint deep representations/labels,joint deep representations/labels,1
244,DeepJDOT: Deep Joint Distribution Optimal Transport for Unsupervised Domain Adaptation,[self-reference],we; we; We,3
245,Discriminative Label Consistent Domain Adaptation,the proposed DA method,a novel unsupervised DA method for cross-domain visual recognition; which simultaneously optimizes; the proposed DA method iteratively searches; the proposed DA method sparsely regresses; the proposed DA method which consistently outperforms,5
245,Discriminative Label Consistent Domain Adaptation,source data,source data; the source data,2
245,Discriminative Label Consistent Domain Adaptation,the shared feature subspace,a latent shared feature subspace; the shared subspace,2
245,Discriminative Label Consistent Domain Adaptation,state-of-the-art DA methods,most state-of-the-art DA methods; the state-of-the-art DA methods,2
245,Discriminative Label Consistent Domain Adaptation,standard DA benchmarks,standard DA benchmarks; 12 cross-domain image classification tasks,2
245,Discriminative Label Consistent Domain Adaptation,[singleton] Domain adaptation,Domain adaptation,1
245,Discriminative Label Consistent Domain Adaptation,[singleton] transfer learning,transfer learning,1
245,Discriminative Label Consistent Domain Adaptation,[singleton] an effective predictor,an effective predictor,1
245,Discriminative Label Consistent Domain Adaptation,[singleton] target data,target data,1
245,Discriminative Label Consistent Domain Adaptation,[singleton] a theoretically established error bound,a theoretically established error bound,1
245,Discriminative Label Consistent Domain Adaptation,[singleton] the source domain,the source domain,1
245,Discriminative Label Consistent Domain Adaptation,[singleton] the target domain,the target domain,1
245,Discriminative Label Consistent Domain Adaptation,[singleton] the inter-class distances,the inter-class distances,1
245,Discriminative Label Consistent Domain Adaptation,[singleton] discriminative learning,discriminative learning,1
245,Discriminative Label Consistent Domain Adaptation,[singleton] class labels,class labels,1
245,Discriminative Label Consistent Domain Adaptation,[singleton] the prediction errors,the prediction errors,1
245,Discriminative Label Consistent Domain Adaptation,[singleton] label consistency,label consistency,1
245,Discriminative Label Consistent Domain Adaptation,[singleton] Data outliers,Data outliers,1
245,Discriminative Label Consistent Domain Adaptation,[singleton] negative knowledge transfer,negative knowledge transfer,1
245,Discriminative Label Consistent Domain Adaptation,[singleton] Comprehensive experiments and in-depth analysis,Comprehensive experiments and in-depth analysis,1
245,Discriminative Label Consistent Domain Adaptation,[self-reference],We,1
246,CL3D: Unsupervised Domain Adaptation for Cross-LiDAR 3D Detection,the proposed unsupervised domain adaptation method,an unsupervised domain adaptation method; our method,2
246,CL3D: Unsupervised Domain Adaptation for Cross-LiDAR 3D Detection,the two domains,two domains; two domains,2
246,CL3D: Unsupervised Domain Adaptation for Cross-LiDAR 3D Detection,[singleton] Domain adaptation for Cross-LiDAR 3D detection,Domain adaptation for Cross-LiDAR 3D detection,1
246,CL3D: Unsupervised Domain Adaptation for Cross-LiDAR 3D Detection,[singleton] the Spatial Geometry Alignment module,the Spatial Geometry Alignment module,1
246,CL3D: Unsupervised Domain Adaptation for Cross-LiDAR 3D Detection,[singleton] Temporal Motion Alignment module,Temporal Motion Alignment module,1
246,CL3D: Unsupervised Domain Adaptation for Cross-LiDAR 3D Detection,[singleton] Prototypes,Prototypes,1
246,CL3D: Unsupervised Domain Adaptation for Cross-LiDAR 3D Detection,[singleton] two modules,two modules,1
246,CL3D: Unsupervised Domain Adaptation for Cross-LiDAR 3D Detection,[singleton] the pseudo-label reweighting procedure,the pseudo-label reweighting procedure,1
246,CL3D: Unsupervised Domain Adaptation for Cross-LiDAR 3D Detection,[singleton] the target domain,the target domain,1
246,CL3D: Unsupervised Domain Adaptation for Cross-LiDAR 3D Detection,[singleton] cross-device datasets,cross-device datasets,1
246,CL3D: Unsupervised Domain Adaptation for Cross-LiDAR 3D Detection,[singleton] the datasets with large gaps,the datasets with large gaps,1
246,CL3D: Unsupervised Domain Adaptation for Cross-LiDAR 3D Detection,[singleton] mechanical scanning LiDARs,mechanical scanning LiDARs,1
246,CL3D: Unsupervised Domain Adaptation for Cross-LiDAR 3D Detection,[singleton] solid-state LiDARs,solid-state LiDARs,1
246,CL3D: Unsupervised Domain Adaptation for Cross-LiDAR 3D Detection,[self-reference],we; we; we; our; our,5
247,Searching for Optimal Subword Tokenization in Cross-domain NER,UDA approaches,The most popular UDA approaches; these approaches,2
247,Searching for Optimal Subword Tokenization in Cross-domain NER,cross-domain NER,cross-domain NER; cross-domain NER,2
247,Searching for Optimal Subword Tokenization in Cross-domain NER,X-Piece (the proposed subword-level method),"a subword-level solution, X-Piece; this approach; it; the proposed method; the proposed method",5
247,Searching for Optimal Subword Tokenization in Cross-domain NER,DIRL methods,previous DIRL methods; DIRL methods such as DANN,2
247,Searching for Optimal Subword Tokenization in Cross-domain NER,[singleton] Input distribution shift,Input distribution shift,1
247,Searching for Optimal Subword Tokenization in Cross-domain NER,[singleton] unsupervised domain adaptation,unsupervised domain adaptation,1
247,Searching for Optimal Subword Tokenization in Cross-domain NER,[singleton] domain-invariant representation learning,domain-invariant representation learning,1
247,Searching for Optimal Subword Tokenization in Cross-domain NER,[singleton] the direct alignment of input word distributions between domains,the direct alignment of input word distributions between domains,1
247,Searching for Optimal Subword Tokenization in Cross-domain NER,[singleton] word-level classification tasks,word-level classification tasks,1
247,Searching for Optimal Subword Tokenization in Cross-domain NER,[singleton] input word-level distribution shift in NER,input word-level distribution shift in NER,1
247,Searching for Optimal Subword Tokenization in Cross-domain NER,[singleton] the input words of the source domain,the input words of the source domain,1
247,Searching for Optimal Subword Tokenization in Cross-domain NER,[singleton] the target subword distribution,the target subword distribution,1
247,Searching for Optimal Subword Tokenization in Cross-domain NER,[singleton] an optimal transport problem,an optimal transport problem,1
247,Searching for Optimal Subword Tokenization in Cross-domain NER,[singleton] BERT-tagger,BERT-tagger,1
247,Searching for Optimal Subword Tokenization in Cross-domain NER,[singleton] four benchmark NER datasets,four benchmark NER datasets,1
247,Searching for Optimal Subword Tokenization in Cross-domain NER,[singleton] DANN,DANN,1
247,Searching for Optimal Subword Tokenization in Cross-domain NER,[self-reference],we; we,2
248,Towards Scalable Customization and Deployment of Multi-Agent Systems for Enterprise Applications,multi-agent systems,Large language model based multi-agent systems; multi-agent systems,2
248,Towards Scalable Customization and Deployment of Multi-Agent Systems for Enterprise Applications,the proposed unified framework,a unified framework; our framework,2
248,Towards Scalable Customization and Deployment of Multi-Agent Systems for Enterprise Applications,[singleton] complex reasoning and task execution,complex reasoning and task execution,1
248,Towards Scalable Customization and Deployment of Multi-Agent Systems for Enterprise Applications,[singleton] broad enterprise applications,broad enterprise applications,1
248,Towards Scalable Customization and Deployment of Multi-Agent Systems for Enterprise Applications,[singleton] production deployment,production deployment,1
248,Towards Scalable Customization and Deployment of Multi-Agent Systems for Enterprise Applications,[singleton] domain-specific customization requirements,domain-specific customization requirements,1
248,Towards Scalable Customization and Deployment of Multi-Agent Systems for Enterprise Applications,[singleton] high latency and inference costs,high latency and inference costs,1
248,Towards Scalable Customization and Deployment of Multi-Agent Systems for Enterprise Applications,[singleton] agentic workflows,agentic workflows,1
248,Towards Scalable Customization and Deployment of Multi-Agent Systems for Enterprise Applications,"[singleton] The first stage, Agentic Model Customization","The first stage, Agentic Model Customization",1
248,Towards Scalable Customization and Deployment of Multi-Agent Systems for Enterprise Applications,[singleton] continual pretraining,continual pretraining,1
248,Towards Scalable Customization and Deployment of Multi-Agent Systems for Enterprise Applications,[singleton] supervised fine-tuning,supervised fine-tuning,1
248,Towards Scalable Customization and Deployment of Multi-Agent Systems for Enterprise Applications,[singleton] preference optimization,preference optimization,1
248,Towards Scalable Customization and Deployment of Multi-Agent Systems for Enterprise Applications,[singleton] a compact model,a compact model,1
248,Towards Scalable Customization and Deployment of Multi-Agent Systems for Enterprise Applications,"[singleton] The second stage, Inference Optimization","The second stage, Inference Optimization",1
248,Towards Scalable Customization and Deployment of Multi-Agent Systems for Enterprise Applications,[singleton] speculative decoding,speculative decoding,1
248,Towards Scalable Customization and Deployment of Multi-Agent Systems for Enterprise Applications,[singleton] FP8 quantization,FP8 quantization,1
248,Towards Scalable Customization and Deployment of Multi-Agent Systems for Enterprise Applications,[singleton] targeted calibration,targeted calibration,1
248,Towards Scalable Customization and Deployment of Multi-Agent Systems for Enterprise Applications,[singleton] cost-efficient serving,cost-efficient serving,1
248,Towards Scalable Customization and Deployment of Multi-Agent Systems for Enterprise Applications,[singleton] enterprise workloads,enterprise workloads,1
248,Towards Scalable Customization and Deployment of Multi-Agent Systems for Enterprise Applications,[singleton] rapid domain adaptation,rapid domain adaptation,1
248,Towards Scalable Customization and Deployment of Multi-Agent Systems for Enterprise Applications,[singleton] a 4.48x speedup in throughput,a 4.48x speedup in throughput,1
248,Towards Scalable Customization and Deployment of Multi-Agent Systems for Enterprise Applications,[singleton] long-tail scenarios,long-tail scenarios,1
248,Towards Scalable Customization and Deployment of Multi-Agent Systems for Enterprise Applications,[self-reference],We; our,2
249,Robust Core-Periphery Constrained Transformer for Domain Adaptation,unsupervised domain adaptation (UDA),Unsupervised domain adaptation; unsupervised domain adaptation,2
249,Robust Core-Periphery Constrained Transformer for Domain Adaptation,the Transformer,the Transformer; its,2
249,Robust Core-Periphery Constrained Transformer for Domain Adaptation,RCCT (robust core-periphery constrained transformer),a novel brain-inspired robust core-periphery constrained transformer for unsupervised domain adaptation; which; RCCT; Our proposed RCCT,4
249,Robust Core-Periphery Constrained Transformer for Domain Adaptation,the learned weighted Core-Periphery graph,an adaptively learned weighted graph with the Core-Periphery structure; the learned weighted CP graph,2
249,Robust Core-Periphery Constrained Transformer for Domain Adaptation,image patches,image patches; images patches; the patches,3
249,Robust Core-Periphery Constrained Transformer for Domain Adaptation,[singleton] Transformer based methods,Transformer based methods,1
249,Robust Core-Periphery Constrained Transformer for Domain Adaptation,[singleton] the source and target domain,the source and target domain,1
249,Robust Core-Periphery Constrained Transformer for Domain Adaptation,[singleton] the human functional brain networks,the human functional brain networks,1
249,Robust Core-Periphery Constrained Transformer for Domain Adaptation,[singleton] the core-periphery principle,the core-periphery principle,1
249,Robust Core-Periphery Constrained Transformer for Domain Adaptation,[singleton] the connection strength,the connection strength,1
249,Robust Core-Periphery Constrained Transformer for Domain Adaptation,[singleton] the latent space,the latent space,1
249,Robust Core-Periphery Constrained Transformer for Domain Adaptation,[singleton] robust learned weighted core-periphery graphs,robust learned weighted core-periphery graphs,1
249,Robust Core-Periphery Constrained Transformer for Domain Adaptation,[singleton] UDA benchmarks,UDA benchmarks,1
249,Robust Core-Periphery Constrained Transformer for Domain Adaptation,[singleton] Office-Home,Office-Home,1
249,Robust Core-Periphery Constrained Transformer for Domain Adaptation,[singleton] Office-31,Office-31,1
249,Robust Core-Periphery Constrained Transformer for Domain Adaptation,[singleton] VisDA-2017,VisDA-2017,1
249,Robust Core-Periphery Constrained Transformer for Domain Adaptation,[singleton] DomainNet,DomainNet,1
249,Robust Core-Periphery Constrained Transformer for Domain Adaptation,[self-reference],we; we; Our,3
250,Bridging the Synthetic-to-Authentic Gap: Distortion-Guided Unsupervised Domain Adaptation for Blind Image Quality Assessment,DGQA (distortion-guided unsupervised domain adaptation for BIQA),distortion-guided unsupervised domain adaptation for BIQA (DGQA); a novel framework; DGQA; DGQA,4
250,Bridging the Synthetic-to-Authentic Gap: Distortion-Guided Unsupervised Domain Adaptation for Blind Image Quality Assessment,existing model based BIQA methods,existing model based BIQA methods; such models,2
250,Bridging the Synthetic-to-Authentic Gap: Distortion-Guided Unsupervised Domain Adaptation for Blind Image Quality Assessment,[singleton] The annotation of blind image quality assessment,The annotation of blind image quality assessment,1
250,Bridging the Synthetic-to-Authentic Gap: Distortion-Guided Unsupervised Domain Adaptation for Blind Image Quality Assessment,[singleton] authentic images,authentic images,1
250,Bridging the Synthetic-to-Authentic Gap: Distortion-Guided Unsupervised Domain Adaptation for Blind Image Quality Assessment,[singleton] Training on synthetic data,Training on synthetic data,1
250,Bridging the Synthetic-to-Authentic Gap: Distortion-Guided Unsupervised Domain Adaptation for Blind Image Quality Assessment,[singleton] synthetically trained models,synthetically trained models,1
250,Bridging the Synthetic-to-Authentic Gap: Distortion-Guided Unsupervised Domain Adaptation for Blind Image Quality Assessment,[singleton] domain gaps,domain gaps,1
250,Bridging the Synthetic-to-Authentic Gap: Distortion-Guided Unsupervised Domain Adaptation for Blind Image Quality Assessment,[singleton] the synthetic dataset,the synthetic dataset,1
250,Bridging the Synthetic-to-Authentic Gap: Distortion-Guided Unsupervised Domain Adaptation for Blind Image Quality Assessment,[singleton] authentic image quality assessment,authentic image quality assessment,1
250,Bridging the Synthetic-to-Authentic Gap: Distortion-Guided Unsupervised Domain Adaptation for Blind Image Quality Assessment,[singleton] adaptive multi-domain selection,adaptive multi-domain selection,1
250,Bridging the Synthetic-to-Authentic Gap: Distortion-Guided Unsupervised Domain Adaptation for Blind Image Quality Assessment,[singleton] prior knowledge from distortion,prior knowledge from distortion,1
250,Bridging the Synthetic-to-Authentic Gap: Distortion-Guided Unsupervised Domain Adaptation for Blind Image Quality Assessment,[singleton] the source domains,the source domains,1
250,Bridging the Synthetic-to-Authentic Gap: Distortion-Guided Unsupervised Domain Adaptation for Blind Image Quality Assessment,[singleton] the target domain,the target domain,1
250,Bridging the Synthetic-to-Authentic Gap: Distortion-Guided Unsupervised Domain Adaptation for Blind Image Quality Assessment,[singleton] negative transfer,negative transfer,1
250,Bridging the Synthetic-to-Authentic Gap: Distortion-Guided Unsupervised Domain Adaptation for Blind Image Quality Assessment,[singleton] the outlier source domains,the outlier source domains,1
250,Bridging the Synthetic-to-Authentic Gap: Distortion-Guided Unsupervised Domain Adaptation for Blind Image Quality Assessment,[singleton] two cross-domain settings,two cross-domain settings,1
250,Bridging the Synthetic-to-Authentic Gap: Distortion-Guided Unsupervised Domain Adaptation for Blind Image Quality Assessment,[singleton] less training data,less training data,1
250,Bridging the Synthetic-to-Authentic Gap: Distortion-Guided Unsupervised Domain Adaptation for Blind Image Quality Assessment,[self-reference],we; we; our,3
251,Deep Unsupervised Domain Adaptation: A Review of Recent Advances and Perspectives,Deep learning,Deep learning; its ability to learn from data; its success; Its performance on unseen target domains,4
251,Deep Unsupervised Domain Adaptation: A Review of Recent Advances and Perspectives,Unsupervised domain adaptation (UDA),Unsupervised domain adaptation; UDA; its methods and applications; UDA,4
251,Deep Unsupervised Domain Adaptation: A Review of Recent Advances and Perspectives,the target domain,a target domain; the target domain,2
251,Deep Unsupervised Domain Adaptation: A Review of Recent Advances and Perspectives,[singleton] labeled datasets,labeled datasets,1
251,Deep Unsupervised Domain Adaptation: A Review of Recent Advances and Perspectives,[singleton] training and testing data,training and testing data,1
251,Deep Unsupervised Domain Adaptation: A Review of Recent Advances and Perspectives,[singleton] out-of-distribution data,out-of-distribution data,1
251,Deep Unsupervised Domain Adaptation: A Review of Recent Advances and Perspectives,[singleton] deep neural networks,deep neural networks,1
251,Deep Unsupervised Domain Adaptation: A Review of Recent Advances and Perspectives,[singleton] a source domain,a source domain,1
251,Deep Unsupervised Domain Adaptation: A Review of Recent Advances and Perspectives,[singleton] labeled source domain data,labeled source domain data,1
251,Deep Unsupervised Domain Adaptation: A Review of Recent Advances and Perspectives,[singleton] unlabeled target domain data,unlabeled target domain data,1
251,Deep Unsupervised Domain Adaptation: A Review of Recent Advances and Perspectives,[singleton] natural image processing,natural image processing,1
251,Deep Unsupervised Domain Adaptation: A Review of Recent Advances and Perspectives,[singleton] video analysis,video analysis,1
251,Deep Unsupervised Domain Adaptation: A Review of Recent Advances and Perspectives,[singleton] natural language processing,natural language processing,1
251,Deep Unsupervised Domain Adaptation: A Review of Recent Advances and Perspectives,[singleton] time-series data analysis,time-series data analysis,1
251,Deep Unsupervised Domain Adaptation: A Review of Recent Advances and Perspectives,[singleton] medical image analysis,medical image analysis,1
251,Deep Unsupervised Domain Adaptation: A Review of Recent Advances and Perspectives,[singleton] this review,this review,1
251,Deep Unsupervised Domain Adaptation: A Review of Recent Advances and Perspectives,[singleton] domain generalization,domain generalization,1
251,Deep Unsupervised Domain Adaptation: A Review of Recent Advances and Perspectives,[singleton] out-of-distribution detection,out-of-distribution detection,1
251,Deep Unsupervised Domain Adaptation: A Review of Recent Advances and Perspectives,[self-reference],we,1
252,Recent Advances in Domain Adaptation for the Classification of Remote Sensing Data,training samples,the samples used to train the classification algorithm and to define the model; training samples,2
252,Recent Advances in Domain Adaptation for the Classification of Remote Sensing Data,the model,the model; the model,2
252,Recent Advances in Domain Adaptation for the Classification of Remote Sensing Data,spectral shifts between the two distributions,spectral shifts between the two distributions; Such shifts,2
252,Recent Advances in Domain Adaptation for the Classification of Remote Sensing Data,domain adaptation (DA),domain adaptation (DA) approaches; several DA methods; DA,3
252,Recent Advances in Domain Adaptation for the Classification of Remote Sensing Data,[singleton] remotely sensed images acquired over large geographical areas or at short time intervals,remotely sensed images acquired over large geographical areas or at short time intervals,1
252,Recent Advances in Domain Adaptation for the Classification of Remote Sensing Data,[singleton] the classification algorithm,the classification algorithm,1
252,Recent Advances in Domain Adaptation for the Classification of Remote Sensing Data,[singleton] an image different from the one used for mapping,an image different from the one used for mapping,1
252,Recent Advances in Domain Adaptation for the Classification of Remote Sensing Data,[singleton] data-set shifts,data-set shifts,1
252,Recent Advances in Domain Adaptation for the Classification of Remote Sensing Data,[singleton] recent remote sensing literature,recent remote sensing literature,1
252,Recent Advances in Domain Adaptation for the Classification of Remote Sensing Data,[singleton] machine learning literature,machine learning literature,1
252,Recent Advances in Domain Adaptation for the Classification of Remote Sensing Data,[singleton] This paper,This paper,1
252,Recent Advances in Domain Adaptation for the Classification of Remote Sensing Data,[singleton] invariant feature selection,invariant feature selection,1
252,Recent Advances in Domain Adaptation for the Classification of Remote Sensing Data,[singleton] representation matching,representation matching,1
252,Recent Advances in Domain Adaptation for the Classification of Remote Sensing Data,[singleton] adaptation of classifiers,adaptation of classifiers,1
252,Recent Advances in Domain Adaptation for the Classification of Remote Sensing Data,[singleton] selective sampling,selective sampling,1
252,Recent Advances in Domain Adaptation for the Classification of Remote Sensing Data,[singleton] real remote sensing images characterized by very high spatial and spectral resolution,real remote sensing images characterized by very high spatial and spectral resolution,1
252,Recent Advances in Domain Adaptation for the Classification of Remote Sensing Data,[singleton] the method to use in real application scenarios,the method to use in real application scenarios,1
252,Recent Advances in Domain Adaptation for the Classification of Remote Sensing Data,[self-reference],We; we,2
253,Vision Transformer based Adversarial Domain Adaptation,Vision transformer (ViT),Vision transformer; its emergence; its potential; the ViT; ViT,5
253,Vision Transformer based Adversarial Domain Adaptation,existing UDA methods,The most recent UDA methods; existing UDA methods; existing UDA methods,3
253,Vision Transformer based Adversarial Domain Adaptation,adversarial domain adaptation,adversarial domain adaptation; adversarial domain adaptation; adversarial domain adaptation,3
253,Vision Transformer based Adversarial Domain Adaptation,[singleton] Unsupervised domain adaptation,Unsupervised domain adaptation,1
253,Vision Transformer based Adversarial Domain Adaptation,[singleton] a labeled source domain,a labeled source domain,1
253,Vision Transformer based Adversarial Domain Adaptation,[singleton] an unlabeled target domain,an unlabeled target domain,1
253,Vision Transformer based Adversarial Domain Adaptation,[singleton] adversarial training,adversarial training,1
253,Vision Transformer based Adversarial Domain Adaptation,[singleton] convolutional neural networks,convolutional neural networks,1
253,Vision Transformer based Adversarial Domain Adaptation,[singleton] domain invariant features,domain invariant features,1
253,Vision Transformer based Adversarial Domain Adaptation,[singleton] image classification,image classification,1
253,Vision Transformer based Adversarial Domain Adaptation,[singleton] object detection,object detection,1
253,Vision Transformer based Adversarial Domain Adaptation,[singleton] semantic segmentation,semantic segmentation,1
253,Vision Transformer based Adversarial Domain Adaptation,[singleton] this gap,this gap,1
253,Vision Transformer based Adversarial Domain Adaptation,[singleton] the feature extractor,the feature extractor,1
253,Vision Transformer based Adversarial Domain Adaptation,[singleton] a plug-and-play component,a plug-and-play component,1
253,Vision Transformer based Adversarial Domain Adaptation,[singleton] the CNN based feature extractor,the CNN based feature extractor,1
253,Vision Transformer based Adversarial Domain Adaptation,[singleton] the ViT based feature extractor,the ViT based feature extractor,1
253,Vision Transformer based Adversarial Domain Adaptation,[self-reference],we; we,2
254,3DTCR: A Physics-Based Generative Framework for Vortex-Following 3D Reconstruction to Improve Tropical Cyclone Intensity Forecasting,3DTCR framework,3DTCR; a physics based generative framework combining physical constraints with generative AI efficiency for 3D TC structure reconstruction; 3DTCR; The framework; 3DTCR; its; 3DTCR; a physics based generative framework that efficiently resolves fine-scale structures at lower computational cost,8
254,3DTCR: A Physics-Based Generative Framework for Vortex-Following 3D Reconstruction to Improve Tropical Cyclone Intensity Forecasting,tropical cyclone intensity forecasting,Tropical cyclone intensity forecasting; TC intensity prediction; TC intensity forecasting,3
254,3DTCR: A Physics-Based Generative Framework for Vortex-Following 3D Reconstruction to Improve Tropical Cyclone Intensity Forecasting,[singleton] current numerical and AI based weather models,current numerical and AI based weather models,1
254,3DTCR: A Physics-Based Generative Framework for Vortex-Following 3D Reconstruction to Improve Tropical Cyclone Intensity Forecasting,[singleton] intensity time-series forecasting,intensity time-series forecasting,1
254,3DTCR: A Physics-Based Generative Framework for Vortex-Following 3D Reconstruction to Improve Tropical Cyclone Intensity Forecasting,[singleton] High-resolution numerical simulations,High-resolution numerical simulations,1
254,3DTCR: A Physics-Based Generative Framework for Vortex-Following 3D Reconstruction to Improve Tropical Cyclone Intensity Forecasting,"[singleton] a six-year, 3-km-resolution moving-domain WRF dataset","a six-year, 3-km-resolution moving-domain WRF dataset",1
254,3DTCR: A Physics-Based Generative Framework for Vortex-Following 3D Reconstruction to Improve Tropical Cyclone Intensity Forecasting,[singleton] conditional Flow Matching,conditional Flow Matching,1
254,3DTCR: A Physics-Based Generative Framework for Vortex-Following 3D Reconstruction to Improve Tropical Cyclone Intensity Forecasting,[singleton] latent domain adaptation,latent domain adaptation,1
254,3DTCR: A Physics-Based Generative Framework for Vortex-Following 3D Reconstruction to Improve Tropical Cyclone Intensity Forecasting,[singleton] two-stage transfer learning,two-stage transfer learning,1
254,3DTCR: A Physics-Based Generative Framework for Vortex-Following 3D Reconstruction to Improve Tropical Cyclone Intensity Forecasting,[singleton] the ECMWF high-resolution forecasting system,the ECMWF high-resolution forecasting system,1
254,3DTCR: A Physics-Based Generative Framework for Vortex-Following 3D Reconstruction to Improve Tropical Cyclone Intensity Forecasting,[singleton] the RMSE of maximum WS10M,the RMSE of maximum WS10M,1
254,3DTCR: A Physics-Based Generative Framework for Vortex-Following 3D Reconstruction to Improve Tropical Cyclone Intensity Forecasting,[singleton] FuXi inputs,FuXi inputs,1
254,3DTCR: A Physics-Based Generative Framework for Vortex-Following 3D Reconstruction to Improve Tropical Cyclone Intensity Forecasting,[singleton] track stability,track stability,1
254,3DTCR: A Physics-Based Generative Framework for Vortex-Following 3D Reconstruction to Improve Tropical Cyclone Intensity Forecasting,[self-reference],we,1
255,Universal Domain Adaptation for Robust Handling of Distributional Shifts in NLP,machine learning systems,machine learning systems; them,2
255,Universal Domain Adaptation for Robust Handling of Distributional Shifts in NLP,Universal Domain Adaptation (UniDA),Universal Domain Adaptation; UniDA; its; its,4
255,Universal Domain Adaptation for Robust Handling of Distributional Shifts in NLP,computer vision,computer vision; computer vision; computer vision,3
255,Universal Domain Adaptation for Robust Handling of Distributional Shifts in NLP,the proposed benchmark,a comprehensive benchmark for natural language; Our benchmark; our testbed,3
255,Universal Domain Adaptation for Robust Handling of Distributional Shifts in NLP,UniDA methods,existing UniDA methods from computer vision; UniDA methods originally designed for image input,2
255,Universal Domain Adaptation for Robust Handling of Distributional Shifts in NLP,the model,the model; the model,2
255,Universal Domain Adaptation for Robust Handling of Distributional Shifts in NLP,[singleton] the unfamiliar domain,the unfamiliar domain,1
255,Universal Domain Adaptation for Robust Handling of Distributional Shifts in NLP,[singleton] anomalous inputs,anomalous inputs,1
255,Universal Domain Adaptation for Robust Handling of Distributional Shifts in NLP,[singleton] language input,language input,1
255,Universal Domain Adaptation for Robust Handling of Distributional Shifts in NLP,[singleton] multiple datasets with varying difficulty levels and characteristics,multiple datasets with varying difficulty levels and characteristics,1
255,Universal Domain Adaptation for Robust Handling of Distributional Shifts in NLP,[singleton] temporal shifts,temporal shifts,1
255,Universal Domain Adaptation for Robust Handling of Distributional Shifts in NLP,[singleton] diverse domains,diverse domains,1
255,Universal Domain Adaptation for Robust Handling of Distributional Shifts in NLP,[singleton] state-of-the-art domain adaptation techniques from NLP literature,state-of-the-art domain adaptation techniques from NLP literature,1
255,Universal Domain Adaptation for Robust Handling of Distributional Shifts in NLP,[singleton] the natural language domain,the natural language domain,1
255,Universal Domain Adaptation for Robust Handling of Distributional Shifts in NLP,[singleton] adaptation difficulty,adaptation difficulty,1
255,Universal Domain Adaptation for Robust Handling of Distributional Shifts in NLP,[self-reference],we; Our; our; we; We,5
256,Channel adversarial training for cross-channel text-independent speaker recognition,channel compensation algorithms,a few channel compensation algorithms; these methods,2
256,Channel adversarial training for cross-channel text-independent speaker recognition,the proposed deep-learning based speaker recognition framework,a novel deep-learning based speaker recognition framework; the proposed method; our proposed method,3
256,Channel adversarial training for cross-channel text-independent speaker recognition,channel adversarial training,channel adversarial training; adversarial training,2
256,Channel adversarial training for cross-channel text-independent speaker recognition,[singleton] The conventional speaker recognition frameworks,The conventional speaker recognition frameworks,1
256,Channel adversarial training for cross-channel text-independent speaker recognition,[singleton] the enrolment dataset,the enrolment dataset,1
256,Channel adversarial training for cross-channel text-independent speaker recognition,[singleton] the test dataset,the test dataset,1
256,Channel adversarial training for cross-channel text-independent speaker recognition,[singleton] these two datasets,these two datasets,1
256,Channel adversarial training for cross-channel text-independent speaker recognition,[singleton] Linear Discriminant Analysis,Linear Discriminant Analysis,1
256,Channel adversarial training for cross-channel text-independent speaker recognition,[singleton] Probabilistic LDA,Probabilistic LDA,1
256,Channel adversarial training for cross-channel text-independent speaker recognition,[singleton] domain adaptation,domain adaptation,1
256,Channel adversarial training for cross-channel text-independent speaker recognition,[singleton] a gradient reversal layer,a gradient reversal layer,1
256,Channel adversarial training for cross-channel text-independent speaker recognition,[singleton] the compressed information,the compressed information,1
256,Channel adversarial training for cross-channel text-independent speaker recognition,"[singleton] test datasets with 54,133 speakers","test datasets with 54,133 speakers",1
256,Channel adversarial training for cross-channel text-independent speaker recognition,[singleton] the channel mismatch problem,the channel mismatch problem,1
256,Channel adversarial training for cross-channel text-independent speaker recognition,[singleton] state-of-the-art speaker recognition methods,state-of-the-art speaker recognition methods,1
256,Channel adversarial training for cross-channel text-independent speaker recognition,[singleton] the i-vector based method,the i-vector based method,1
256,Channel adversarial training for cross-channel text-independent speaker recognition,[singleton] the CNN based method,the CNN based method,1
256,Channel adversarial training for cross-channel text-independent speaker recognition,[singleton] the Top1 recall,the Top1 recall,1
256,Channel adversarial training for cross-channel text-independent speaker recognition,[self-reference],we; we; our,3
257,Improved Mutual Mean-Teaching for Unsupervised Domain Adaptive Re-ID,our submission / solution,our submission; Our solution; Our proposed method,3
257,Improved Mutual Mean-Teaching for Unsupervised Domain Adaptive Re-ID,Structured Domain Adaptation (SDA),"Structured Domain Adaptation; SDA, a domain-translation based framework; SDA",3
257,Improved Mutual Mean-Teaching for Unsupervised Domain Adaptive Re-ID,Mutual Mean-Teaching (MMT),"Mutual Mean-Teaching; MMT, a pseudo-label based framework; MMT",3
257,Improved Mutual Mean-Teaching for Unsupervised Domain Adaptive Re-ID,the target domain,the target domain; the target domain,2
257,Improved Mutual Mean-Teaching for Unsupervised Domain Adaptive Re-ID,source-to-target translated images,source-to-target translated images; such images,2
257,Improved Mutual Mean-Teaching for Unsupervised Domain Adaptive Re-ID,the network,the network; The pre-trained network,2
257,Improved Mutual Mean-Teaching for Unsupervised Domain Adaptive Re-ID,[singleton] the VisDA Challenge in ECCV 2020,the VisDA Challenge in ECCV 2020,1
257,Improved Mutual Mean-Teaching for Unsupervised Domain Adaptive Re-ID,[singleton] the leaderboard,the leaderboard,1
257,Improved Mutual Mean-Teaching for Unsupervised Domain Adaptive Re-ID,[singleton] the source-domain images,the source-domain images,1
257,Improved Mutual Mean-Teaching for Unsupervised Domain Adaptive Re-ID,[singleton] pseudo label refinery,pseudo label refinery,1
257,Improved Mutual Mean-Teaching for Unsupervised Domain Adaptive Re-ID,[singleton] robust soft labels,robust soft labels,1
257,Improved Mutual Mean-Teaching for Unsupervised Domain Adaptive Re-ID,[singleton] our training pipeline,our training pipeline,1
257,Improved Mutual Mean-Teaching for Unsupervised Domain Adaptive Re-ID,[singleton] informative training samples,informative training samples,1
257,Improved Mutual Mean-Teaching for Unsupervised Domain Adaptive Re-ID,[singleton] an improved MMT,an improved MMT,1
257,Improved Mutual Mean-Teaching for Unsupervised Domain Adaptive Re-ID,[singleton] the label noise,the label noise,1
257,Improved Mutual Mean-Teaching for Unsupervised Domain Adaptive Re-ID,[singleton] inter-sample relations,inter-sample relations,1
257,Improved Mutual Mean-Teaching for Unsupervised Domain Adaptive Re-ID,[singleton] the instance discrimination,the instance discrimination,1
257,Improved Mutual Mean-Teaching for Unsupervised Domain Adaptive Re-ID,[singleton] 74.78% accuracies,74.78% accuracies,1
257,Improved Mutual Mean-Teaching for Unsupervised Domain Adaptive Re-ID,[singleton] mAP,mAP,1
257,Improved Mutual Mean-Teaching for Unsupervised Domain Adaptive Re-ID,[singleton] the 2nd place,the 2nd place,1
257,Improved Mutual Mean-Teaching for Unsupervised Domain Adaptive Re-ID,[singleton] 153 teams,153 teams,1
257,Improved Mutual Mean-Teaching for Unsupervised Domain Adaptive Re-ID,[self-reference],we; our; we; Our; our; We; we; Our,8
258,Domain Adaptive Hand Keypoint and Pixel Localization in the Wild,the model,the model; the model,2
258,Domain Adaptive Hand Keypoint and Pixel Localization in the Wild,both tasks,both tasks; both tasks; both tasks,3
258,Domain Adaptive Hand Keypoint and Pixel Localization in the Wild,labeled images (source),labeled images taken under very different conditions; the labeled images (source),2
258,Domain Adaptive Hand Keypoint and Pixel Localization in the Wild,unlabeled target images,unlabeled images (target); the target images; the target image,3
258,Domain Adaptive Hand Keypoint and Pixel Localization in the Wild,the noisy predictions,the predictions on the target images; the noisy predictions; the noisy predictions,3
258,Domain Adaptive Hand Keypoint and Pixel Localization in the Wild,the two predictions,two predictions; These predictions; their,3
258,Domain Adaptive Hand Keypoint and Pixel Localization in the Wild,the two separate networks (teachers),two separate networks; the two networks (teachers); the teachers,3
258,Domain Adaptive Hand Keypoint and Pixel Localization in the Wild,the student network,a network (student); the student,2
258,Domain Adaptive Hand Keypoint and Pixel Localization in the Wild,the proposed teacher-student framework / method,a teacher-student framework; its; Our method; our method,4
258,Domain Adaptive Hand Keypoint and Pixel Localization in the Wild,Ego4D,Ego4D; egocentric videos with rapid changes in imaging conditions outdoors,2
258,Domain Adaptive Hand Keypoint and Pixel Localization in the Wild,[singleton] regressing hand keypoints,regressing hand keypoints,1
258,Domain Adaptive Hand Keypoint and Pixel Localization in the Wild,[singleton] segmenting pixel-level hand masks,segmenting pixel-level hand masks,1
258,Domain Adaptive Hand Keypoint and Pixel Localization in the Wild,[singleton] existing labeled hand datasets,existing labeled hand datasets,1
258,Domain Adaptive Hand Keypoint and Pixel Localization in the Wild,[singleton] self-training domain adaptation methods,self-training domain adaptation methods,1
258,Domain Adaptive Hand Keypoint and Pixel Localization in the Wild,[singleton] our proposed confidence estimation,our proposed confidence estimation,1
258,Domain Adaptive Hand Keypoint and Pixel Localization in the Wild,[singleton] knowledge distillation,knowledge distillation,1
258,Domain Adaptive Hand Keypoint and Pixel Localization in the Wild,[singleton] state-of-the-art methods,state-of-the-art methods,1
258,Domain Adaptive Hand Keypoint and Pixel Localization in the Wild,[singleton] the multi-task score,the multi-task score,1
258,Domain Adaptive Hand Keypoint and Pixel Localization in the Wild,[singleton] HO3D,HO3D,1
258,Domain Adaptive Hand Keypoint and Pixel Localization in the Wild,[singleton] the latest adversarial adaptation method,the latest adversarial adaptation method,1
258,Domain Adaptive Hand Keypoint and Pixel Localization in the Wild,[self-reference],We; we; we; we; our; Our; Our; We; our,9
259,A Comparison of Two Shallow Water Models with Non-Conforming Adaptive Grids: classical tests,the two shallow water models,Both models; The models; both models,3
259,A Comparison of Two Shallow Water Models with Non-Conforming Adaptive Grids: classical tests,selected test cases,selected test cases from a standard test suite for the shallow water equations; They,2
259,A Comparison of Two Shallow Water Models with Non-Conforming Adaptive Grids: classical tests,adaptive mesh refinement (AMR) techniques,adaptive mesh refinement techniques; the AMR techniques,2
259,A Comparison of Two Shallow Water Models with Non-Conforming Adaptive Grids: classical tests,static and dynamic adaptations,static and dynamics adaptations; static and dynamic adaptations,2
259,A Comparison of Two Shallow Water Models with Non-Conforming Adaptive Grids: classical tests,[singleton] atmospheric models,atmospheric models,1
259,A Comparison of Two Shallow Water Models with Non-Conforming Adaptive Grids: classical tests,[singleton] an interpolation based spectral element shallow water model on a cubed-sphere grid,an interpolation based spectral element shallow water model on a cubed-sphere grid,1
259,A Comparison of Two Shallow Water Models with Non-Conforming Adaptive Grids: classical tests,[singleton] a block-structured finite volume method in latitude-longitude geometry,a block-structured finite volume method in latitude-longitude geometry,1
259,A Comparison of Two Shallow Water Models with Non-Conforming Adaptive Grids: classical tests,[singleton] a non-conforming adaptation approach,a non-conforming adaptation approach,1
259,A Comparison of Two Shallow Water Models with Non-Conforming Adaptive Grids: classical tests,[singleton] fine-coarse mesh interfaces,fine-coarse mesh interfaces,1
259,A Comparison of Two Shallow Water Models with Non-Conforming Adaptive Grids: classical tests,[singleton] The underlying AMR libraries,The underlying AMR libraries,1
259,A Comparison of Two Shallow Water Models with Non-Conforming Adaptive Grids: classical tests,[singleton] one refinement level,one refinement level,1
259,A Comparison of Two Shallow Water Models with Non-Conforming Adaptive Grids: classical tests,[singleton] the advection of a cosine bell,the advection of a cosine bell,1
259,A Comparison of Two Shallow Water Models with Non-Conforming Adaptive Grids: classical tests,[singleton] a steady-state geostrophic flow,a steady-state geostrophic flow,1
259,A Comparison of Two Shallow Water Models with Non-Conforming Adaptive Grids: classical tests,[singleton] a flow over an idealized mountain,a flow over an idealized mountain,1
259,A Comparison of Two Shallow Water Models with Non-Conforming Adaptive Grids: classical tests,[singleton] a Rossby-Haurwitz wave,a Rossby-Haurwitz wave,1
259,A Comparison of Two Shallow Water Models with Non-Conforming Adaptive Grids: classical tests,[singleton] the AMR simulations,the AMR simulations,1
259,A Comparison of Two Shallow Water Models with Non-Conforming Adaptive Grids: classical tests,[singleton] a fine grid in the global domain,a fine grid in the global domain,1
259,A Comparison of Two Shallow Water Models with Non-Conforming Adaptive Grids: classical tests,[singleton] The adaptive grids,The adaptive grids,1
259,A Comparison of Two Shallow Water Models with Non-Conforming Adaptive Grids: classical tests,[singleton] mesh interfaces,mesh interfaces,1
259,A Comparison of Two Shallow Water Models with Non-Conforming Adaptive Grids: classical tests,[singleton] Simple threshold adaptation criteria,Simple threshold adaptation criteria,1
259,A Comparison of Two Shallow Water Models with Non-Conforming Adaptive Grids: classical tests,[singleton] the geopotential height,the geopotential height,1
259,A Comparison of Two Shallow Water Models with Non-Conforming Adaptive Grids: classical tests,[singleton] the relative vorticity,the relative vorticity,1
260,Adapting Large Language Models for Character based Augmentative and Alternative Communication,large pretrained language models,most state-of-the-art large pretrained language models; such models,2
260,Adapting Large Language Models for Character based Augmentative and Alternative Communication,domain adaptation procedure,a domain adaptation procedure; our procedure,2
260,Adapting Large Language Models for Character based Augmentative and Alternative Communication,[singleton] Augmentative and Alternative Communication,Augmentative and Alternative Communication,1
260,Adapting Large Language Models for Character based Augmentative and Alternative Communication,[singleton] a character language model,a character language model,1
260,Adapting Large Language Models for Character based Augmentative and Alternative Communication,[singleton] subword tokens of variable length,subword tokens of variable length,1
260,Adapting Large Language Models for Character based Augmentative and Alternative Communication,[singleton] Our algorithm for producing character predictions from a subword large language model,Our algorithm for producing character predictions from a subword large language model,1
260,Adapting Large Language Models for Character based Augmentative and Alternative Communication,[singleton] a classification layer,a classification layer,1
260,Adapting Large Language Models for Character based Augmentative and Alternative Communication,[singleton] a byte-level LLM,a byte-level LLM,1
260,Adapting Large Language Models for Character based Augmentative and Alternative Communication,[singleton] an n-gram model,an n-gram model,1
260,Adapting Large Language Models for Character based Augmentative and Alternative Communication,[singleton] a large dataset of sentences,a large dataset of sentences,1
260,Adapting Large Language Models for Character based Augmentative and Alternative Communication,[singleton] spoken or written AAC communication,spoken or written AAC communication,1
260,Adapting Large Language Models for Character based Augmentative and Alternative Communication,"[singleton] model performance on simple, conversational text","model performance on simple, conversational text",1
260,Adapting Large Language Models for Character based Augmentative and Alternative Communication,[self-reference],We; Our; we; we; We; our,6
261,Epi-Curriculum: Episodic Curriculum Learning for Low-Resource Domain Adaptation in Neural Machine Translation,Neural Machine Translation models,Neural Machine Translation models; their,2
261,Epi-Curriculum: Episodic Curriculum Learning for Low-Resource Domain Adaptation in Neural Machine Translation,Epi-Curriculum,a novel approach Epi-Curriculum; which; Epi-Curriculum,3
261,Epi-Curriculum: Episodic Curriculum Learning for Low-Resource Domain Adaptation in Neural Machine Translation,episodic training framework,a new episodic training framework; Our episodic training framework; Our episodic training framework,3
261,Epi-Curriculum: Episodic Curriculum Learning for Low-Resource Domain Adaptation in Neural Machine Translation,denoised curriculum learning,denoised curriculum learning; The denoised curriculum learning,2
261,Epi-Curriculum: Episodic Curriculum Learning for Low-Resource Domain Adaptation in Neural Machine Translation,the model,the model; the model,2
261,Epi-Curriculum: Episodic Curriculum Learning for Low-Resource Domain Adaptation in Neural Machine Translation,domain shift,domain shift; domain shift,2
261,Epi-Curriculum: Episodic Curriculum Learning for Low-Resource Domain Adaptation in Neural Machine Translation,[singleton] low-resource domain adaptation,low-resource domain adaptation,1
261,Epi-Curriculum: Episodic Curriculum Learning for Low-Resource Domain Adaptation in Neural Machine Translation,[singleton] the encoder/decoder,the encoder/decoder,1
261,Epi-Curriculum: Episodic Curriculum Learning for Low-Resource Domain Adaptation in Neural Machine Translation,[singleton] an inexperienced decoder/encoder,an inexperienced decoder/encoder,1
261,Epi-Curriculum: Episodic Curriculum Learning for Low-Resource Domain Adaptation in Neural Machine Translation,[singleton] the noised data,the noised data,1
261,Epi-Curriculum: Episodic Curriculum Learning for Low-Resource Domain Adaptation in Neural Machine Translation,[singleton] the learning process,the learning process,1
261,Epi-Curriculum: Episodic Curriculum Learning for Low-Resource Domain Adaptation in Neural Machine Translation,[singleton] English-German and English-Romanian translation,English-German and English-Romanian translation,1
261,Epi-Curriculum: Episodic Curriculum Learning for Low-Resource Domain Adaptation in Neural Machine Translation,[singleton] seen and unseen domains,seen and unseen domains,1
261,Epi-Curriculum: Episodic Curriculum Learning for Low-Resource Domain Adaptation in Neural Machine Translation,[singleton] the encoder and decoder,the encoder and decoder,1
261,Epi-Curriculum: Episodic Curriculum Learning for Low-Resource Domain Adaptation in Neural Machine Translation,[self-reference],we; Our; Our,3
262,Imbalanced Open Set Domain Adaptation via Moving-threshold Estimation and Gradual Alignment,Open Set Domain Adaptation (task),Open Set Domain Adaptation; OSDA,2
262,Imbalanced Open Set Domain Adaptation via Moving-threshold Estimation and Gradual Alignment,existing OSDA methods,Existing OSDA methods; OSDA methods; existing OSDA methods,3
262,Imbalanced Open Set Domain Adaptation via Moving-threshold Estimation and Gradual Alignment,target domain,an unlabeled target domain; the target domain contains unknown classes; the target domain,3
262,Imbalanced Open Set Domain Adaptation via Moving-threshold Estimation and Gradual Alignment,covariate shift,"the covariate shift; the covariate shift, label shift and category mismatch",2
262,Imbalanced Open Set Domain Adaptation via Moving-threshold Estimation and Gradual Alignment,label shift,the potential label shift problem; inter-domain label shift; label shift in OSDA; label shift and intra-domain class imbalance,4
262,Imbalanced Open Set Domain Adaptation via Moving-threshold Estimation and Gradual Alignment,intra-domain class imbalance,intra-domain class imbalance and inter-domain label shift; intra-domain class imbalance,2
262,Imbalanced Open Set Domain Adaptation via Moving-threshold Estimation and Gradual Alignment,Imbalanced Open Set Domain Adaptation (IOSDA),the Imbalanced Open Set Domain Adaptation; IOSDA,2
262,Imbalanced Open Set Domain Adaptation via Moving-threshold Estimation and Gradual Alignment,Open-set Moving-threshold Estimation and Gradual Alignment,Open-set Moving-threshold Estimation and Gradual Alignment; a novel architecture that improves existing OSDA methods on class-imbalanced data; our method,3
262,Imbalanced Open Set Domain Adaptation via Moving-threshold Estimation and Gradual Alignment,[singleton] Multimedia applications,Multimedia applications,1
262,Imbalanced Open Set Domain Adaptation via Moving-threshold Estimation and Gradual Alignment,[singleton] cross-domain knowledge transfer,cross-domain knowledge transfer,1
262,Imbalanced Open Set Domain Adaptation via Moving-threshold Estimation and Gradual Alignment,[singleton] Unsupervised Domain Adaptation,Unsupervised Domain Adaptation,1
262,Imbalanced Open Set Domain Adaptation via Moving-threshold Estimation and Gradual Alignment,[singleton] the domain shifts,the domain shifts,1
262,Imbalanced Open Set Domain Adaptation via Moving-threshold Estimation and Gradual Alignment,[singleton] a well-labeled source domain,a well-labeled source domain,1
262,Imbalanced Open Set Domain Adaptation via Moving-threshold Estimation and Gradual Alignment,[singleton] unknown classes,unknown classes,1
262,Imbalanced Open Set Domain Adaptation via Moving-threshold Estimation and Gradual Alignment,[singleton] category mismatch,category mismatch,1
262,Imbalanced Open Set Domain Adaptation via Moving-threshold Estimation and Gradual Alignment,[singleton] a novel unknown-aware target clustering scheme,a novel unknown-aware target clustering scheme,1
262,Imbalanced Open Set Domain Adaptation via Moving-threshold Estimation and Gradual Alignment,[singleton] moving-threshold estimation,moving-threshold estimation,1
262,Imbalanced Open Set Domain Adaptation via Moving-threshold Estimation and Gradual Alignment,[singleton] specific thresholds,specific thresholds,1
262,Imbalanced Open Set Domain Adaptation via Moving-threshold Estimation and Gradual Alignment,[singleton] each target sample,each target sample,1
262,Imbalanced Open Set Domain Adaptation via Moving-threshold Estimation and Gradual Alignment,[singleton] OPDA benchmarks,OPDA benchmarks,1
262,Imbalanced Open Set Domain Adaptation via Moving-threshold Estimation and Gradual Alignment,[singleton] existing state-of-the-arts,existing state-of-the-arts,1
262,Imbalanced Open Set Domain Adaptation via Moving-threshold Estimation and Gradual Alignment,[self-reference],we; our,2
263,Few-shot One-class Domain Adaptation Based on Frequency for Iris Presentation Attack Detection,Few-shot One-class Domain Adaptation setting,a new domain adaptation setting called Few-shot One-class Domain Adaptation; this problem,2
263,Few-shot One-class Domain Adaptation Based on Frequency for Iris Presentation Attack Detection,FODA framework,a novel FODA framework based on the expressive power of frequency information; our method; the proposed method,3
263,Few-shot One-class Domain Adaptation Based on Frequency for Iris Presentation Attack Detection,target bonafide samples,a limited number of target bonafide samples; limited target bonafide samples,2
263,Few-shot One-class Domain Adaptation Based on Frequency for Iris Presentation Attack Detection,[singleton] Iris presentation attack detection,Iris presentation attack detection,1
263,Few-shot One-class Domain Adaptation Based on Frequency for Iris Presentation Attack Detection,[singleton] iris recognition systems,iris recognition systems,1
263,Few-shot One-class Domain Adaptation Based on Frequency for Iris Presentation Attack Detection,[singleton] discriminative features in the spatial domain,discriminative features in the spatial domain,1
263,Few-shot One-class Domain Adaptation Based on Frequency for Iris Presentation Attack Detection,[singleton] domain shift,domain shift,1
263,Few-shot One-class Domain Adaptation Based on Frequency for Iris Presentation Attack Detection,[singleton] a small number of bonafide samples,a small number of bonafide samples,1
263,Few-shot One-class Domain Adaptation Based on Frequency for Iris Presentation Attack Detection,[singleton] two proposed modules,two proposed modules,1
263,Few-shot One-class Domain Adaptation Based on Frequency for Iris Presentation Attack Detection,[singleton] Frequency based Attention Module,Frequency based Attention Module,1
263,Few-shot One-class Domain Adaptation Based on Frequency for Iris Presentation Attack Detection,[singleton] spatial attention,spatial attention,1
263,Few-shot One-class Domain Adaptation Based on Frequency for Iris Presentation Attack Detection,[singleton] high-frequency fine-grained features,high-frequency fine-grained features,1
263,Few-shot One-class Domain Adaptation Based on Frequency for Iris Presentation Attack Detection,[singleton] Frequency Mixing Module,Frequency Mixing Module,1
263,Few-shot One-class Domain Adaptation Based on Frequency for Iris Presentation Attack Detection,[singleton] large-scale target-style samples,large-scale target-style samples,1
263,Few-shot One-class Domain Adaptation Based on Frequency for Iris Presentation Attack Detection,[singleton] LivDet-Iris 2017 dataset,LivDet-Iris 2017 dataset,1
263,Few-shot One-class Domain Adaptation Based on Frequency for Iris Presentation Attack Detection,[self-reference],We; we; our,3
264,Lung Ultrasound Segmentation and Adaptation between COVID-19 and Community-Acquired Pneumonia,deep neural networks,deep neural networks; the networks,2
264,Lung Ultrasound Segmentation and Adaptation between COVID-19 and Community-Acquired Pneumonia,COVID-19,COVID-19; COVID-19; COVID-19,3
264,Lung Ultrasound Segmentation and Adaptation between COVID-19 and Community-Acquired Pneumonia,[singleton] Lung ultrasound imaging,Lung ultrasound imaging,1
264,Lung Ultrasound Segmentation and Adaptation between COVID-19 and Community-Acquired Pneumonia,[singleton] interstitial pneumonia,interstitial pneumonia,1
264,Lung Ultrasound Segmentation and Adaptation between COVID-19 and Community-Acquired Pneumonia,[singleton] other community-acquired pneumonia,other community-acquired pneumonia,1
264,Lung Ultrasound Segmentation and Adaptation between COVID-19 and Community-Acquired Pneumonia,[singleton] the hyperechoic B-line segmentation task,the hyperechoic B-line segmentation task,1
264,Lung Ultrasound Segmentation and Adaptation between COVID-19 and Community-Acquired Pneumonia,[singleton] pathology-sensitive artifacts,pathology-sensitive artifacts,1
264,Lung Ultrasound Segmentation and Adaptation between COVID-19 and Community-Acquired Pneumonia,[singleton] fine-tuning,fine-tuning,1
264,Lung Ultrasound Segmentation and Adaptation between COVID-19 and Community-Acquired Pneumonia,[singleton] unsupervised domain adaptation,unsupervised domain adaptation,1
264,Lung Ultrasound Segmentation and Adaptation between COVID-19 and Community-Acquired Pneumonia,[singleton] Dice scores,Dice scores,1
264,Lung Ultrasound Segmentation and Adaptation between COVID-19 and Community-Acquired Pneumonia,[singleton] the inverse adaptation,the inverse adaptation,1
264,Lung Ultrasound Segmentation and Adaptation between COVID-19 and Community-Acquired Pneumonia,[singleton] label consistency,label consistency,1
264,Lung Ultrasound Segmentation and Adaptation between COVID-19 and Community-Acquired Pneumonia,[singleton] data domain diversity,data domain diversity,1
264,Lung Ultrasound Segmentation and Adaptation between COVID-19 and Community-Acquired Pneumonia,[singleton] machine learning models,machine learning models,1
264,Lung Ultrasound Segmentation and Adaptation between COVID-19 and Community-Acquired Pneumonia,[singleton] CAP patients,CAP patients,1
264,Lung Ultrasound Segmentation and Adaptation between COVID-19 and Community-Acquired Pneumonia,[self-reference],we; we; we; we; we,5
265,Prompt-Driven Domain Adaptation for End-to-End Autonomous Driving via In-Context RL,prior prompt-driven DA methods,few-shot and zero-shot prompt-driven DA at inference time involving LLMs and VLMs; These methods; such an approach; prompt-driven DA methods; they; other prompt-driven DA methods,6
265,Prompt-Driven Domain Adaptation for End-to-End Autonomous Driving via In-Context RL,typical DA strategies,Typical DA strategies in the literature; Both these strategies,2
265,Prompt-Driven Domain Adaptation for End-to-End Autonomous Driving via In-Context RL,the proposed approach,a new approach to inference-time few-shot prompt-driven DA for closed-loop autonomous driving in adverse weather condition using in-context reinforcement learning; our approach; our approach,3
265,Prompt-Driven Domain Adaptation for End-to-End Autonomous Driving via In-Context RL,in-context reinforcement learning (ICRL),in-context reinforcement learning; ICRL,2
265,Prompt-Driven Domain Adaptation for End-to-End Autonomous Driving via In-Context RL,the target domain,the target domain; the target domain,2
265,Prompt-Driven Domain Adaptation for End-to-End Autonomous Driving via In-Context RL,adverse weather conditions,adverse weather conditions; adverse weather condition,2
265,Prompt-Driven Domain Adaptation for End-to-End Autonomous Driving via In-Context RL,[singleton] many end-to-end systems,many end-to-end systems,1
265,Prompt-Driven Domain Adaptation for End-to-End Autonomous Driving via In-Context RL,[singleton] domain adaptation,domain adaptation,1
265,Prompt-Driven Domain Adaptation for End-to-End Autonomous Driving via In-Context RL,[singleton] a policy trained under clear weather,a policy trained under clear weather,1
265,Prompt-Driven Domain Adaptation for End-to-End Autonomous Driving via In-Context RL,[singleton] the model,the model,1
265,Prompt-Driven Domain Adaptation for End-to-End Autonomous Driving via In-Context RL,[singleton] a few state-action trajectories,a few state-action trajectories,1
265,Prompt-Driven Domain Adaptation for End-to-End Autonomous Driving via In-Context RL,[singleton] the prompt,the prompt,1
265,Prompt-Driven Domain Adaptation for End-to-End Autonomous Driving via In-Context RL,[singleton] detection and segmentation,detection and segmentation,1
265,Prompt-Driven Domain Adaptation for End-to-End Autonomous Driving via In-Context RL,[singleton] expert few-shot data,expert few-shot data,1
265,Prompt-Driven Domain Adaptation for End-to-End Autonomous Driving via In-Context RL,[singleton] the model parameters,the model parameters,1
265,Prompt-Driven Domain Adaptation for End-to-End Autonomous Driving via In-Context RL,[singleton] adversarial weather regime,adversarial weather regime,1
265,Prompt-Driven Domain Adaptation for End-to-End Autonomous Driving via In-Context RL,[singleton] general trajectories observed during inference,general trajectories observed during inference,1
265,Prompt-Driven Domain Adaptation for End-to-End Autonomous Driving via In-Context RL,[singleton] the CARLA simulator,the CARLA simulator,1
265,Prompt-Driven Domain Adaptation for End-to-End Autonomous Driving via In-Context RL,[singleton] state-of-the-art prompt-driven DA baselines,state-of-the-art prompt-driven DA baselines,1
265,Prompt-Driven Domain Adaptation for End-to-End Autonomous Driving via In-Context RL,[self-reference],we; we; our; our; Our,5
266,LG-NuSegHop: A Local-to-Global Self-Supervised Pipeline For Nuclei Instance Segmentation,Nuclei segmentation,Nuclei segmentation; it; a laborious task; this task,4
266,LG-NuSegHop: A Local-to-Global Self-Supervised Pipeline For Nuclei Instance Segmentation,Local-to-Global NuSegHop (LG-NuSegHop),Local-to-Global NuSegHop (LG-NuSegHop); a self-supervised pipeline developed on prior knowledge of the problem and molecular biology; the proposed pipeline; it maintains a good generalization performance; our method; LG-NuSegHop,6
266,LG-NuSegHop: A Local-to-Global Self-Supervised Pipeline For Nuclei Instance Segmentation,NuSegHop feature extraction model,NuSegHop a novel data-driven feature extraction model; NuSegHop,2
266,LG-NuSegHop: A Local-to-Global Self-Supervised Pipeline For Nuclei Instance Segmentation,[singleton] the cornerstone task in histology image reading,the cornerstone task in histology image reading,1
266,LG-NuSegHop: A Local-to-Global Self-Supervised Pipeline For Nuclei Instance Segmentation,[singleton] trained physicians,trained physicians,1
266,LG-NuSegHop: A Local-to-Global Self-Supervised Pipeline For Nuclei Instance Segmentation,[singleton] The large nuclei variability across different organ tissues and acquisition processes,The large nuclei variability across different organ tissues and acquisition processes,1
266,LG-NuSegHop: A Local-to-Global Self-Supervised Pipeline For Nuclei Instance Segmentation,[singleton] data annotations,data annotations,1
266,LG-NuSegHop: A Local-to-Global Self-Supervised Pipeline For Nuclei Instance Segmentation,[singleton] Deep Learning models,Deep Learning models,1
266,LG-NuSegHop: A Local-to-Global Self-Supervised Pipeline For Nuclei Instance Segmentation,[singleton] This work,This work,1
266,LG-NuSegHop: A Local-to-Global Self-Supervised Pipeline For Nuclei Instance Segmentation,[singleton] three distinct modules,three distinct modules,1
266,LG-NuSegHop: A Local-to-Global Self-Supervised Pipeline For Nuclei Instance Segmentation,[singleton] a set of local processing operations,a set of local processing operations,1
266,LG-NuSegHop: A Local-to-Global Self-Supervised Pipeline For Nuclei Instance Segmentation,[singleton] a pseudolabel,a pseudolabel,1
266,LG-NuSegHop: A Local-to-Global Self-Supervised Pipeline For Nuclei Instance Segmentation,[singleton] a set of global operations,a set of global operations,1
266,LG-NuSegHop: A Local-to-Global Self-Supervised Pipeline For Nuclei Instance Segmentation,[singleton] domain adaptation,domain adaptation,1
266,LG-NuSegHop: A Local-to-Global Self-Supervised Pipeline For Nuclei Instance Segmentation,[singleton] other datasets,other datasets,1
266,LG-NuSegHop: A Local-to-Global Self-Supervised Pipeline For Nuclei Instance Segmentation,[singleton] three publicly available datasets,three publicly available datasets,1
266,LG-NuSegHop: A Local-to-Global Self-Supervised Pipeline For Nuclei Instance Segmentation,[singleton] other self-supervised and weakly supervised methods,other self-supervised and weakly supervised methods,1
266,LG-NuSegHop: A Local-to-Global Self-Supervised Pipeline For Nuclei Instance Segmentation,[singleton] fully supervised methods,fully supervised methods,1
266,LG-NuSegHop: A Local-to-Global Self-Supervised Pipeline For Nuclei Instance Segmentation,[singleton] every module within LG-NuSegHop,every module within LG-NuSegHop,1
267,Cluster Contrast for Unsupervised Person Re-Identification,Cluster Contrast,Cluster Contrast; which; Our approach; our method; our framework; Cluster Contrast,6
267,Cluster Contrast for Unsupervised Person Re-Identification,cluster inconsistency problem,this problem; the problem of cluster inconsistency,2
267,Cluster Contrast for Unsupervised Person Re-Identification,[singleton] State-of-the-art unsupervised re-ID methods,State-of-the-art unsupervised re-ID methods,1
267,Cluster Contrast for Unsupervised Person Re-Identification,[singleton] the neural networks,the neural networks,1
267,Cluster Contrast for Unsupervised Person Re-Identification,[singleton] a memory based non-parametric softmax loss,a memory based non-parametric softmax loss,1
267,Cluster Contrast for Unsupervised Person Re-Identification,[singleton] Instance feature vectors stored in memory,Instance feature vectors stored in memory,1
267,Cluster Contrast for Unsupervised Person Re-Identification,[singleton] the varying cluster sizes,the varying cluster sizes,1
267,Cluster Contrast for Unsupervised Person Re-Identification,[singleton] contrast loss,contrast loss,1
267,Cluster Contrast for Unsupervised Person Re-Identification,[singleton] a unique cluster representation,a unique cluster representation,1
267,Cluster Contrast for Unsupervised Person Re-Identification,[singleton] a cluster-level memory dictionary,a cluster-level memory dictionary,1
267,Cluster Contrast for Unsupervised Person Re-Identification,[singleton] the GPU memory consumption,the GPU memory consumption,1
267,Cluster Contrast for Unsupervised Person Re-Identification,[singleton] larger data sets,larger data sets,1
267,Cluster Contrast for Unsupervised Person Re-Identification,[singleton] different clustering algorithms,different clustering algorithms,1
267,Cluster Contrast for Unsupervised Person Re-Identification,[singleton] a standard unsupervised re-ID pipeline,a standard unsupervised re-ID pipeline,1
267,Cluster Contrast for Unsupervised Person Re-Identification,[singleton] state-of-the-art purely unsupervised re-ID methods,state-of-the-art purely unsupervised re-ID methods,1
267,Cluster Contrast for Unsupervised Person Re-Identification,[singleton] the state-of-the-art unsupervised domain adaptation re-ID methods,the state-of-the-art unsupervised domain adaptation re-ID methods,1
267,Cluster Contrast for Unsupervised Person Re-Identification,"[singleton] the Market, Duke, and MSMT17 datasets","the Market, Duke, and MSMT17 datasets",1
267,Cluster Contrast for Unsupervised Person Re-Identification,[self-reference],we; we,2
268,Domain Adaptation via Bidirectional Cross-Attention Transformer,Domain Adaptation (DA),Domain Adaptation; DA; DA; DA,4
268,Domain Adaptation via Bidirectional Cross-Attention Transformer,Bidirectional Cross-Attention Transformer (BCAT),a Bidirectional Cross-Attention Transformer; the proposed BCAT; BCAT; the proposed BCAT model,4
268,Domain Adaptation via Bidirectional Cross-Attention Transformer,vision transformers,vision transformers; vision transformers,2
268,Domain Adaptation via Bidirectional Cross-Attention Transformer,[singleton] a source domain with ample labeled data,a source domain with ample labeled data,1
268,Domain Adaptation via Bidirectional Cross-Attention Transformer,[singleton] a target domain with unlabeled data only,a target domain with unlabeled data only,1
268,Domain Adaptation via Bidirectional Cross-Attention Transformer,[singleton] the domain gap,the domain gap,1
268,Domain Adaptation via Bidirectional Cross-Attention Transformer,[singleton] convolution based neural networks,convolution based neural networks,1
268,Domain Adaptation via Bidirectional Cross-Attention Transformer,[singleton] multiple vision tasks,multiple vision tasks,1
268,Domain Adaptation via Bidirectional Cross-Attention Transformer,[singleton] the attention mechanism,the attention mechanism,1
268,Domain Adaptation via Bidirectional Cross-Attention Transformer,[singleton] implicit source and target mixup feature representations,implicit source and target mixup feature representations,1
268,Domain Adaptation via Bidirectional Cross-Attention Transformer,[singleton] the domain discrepancy,the domain discrepancy,1
268,Domain Adaptation via Bidirectional Cross-Attention Transformer,[singleton] a weight-sharing quadruple-branch transformer with a bidirectional cross-attention mechanism,a weight-sharing quadruple-branch transformer with a bidirectional cross-attention mechanism,1
268,Domain Adaptation via Bidirectional Cross-Attention Transformer,[singleton] four benchmark datasets,four benchmark datasets,1
268,Domain Adaptation via Bidirectional Cross-Attention Transformer,[self-reference],we; we,2
269,Knowledge Distillation for Multi-Target Domain Adaptation in Real-Time Person Re-Identification,the blending approach,a straightforward approach; this approach,2
269,Knowledge Distillation for Multi-Target Domain Adaptation in Real-Time Person Re-Identification,KD-ReID (proposed MTDA method based on knowledge distillation),a new MTDA method based on knowledge distillation (KD-ReID); Our method; our approach; our flexible MTDA approach,4
269,Knowledge Distillation for Multi-Target Domain Adaptation in Real-Time Person Re-Identification,multi-target domain adaptation (MTDA),multi-target domain adaptation; MTDA,2
269,Knowledge Distillation for Multi-Target Domain Adaptation in Real-Time Person Re-Identification,[singleton] deep learning architectures,deep learning architectures,1
269,Knowledge Distillation for Multi-Target Domain Adaptation in Real-Time Person Re-Identification,[singleton] person re-identification,person re-identification,1
269,Knowledge Distillation for Multi-Target Domain Adaptation in Real-Time Person Re-Identification,[singleton] Several unsupervised single-target domain adaptation methods,Several unsupervised single-target domain adaptation methods,1
269,Knowledge Distillation for Multi-Target Domain Adaptation in Real-Time Person Re-Identification,[singleton] source and target video data,source and target video data,1
269,Knowledge Distillation for Multi-Target Domain Adaptation in Real-Time Person Re-Identification,[singleton] person ReID data,person ReID data,1
269,Knowledge Distillation for Multi-Target Domain Adaptation in Real-Time Person Re-Identification,[singleton] a common CNN backbone,a common CNN backbone,1
269,Knowledge Distillation for Multi-Target Domain Adaptation in Real-Time Person Re-Identification,[singleton] the ReID literature,the ReID literature,1
269,Knowledge Distillation for Multi-Target Domain Adaptation in Real-Time Person Re-Identification,[singleton] different target datasets,different target datasets,1
269,Knowledge Distillation for Multi-Target Domain Adaptation in Real-Time Person Re-Identification,[singleton] STDA,STDA,1
269,Knowledge Distillation for Multi-Target Domain Adaptation in Real-Time Person Re-Identification,[singleton] a smaller CNN,a smaller CNN,1
269,Knowledge Distillation for Multi-Target Domain Adaptation in Real-Time Person Re-Identification,[singleton] a common lightweight student backbone CNN,a common lightweight student backbone CNN,1
269,Knowledge Distillation for Multi-Target Domain Adaptation in Real-Time Person Re-Identification,[singleton] multiple specialized teacher CNNs,multiple specialized teacher CNNs,1
269,Knowledge Distillation for Multi-Target Domain Adaptation in Real-Time Person Re-Identification,[singleton] several challenging person ReID datasets,several challenging person ReID datasets,1
269,Knowledge Distillation for Multi-Target Domain Adaptation in Real-Time Person Re-Identification,[singleton] state-of-art methods,state-of-art methods,1
269,Knowledge Distillation for Multi-Target Domain Adaptation in Real-Time Person Re-Identification,[singleton] blending methods,blending methods,1
269,Knowledge Distillation for Multi-Target Domain Adaptation in Real-Time Person Re-Identification,[singleton] a compact CNN backbone like OSNet,a compact CNN backbone like OSNet,1
269,Knowledge Distillation for Multi-Target Domain Adaptation in Real-Time Person Re-Identification,[singleton] real-time video surveillance applications,real-time video surveillance applications,1
269,Knowledge Distillation for Multi-Target Domain Adaptation in Real-Time Person Re-Identification,[self-reference],we; Our; our; our,4
270,Active Domain Adaptation for mmWave based HAR via Renyi Entropy based Uncertainty Estimation,mmADA,mmADA; an Active Domain Adaptation framework; mmADA; it; mmADA; its; its,7
270,Active Domain Adaptation for mmWave based HAR via Renyi Entropy based Uncertainty Estimation,[singleton] Human Activity Recognition using mmWave radar,Human Activity Recognition using mmWave radar,1
270,Active Domain Adaptation for mmWave based HAR via Renyi Entropy based Uncertainty Estimation,[singleton] traditional sensor based methods,traditional sensor based methods,1
270,Active Domain Adaptation for mmWave based HAR via Renyi Entropy based Uncertainty Estimation,[singleton] domain shift,domain shift,1
270,Active Domain Adaptation for mmWave based HAR via Renyi Entropy based Uncertainty Estimation,[singleton] mmWave based HAR models,mmWave based HAR models,1
270,Active Domain Adaptation for mmWave based HAR via Renyi Entropy based Uncertainty Estimation,[singleton] minimal labeled data,minimal labeled data,1
270,Active Domain Adaptation for mmWave based HAR via Renyi Entropy based Uncertainty Estimation,[singleton] Renyi Entropy based uncertainty estimation,Renyi Entropy based uncertainty estimation,1
270,Active Domain Adaptation for mmWave based HAR via Renyi Entropy based Uncertainty Estimation,[singleton] the most informative target samples,the most informative target samples,1
270,Active Domain Adaptation for mmWave based HAR via Renyi Entropy based Uncertainty Estimation,[singleton] contrastive learning,contrastive learning,1
270,Active Domain Adaptation for mmWave based HAR via Renyi Entropy based Uncertainty Estimation,[singleton] pseudo-labeling,pseudo-labeling,1
270,Active Domain Adaptation for mmWave based HAR via Renyi Entropy based Uncertainty Estimation,[singleton] unlabeled data,unlabeled data,1
270,Active Domain Adaptation for mmWave based HAR via Renyi Entropy based Uncertainty Estimation,[singleton] a TI IWR1443BOOST radar,a TI IWR1443BOOST radar,1
270,Active Domain Adaptation for mmWave based HAR via Renyi Entropy based Uncertainty Estimation,[singleton] five baselines,five baselines,1
270,Active Domain Adaptation for mmWave based HAR via Renyi Entropy based Uncertainty Estimation,[singleton] two additional open-source datasets,two additional open-source datasets,1
270,Active Domain Adaptation for mmWave based HAR via Renyi Entropy based Uncertainty Estimation,[self-reference],we,1
271,Physics-Informed Deep Learning and Partial Transfer Learning for Bearing Fault Diagnosis in the Presence of Highly Missing Data,the PTPAI method,the PTPAI method; which; the proposed approach,3
271,Physics-Informed Deep Learning and Partial Transfer Learning for Bearing Fault Diagnosis in the Presence of Highly Missing Data,synthetic labeled data,synthetic labeled data; Labeled synthetic data,2
271,Physics-Informed Deep Learning and Partial Transfer Learning for Bearing Fault Diagnosis in the Presence of Highly Missing Data,the partial-set challenge,partial-set fault diagnosis hurdles; the partial-set challenge,2
271,Physics-Informed Deep Learning and Partial Transfer Learning for Bearing Fault Diagnosis in the Presence of Highly Missing Data,[singleton] bearing fault diagnosis,bearing fault diagnosis,1
271,Physics-Informed Deep Learning and Partial Transfer Learning for Bearing Fault Diagnosis in the Presence of Highly Missing Data,[singleton] sensor-acquired data,sensor-acquired data,1
271,Physics-Informed Deep Learning and Partial Transfer Learning for Bearing Fault Diagnosis in the Presence of Highly Missing Data,[singleton] a physics-informed deep learning based technique,a physics-informed deep learning based technique,1
271,Physics-Informed Deep Learning and Partial Transfer Learning for Bearing Fault Diagnosis in the Presence of Highly Missing Data,[singleton] the source domain,the source domain,1
271,Physics-Informed Deep Learning and Partial Transfer Learning for Bearing Fault Diagnosis in the Presence of Highly Missing Data,[singleton] unlabeled data with missing data,unlabeled data with missing data,1
271,Physics-Informed Deep Learning and Partial Transfer Learning for Bearing Fault Diagnosis in the Presence of Highly Missing Data,[singleton] the target domain,the target domain,1
271,Physics-Informed Deep Learning and Partial Transfer Learning for Bearing Fault Diagnosis in the Presence of Highly Missing Data,[singleton] imbalanced class problems,imbalanced class problems,1
271,Physics-Informed Deep Learning and Partial Transfer Learning for Bearing Fault Diagnosis in the Presence of Highly Missing Data,[singleton] the RF-Mixup approach,the RF-Mixup approach,1
271,Physics-Informed Deep Learning and Partial Transfer Learning for Bearing Fault Diagnosis in the Presence of Highly Missing Data,[singleton] imbalanced classes,imbalanced classes,1
271,Physics-Informed Deep Learning and Partial Transfer Learning for Bearing Fault Diagnosis in the Presence of Highly Missing Data,[singleton] the MK-MMSD,the MK-MMSD,1
271,Physics-Informed Deep Learning and Partial Transfer Learning for Bearing Fault Diagnosis in the Presence of Highly Missing Data,[singleton] CDAN,CDAN,1
271,Physics-Informed Deep Learning and Partial Transfer Learning for Bearing Fault Diagnosis in the Presence of Highly Missing Data,[singleton] weighting methods at the class and instance levels,weighting methods at the class and instance levels,1
271,Physics-Informed Deep Learning and Partial Transfer Learning for Bearing Fault Diagnosis in the Presence of Highly Missing Data,[singleton] the CWRU and JNU datasets,the CWRU and JNU datasets,1
272,HPG-Diff: Hierarchical physics-guided diffusion with differentiable connectivity constraints for topology optimization,Deep generative models,Deep generative models; these approaches,2
272,HPG-Diff: Hierarchical physics-guided diffusion with differentiable connectivity constraints for topology optimization,Hierarchical Physics-Guided Diffusion (HPG-Diff),Hierarchical Physics-Guided Diffusion; a novel diffusion framework; HPG-Diff; HPG-Diff,4
272,HPG-Diff: Hierarchical physics-guided diffusion with differentiable connectivity constraints for topology optimization,floating material suppression loss,a floating material suppression loss; a differentiable connectivity constraint; this mechanism,3
272,HPG-Diff: Hierarchical physics-guided diffusion with differentiable connectivity constraints for topology optimization,[singleton] topology optimization,topology optimization,1
272,HPG-Diff: Hierarchical physics-guided diffusion with differentiable connectivity constraints for topology optimization,[singleton] unseen boundary conditions,unseen boundary conditions,1
272,HPG-Diff: Hierarchical physics-guided diffusion with differentiable connectivity constraints for topology optimization,[singleton] floating material artifacts,floating material artifacts,1
272,HPG-Diff: Hierarchical physics-guided diffusion with differentiable connectivity constraints for topology optimization,[singleton] two synergistic mechanisms,two synergistic mechanisms,1
272,HPG-Diff: Hierarchical physics-guided diffusion with differentiable connectivity constraints for topology optimization,[singleton] a hierarchical physics-guided strategy,a hierarchical physics-guided strategy,1
272,HPG-Diff: Hierarchical physics-guided diffusion with differentiable connectivity constraints for topology optimization,[singleton] different precomputed physics features,different precomputed physics features,1
272,HPG-Diff: Hierarchical physics-guided diffusion with differentiable connectivity constraints for topology optimization,[singleton] the denoising process,the denoising process,1
272,HPG-Diff: Hierarchical physics-guided diffusion with differentiable connectivity constraints for topology optimization,[singleton] optimal load paths,optimal load paths,1
272,HPG-Diff: Hierarchical physics-guided diffusion with differentiable connectivity constraints for topology optimization,[singleton] thermal conduction,thermal conduction,1
272,HPG-Diff: Hierarchical physics-guided diffusion with differentiable connectivity constraints for topology optimization,[singleton] topological connectivity,topological connectivity,1
272,HPG-Diff: Hierarchical physics-guided diffusion with differentiable connectivity constraints for topology optimization,[singleton] a virtual heat propagation process,a virtual heat propagation process,1
272,HPG-Diff: Hierarchical physics-guided diffusion with differentiable connectivity constraints for topology optimization,[singleton] load positions,load positions,1
272,HPG-Diff: Hierarchical physics-guided diffusion with differentiable connectivity constraints for topology optimization,[singleton] average compliance errors,average compliance errors,1
272,HPG-Diff: Hierarchical physics-guided diffusion with differentiable connectivity constraints for topology optimization,[singleton] floating material ratios,floating material ratios,1
272,HPG-Diff: Hierarchical physics-guided diffusion with differentiable connectivity constraints for topology optimization,[singleton] a 3:1 rectangular domain,a 3:1 rectangular domain,1
272,HPG-Diff: Hierarchical physics-guided diffusion with differentiable connectivity constraints for topology optimization,[singleton] cantilever and bridge benchmarks,cantilever and bridge benchmarks,1
272,HPG-Diff: Hierarchical physics-guided diffusion with differentiable connectivity constraints for topology optimization,[singleton] lightweight LoRA fine-tuning,lightweight LoRA fine-tuning,1
272,HPG-Diff: Hierarchical physics-guided diffusion with differentiable connectivity constraints for topology optimization,[singleton] a small dataset,a small dataset,1
272,HPG-Diff: Hierarchical physics-guided diffusion with differentiable connectivity constraints for topology optimization,[singleton] rectangular non-square domains,rectangular non-square domains,1
272,HPG-Diff: Hierarchical physics-guided diffusion with differentiable connectivity constraints for topology optimization,[self-reference],we; we; we,3
273,Neural Structural Correspondence Learning for Domain Adaptation,domain adaptation,Domain adaptation; domain adaptation,2
273,Neural Structural Correspondence Learning for Domain Adaptation,the proposed neural network model,a neural network model; our model; a three-layer neural network; our model; our model,5
273,Neural Structural Correspondence Learning for Domain Adaptation,structural correspondence learning (SCL),structural correspondence learning; the SCL,2
273,Neural Structural Correspondence Learning for Domain Adaptation,the low-dimensional representation,a low-dimensional representation; that representation; The low-dimensional representation,3
273,Neural Structural Correspondence Learning for Domain Adaptation,the input example,an input example; the example,2
273,Neural Structural Correspondence Learning for Domain Adaptation,domain pairs,12 domain pairs; domain pairs,2
273,Neural Structural Correspondence Learning for Domain Adaptation,[singleton] labeled training data,labeled training data,1
273,Neural Structural Correspondence Learning for Domain Adaptation,[singleton] autoencoder neural networks,autoencoder neural networks,1
273,Neural Structural Correspondence Learning for Domain Adaptation,[singleton] the nonpivot features,the nonpivot features,1
273,Neural Structural Correspondence Learning for Domain Adaptation,[singleton] a learning algorithm for the task,a learning algorithm for the task,1
273,Neural Structural Correspondence Learning for Domain Adaptation,[singleton] pre-trained word embeddings,pre-trained word embeddings,1
273,Neural Structural Correspondence Learning for Domain Adaptation,[singleton] cross-domain product sentiment classification,cross-domain product sentiment classification,1
273,Neural Structural Correspondence Learning for Domain Adaptation,[singleton] the marginalized stacked denoising autoencoder ) methods,the marginalized stacked denoising autoencoder ) methods,1
273,Neural Structural Correspondence Learning for Domain Adaptation,[self-reference],We; our; we; our; our,5
274,Learning Disentangled Semantic Representation for Domain Adaptation,DSR (the proposed model),DSR; our model,2
274,Learning Disentangled Semantic Representation for Domain Adaptation,the entangled feature space,the feature space; the entangled feature space,2
274,Learning Disentangled Semantic Representation for Domain Adaptation,the two independent sets of latent variables,two independent sets of variables; these two sets of reconstructed latent variables,2
274,Learning Disentangled Semantic Representation for Domain Adaptation,the semantic latent variables,the semantic latent variables; the semantic latent variables; The disentangled semantic latent variables,3
274,Learning Disentangled Semantic Representation for Domain Adaptation,the domain latent variables,the domain latent variables; domain latent variables,2
274,Learning Disentangled Semantic Representation for Domain Adaptation,the data,the data; the data,2
274,Learning Disentangled Semantic Representation for Domain Adaptation,[singleton] the existing domain adaptation methods,the existing domain adaptation methods,1
274,Learning Disentangled Semantic Representation for Domain Adaptation,[singleton] the domain-invariant representation,the domain-invariant representation,1
274,Learning Disentangled Semantic Representation for Domain Adaptation,[singleton] domain information,domain information,1
274,Learning Disentangled Semantic Representation for Domain Adaptation,[singleton] semantic information,semantic information,1
274,Learning Disentangled Semantic Representation for Domain Adaptation,[singleton] the domain invariant semantic information,the domain invariant semantic information,1
274,Learning Disentangled Semantic Representation for Domain Adaptation,[singleton] the latent disentangled semantic representation,the latent disentangled semantic representation,1
274,Learning Disentangled Semantic Representation for Domain Adaptation,[singleton] the data generation process,the data generation process,1
274,Learning Disentangled Semantic Representation for Domain Adaptation,[singleton] a variational auto-encoder,a variational auto-encoder,1
274,Learning Disentangled Semantic Representation for Domain Adaptation,[singleton] a dual adversarial network,a dual adversarial network,1
274,Learning Disentangled Semantic Representation for Domain Adaptation,[singleton] the domains,the domains,1
274,Learning Disentangled Semantic Representation for Domain Adaptation,[singleton] Experimental studies,Experimental studies,1
274,Learning Disentangled Semantic Representation for Domain Adaptation,[singleton] several domain adaptation benchmark datasets,several domain adaptation benchmark datasets,1
274,Learning Disentangled Semantic Representation for Domain Adaptation,[self-reference],we; we; we; We,4
275,Fairness meets Cross-Domain Learning: a new perspective on Models and Metrics,deep learning based recognition systems,Deep learning based recognition systems; they,2
275,Fairness meets Cross-Domain Learning: a new perspective on Models and Metrics,sensitive attributes / spurious information,sensitive attributes; this information,2
275,Fairness meets Cross-Domain Learning: a new perspective on Models and Metrics,this work / our study,this work; Our study; our work,3
275,Fairness meets Cross-Domain Learning: a new perspective on Models and Metrics,14 CD approaches,14 CD approaches; the former,2
275,Fairness meets Cross-Domain Learning: a new perspective on Models and Metrics,three state-of-the-art fairness algorithms,three state-of-the-art fairness algorithms; the latter,2
275,Fairness meets Cross-Domain Learning: a new perspective on Models and Metrics,[singleton] spurious data correlations,spurious data correlations,1
275,Fairness meets Cross-Domain Learning: a new perspective on Models and Metrics,[singleton] several open questions,several open questions,1
275,Fairness meets Cross-Domain Learning: a new perspective on Models and Metrics,[singleton] the domain adaptation and generalization literature,the domain adaptation and generalization literature,1
275,Fairness meets Cross-Domain Learning: a new perspective on Models and Metrics,[singleton] visual domain biases,visual domain biases,1
275,Fairness meets Cross-Domain Learning: a new perspective on Models and Metrics,[singleton] a benchmark on face and medical images,a benchmark on face and medical images,1
275,Fairness meets Cross-Domain Learning: a new perspective on Models and Metrics,[singleton] several demographic groups,several demographic groups,1
275,Fairness meets Cross-Domain Learning: a new perspective on Models and Metrics,[singleton] classification and localization tasks,classification and localization tasks,1
275,Fairness meets Cross-Domain Learning: a new perspective on Models and Metrics,[singleton] the current evaluation metrics,the current evaluation metrics,1
275,Fairness meets Cross-Domain Learning: a new perspective on Models and Metrics,[singleton] a new Harmonic Fairness score,a new Harmonic Fairness score,1
275,Fairness meets Cross-Domain Learning: a new perspective on Models and Metrics,[singleton] a reference baseline,a reference baseline,1
275,Fairness meets Cross-Domain Learning: a new perspective on Models and Metrics,[singleton] computer vision,computer vision,1
275,Fairness meets Cross-Domain Learning: a new perspective on Models and Metrics,[self-reference],our; we propose; we introduce; Our; our,5
276,UDA4Inst: Unsupervised Domain Adaptation for Instance Segmentation,instance segmentation,Instance segmentation; instance segmentation; instance segmentation; instance segmentation,4
276,UDA4Inst: Unsupervised Domain Adaptation for Instance Segmentation,UDA4Inst framework,"UDA4Inst, a powerful framework for synth-to-real UDA in instance segmentation; Our framework; UDA4Inst",3
276,UDA4Inst: Unsupervised Domain Adaptation for Instance Segmentation,Semantic Category Training,Semantic Category Training; Semantic Category Training,2
276,UDA4Inst: Unsupervised Domain Adaptation for Instance Segmentation,Bidirectional Mixing Training,Bidirectional Mixing Training; Bidirectional Mixing Training,2
276,UDA4Inst: Unsupervised Domain Adaptation for Instance Segmentation,autonomous driving,autonomous driving; autonomous driving,2
276,UDA4Inst: Unsupervised Domain Adaptation for Instance Segmentation,[singleton] annotated real-world data,annotated real-world data,1
276,UDA4Inst: Unsupervised Domain Adaptation for Instance Segmentation,[singleton] expensive labeling costs,expensive labeling costs,1
276,UDA4Inst: Unsupervised Domain Adaptation for Instance Segmentation,[singleton] Unsupervised Domain Adaptation,Unsupervised Domain Adaptation,1
276,UDA4Inst: Unsupervised Domain Adaptation for Instance Segmentation,[singleton] labeled synthetic data,labeled synthetic data,1
276,UDA4Inst: Unsupervised Domain Adaptation for Instance Segmentation,[singleton] unlabeled real-world data,unlabeled real-world data,1
276,UDA4Inst: Unsupervised Domain Adaptation for Instance Segmentation,[singleton] UDA methods for synthetic to real-world domains (synth-to-real),UDA methods for synthetic to real-world domains (synth-to-real),1
276,UDA4Inst: Unsupervised Domain Adaptation for Instance Segmentation,[singleton] semantic segmentation,semantic segmentation,1
276,UDA4Inst: Unsupervised Domain Adaptation for Instance Segmentation,[singleton] object detection,object detection,1
276,UDA4Inst: Unsupervised Domain Adaptation for Instance Segmentation,[singleton] suboptimal baselines,suboptimal baselines,1
276,UDA4Inst: Unsupervised Domain Adaptation for Instance Segmentation,[singleton] pseudo-label quality,pseudo-label quality,1
276,UDA4Inst: Unsupervised Domain Adaptation for Instance Segmentation,[singleton] segmentation accuracy,segmentation accuracy,1
276,UDA4Inst: Unsupervised Domain Adaptation for Instance Segmentation,[singleton] instance-wise and patch-wise data mixing,instance-wise and patch-wise data mixing,1
276,UDA4Inst: Unsupervised Domain Adaptation for Instance Segmentation,[singleton] SYNTHIA-> Cityscapes benchmark,SYNTHIA-> Cityscapes benchmark,1
276,UDA4Inst: Unsupervised Domain Adaptation for Instance Segmentation,[singleton] UrbanSyn,UrbanSyn,1
276,UDA4Inst: Unsupervised Domain Adaptation for Instance Segmentation,[singleton] Synscapes,Synscapes,1
276,UDA4Inst: Unsupervised Domain Adaptation for Instance Segmentation,[singleton] KITTI360,KITTI360,1
276,UDA4Inst: Unsupervised Domain Adaptation for Instance Segmentation,[self-reference],We; Our,2
277,The Unbalanced Gromov Wasserstein Distance: Conic Formulation and Relaxation,metric measure spaces,metric measure spaces; such metric measure spaces,2
277,The Unbalanced Gromov Wasserstein Distance: Conic Formulation and Relaxation,the Gromov-Wasserstein (GW) distance,Gromov-Wasserstein (GW) distance; which; The GW distance,3
277,The Unbalanced Gromov Wasserstein Distance: Conic Formulation and Relaxation,two Unbalanced Gromov-Wasserstein formulations,two Unbalanced Gromov-Wasserstein formulations; They,2
277,The Unbalanced Gromov Wasserstein Distance: Conic Formulation and Relaxation,a novel type of quadratically-homogeneous divergence,a novel type of quadratically-homogeneous divergence; This divergence,2
277,The Unbalanced Gromov Wasserstein Distance: Conic Formulation and Relaxation,the unbalanced divergence,the unbalanced divergence; its,2
277,The Unbalanced Gromov Wasserstein Distance: Conic Formulation and Relaxation,[singleton] a quadratic assignment problem,a quadratic assignment problem,1
277,The Unbalanced Gromov Wasserstein Distance: Conic Formulation and Relaxation,[singleton] a probability distribution,a probability distribution,1
277,The Unbalanced Gromov Wasserstein Distance: Conic Formulation and Relaxation,[singleton] The first formulation,The first formulation,1
277,The Unbalanced Gromov Wasserstein Distance: Conic Formulation and Relaxation,[singleton] the mass conservation constraint,the mass conservation constraint,1
277,The Unbalanced Gromov Wasserstein Distance: Conic Formulation and Relaxation,[singleton] the entropic regularization approach,the entropic regularization approach,1
277,The Unbalanced Gromov Wasserstein Distance: Conic Formulation and Relaxation,[singleton] large scale optimal transport problems,large scale optimal transport problems,1
277,The Unbalanced Gromov Wasserstein Distance: Conic Formulation and Relaxation,[singleton] the underlying non-convex optimization problem,the underlying non-convex optimization problem,1
277,The Unbalanced Gromov Wasserstein Distance: Conic Formulation and Relaxation,[singleton] a highly parallelizable and GPU-friendly iterative scheme,a highly parallelizable and GPU-friendly iterative scheme,1
277,The Unbalanced Gromov Wasserstein Distance: Conic Formulation and Relaxation,[singleton] The second formulation,The second formulation,1
277,The Unbalanced Gromov Wasserstein Distance: Conic Formulation and Relaxation,[singleton] mm-spaces,mm-spaces,1
277,The Unbalanced Gromov Wasserstein Distance: Conic Formulation and Relaxation,[singleton] a conic lifting,a conic lifting,1
277,The Unbalanced Gromov Wasserstein Distance: Conic Formulation and Relaxation,[singleton] synthetic examples,synthetic examples,1
277,The Unbalanced Gromov Wasserstein Distance: Conic Formulation and Relaxation,[singleton] domain adaptation data,domain adaptation data,1
277,The Unbalanced Gromov Wasserstein Distance: Conic Formulation and Relaxation,[singleton] a Positive-Unlabeled learning task,a Positive-Unlabeled learning task,1
277,The Unbalanced Gromov Wasserstein Distance: Conic Formulation and Relaxation,[self-reference],we introduce; We show; we provide,3
278,"ReSAM: Refine, Requery, and Reinforce: Self-Prompting Point-Supervised Segmentation for Remote Sensing Images",Interactive segmentation models,Interactive segmentation models; they,2
278,"ReSAM: Refine, Requery, and Reinforce: Self-Prompting Point-Supervised Segmentation for Remote Sensing Images",Segment Anything Model (SAM),the Segment Anything Model; SAM; SAM s; pretrained SAM,4
278,"ReSAM: Refine, Requery, and Reinforce: Self-Prompting Point-Supervised Segmentation for Remote Sensing Images",the proposed point-supervised self-prompting framework,"a point-supervised, self-prompting framework; Our method; our approach; our proposed method; it; our approach",6
278,"ReSAM: Refine, Requery, and Reinforce: Self-Prompting Point-Supervised Segmentation for Remote Sensing Images",WHU dataset,WHU; WHU,2
278,"ReSAM: Refine, Requery, and Reinforce: Self-Prompting Point-Supervised Segmentation for Remote Sensing Images",HRSID dataset,HRSID; HRSID,2
278,"ReSAM: Refine, Requery, and Reinforce: Self-Prompting Point-Supervised Segmentation for Remote Sensing Images",NWPU VHR-10 dataset,NWPU VHR-10; NWPU,2
278,"ReSAM: Refine, Requery, and Reinforce: Self-Prompting Point-Supervised Segmentation for Remote Sensing Images",[singleton] natural images,natural images,1
278,"ReSAM: Refine, Requery, and Reinforce: Self-Prompting Point-Supervised Segmentation for Remote Sensing Images",[singleton] remote sensing imagery,remote sensing imagery,1
278,"ReSAM: Refine, Requery, and Reinforce: Self-Prompting Point-Supervised Segmentation for Remote Sensing Images",[singleton] severe domain shifts,severe domain shifts,1
278,"ReSAM: Refine, Requery, and Reinforce: Self-Prompting Point-Supervised Segmentation for Remote Sensing Images",[singleton] the scarcity of dense annotations,the scarcity of dense annotations,1
278,"ReSAM: Refine, Requery, and Reinforce: Self-Prompting Point-Supervised Segmentation for Remote Sensing Images",[singleton] sparse point annotations,sparse point annotations,1
278,"ReSAM: Refine, Requery, and Reinforce: Self-Prompting Point-Supervised Segmentation for Remote Sensing Images",[singleton] a Refine-Requery-Reinforce loop,a Refine-Requery-Reinforce loop,1
278,"ReSAM: Refine, Requery, and Reinforce: Self-Prompting Point-Supervised Segmentation for Remote Sensing Images",[singleton] coarse pseudo-masks,coarse pseudo-masks,1
278,"ReSAM: Refine, Requery, and Reinforce: Self-Prompting Point-Supervised Segmentation for Remote Sensing Images",[singleton] initial points,initial points,1
278,"ReSAM: Refine, Requery, and Reinforce: Self-Prompting Point-Supervised Segmentation for Remote Sensing Images",[singleton] self-constructed box prompts,self-constructed box prompts,1
278,"ReSAM: Refine, Requery, and Reinforce: Self-Prompting Point-Supervised Segmentation for Remote Sensing Images",[singleton] Soft Semantic Alignment,Soft Semantic Alignment,1
278,"ReSAM: Refine, Requery, and Reinforce: Self-Prompting Point-Supervised Segmentation for Remote Sensing Images",[singleton] error propagation,error propagation,1
278,"ReSAM: Refine, Requery, and Reinforce: Self-Prompting Point-Supervised Segmentation for Remote Sensing Images",[singleton] full-mask supervision,full-mask supervision,1
278,"ReSAM: Refine, Requery, and Reinforce: Self-Prompting Point-Supervised Segmentation for Remote Sensing Images",[singleton] self-guided prompt adaptation,self-guided prompt adaptation,1
278,"ReSAM: Refine, Requery, and Reinforce: Self-Prompting Point-Supervised Segmentation for Remote Sensing Images",[singleton] three RSI benchmark datasets,three RSI benchmark datasets,1
278,"ReSAM: Refine, Requery, and Reinforce: Self-Prompting Point-Supervised Segmentation for Remote Sensing Images",[singleton] recent point-supervised segmentation methods,recent point-supervised segmentation methods,1
278,"ReSAM: Refine, Requery, and Reinforce: Self-Prompting Point-Supervised Segmentation for Remote Sensing Images",[singleton] the fully supervised model,the fully supervised model,1
278,"ReSAM: Refine, Requery, and Reinforce: Self-Prompting Point-Supervised Segmentation for Remote Sensing Images",[singleton] 1-point annotations,1-point annotations,1
278,"ReSAM: Refine, Requery, and Reinforce: Self-Prompting Point-Supervised Segmentation for Remote Sensing Images",[singleton] foundation segmentation models,foundation segmentation models,1
278,"ReSAM: Refine, Requery, and Reinforce: Self-Prompting Point-Supervised Segmentation for Remote Sensing Images",[self-reference],we; Our; our; We; our; our; Our,7
279,MS-MDA: Multisource Marginal Distribution Adaptation for Cross-subject and Cross-session EEG Emotion Recognition,electroencephalogram based emotion recognition,the electroencephalogram based emotion recognition; its,2
279,MS-MDA: Multisource Marginal Distribution Adaptation for Cross-subject and Cross-session EEG Emotion Recognition,several studies adopting domain adaptation,several studies; them,2
279,MS-MDA: Multisource Marginal Distribution Adaptation for Cross-subject and Cross-session EEG Emotion Recognition,MS-MDA (multi-source marginal distribution adaptation),the multi-source marginal distribution adaptation for EEG emotion recognition; which; our method; the MS-MDA,4
279,MS-MDA: Multisource Marginal Distribution Adaptation for Cross-subject and Cross-session EEG Emotion Recognition,branches for multiple EEG data source domains,independent branches; multiple branches,2
279,MS-MDA: Multisource Marginal Distribution Adaptation for Cross-subject and Cross-session EEG Emotion Recognition,[singleton] psychiatric disorders,psychiatric disorders,1
279,MS-MDA: Multisource Marginal Distribution Adaptation for Cross-subject and Cross-session EEG Emotion Recognition,[singleton] the variability between subjects and sessions,the variability between subjects and sessions,1
279,MS-MDA: Multisource Marginal Distribution Adaptation for Cross-subject and Cross-session EEG Emotion Recognition,[singleton] a single source domain,a single source domain,1
279,MS-MDA: Multisource Marginal Distribution Adaptation for Cross-subject and Cross-session EEG Emotion Recognition,[singleton] a certain marginal distribution,a certain marginal distribution,1
279,MS-MDA: Multisource Marginal Distribution Adaptation for Cross-subject and Cross-session EEG Emotion Recognition,[singleton] the same low-level features,the same low-level features,1
279,MS-MDA: Multisource Marginal Distribution Adaptation for Cross-subject and Cross-session EEG Emotion Recognition,[singleton] multiple EEG data source domains,multiple EEG data source domains,1
279,MS-MDA: Multisource Marginal Distribution Adaptation for Cross-subject and Cross-session EEG Emotion Recognition,[singleton] SEED,SEED,1
279,MS-MDA: Multisource Marginal Distribution Adaptation for Cross-subject and Cross-session EEG Emotion Recognition,[singleton] SEED-IV,SEED-IV,1
279,MS-MDA: Multisource Marginal Distribution Adaptation for Cross-subject and Cross-session EEG Emotion Recognition,[singleton] the comparison methods,the comparison methods,1
279,MS-MDA: Multisource Marginal Distribution Adaptation for Cross-subject and Cross-session EEG Emotion Recognition,[singleton] state-of-the-art models,state-of-the-art models,1
279,MS-MDA: Multisource Marginal Distribution Adaptation for Cross-subject and Cross-session EEG Emotion Recognition,[self-reference],We; we; we; our; We; our,6
280,Learning an Efficient Optimizer via Hybrid-Policy Sub-Trajectory Balance,Lo-Hp,Lo-Hp; It; Lo-Hp,3
280,Learning an Efficient Optimizer via Hybrid-Policy Sub-Trajectory Balance,over-coupling issue,over-coupling; The former,2
280,Learning an Efficient Optimizer via Hybrid-Policy Sub-Trajectory Balance,long-horizon issue,long-horizon; The latter; the long-horizon issue,3
280,Learning an Efficient Optimizer via Hybrid-Policy Sub-Trajectory Balance,hybrid-policy sub-trajectory balance objective,a hybrid-policy sub-trajectory balance objective; which,2
280,Learning an Efficient Optimizer via Hybrid-Policy Sub-Trajectory Balance,local optimization policies,local optimization policies; local optimization policies,2
280,Learning an Efficient Optimizer via Hybrid-Policy Sub-Trajectory Balance,[singleton] generative modeling,generative modeling,1
280,Learning an Efficient Optimizer via Hybrid-Policy Sub-Trajectory Balance,[singleton] neural networks,neural networks,1
280,Learning an Efficient Optimizer via Hybrid-Policy Sub-Trajectory Balance,[singleton] gradient based optimization,gradient based optimization,1
280,Learning an Efficient Optimizer via Hybrid-Policy Sub-Trajectory Balance,[singleton] task-specific objectives,task-specific objectives,1
280,Learning an Efficient Optimizer via Hybrid-Policy Sub-Trajectory Balance,[singleton] the learned optimizer,the learned optimizer,1
280,Learning an Efficient Optimizer via Hybrid-Policy Sub-Trajectory Balance,[singleton] on-policy and off-policy learning,on-policy and off-policy learning,1
280,Learning an Efficient Optimizer via Hybrid-Policy Sub-Trajectory Balance,[singleton] global optimal weights,global optimal weights,1
280,Learning an Efficient Optimizer via Hybrid-Policy Sub-Trajectory Balance,[singleton] transfer learning,transfer learning,1
280,Learning an Efficient Optimizer via Hybrid-Policy Sub-Trajectory Balance,[singleton] few-shot learning,few-shot learning,1
280,Learning an Efficient Optimizer via Hybrid-Policy Sub-Trajectory Balance,[singleton] domain generalization,domain generalization,1
280,Learning an Efficient Optimizer via Hybrid-Policy Sub-Trajectory Balance,[singleton] large language model adaptation,large language model adaptation,1
280,Learning an Efficient Optimizer via Hybrid-Policy Sub-Trajectory Balance,[self-reference],we; we; we,3
281,RePer-360: Releasing Perspective Priors for Depth Estimation via Self-Modulation,depth foundation models,Recent depth foundation models; these models; depth foundation models,3
281,RePer-360: Releasing Perspective Priors for Depth Estimation via Self-Modulation,RePer-360,RePer-360; a distortion-aware self-modulation framework for monocular panoramic depth estimation; RePer-360; it,4
281,RePer-360: Releasing Perspective Priors for Depth Estimation via Self-Modulation,modulation signal,a modulation signal; it,2
281,RePer-360: Releasing Perspective Priors for Depth Estimation via Self-Modulation,the model,the model; its,2
281,RePer-360: Releasing Perspective Priors for Depth Estimation via Self-Modulation,pretrained perspective priors,powerful pretrained perspective priors; preserved pretrained perspective priors,2
281,RePer-360: Releasing Perspective Priors for Depth Estimation via Self-Modulation,[singleton] perspective imagery,perspective imagery,1
281,RePer-360: Releasing Perspective Priors for Depth Estimation via Self-Modulation,[singleton] panoramic data,panoramic data,1
281,RePer-360: Releasing Perspective Priors for Depth Estimation via Self-Modulation,[singleton] a lightweight geometry-aligned guidance module,a lightweight geometry-aligned guidance module,1
281,RePer-360: Releasing Perspective Priors for Depth Estimation via Self-Modulation,[singleton] two complementary projections,two complementary projections,1
281,RePer-360: Releasing Perspective Priors for Depth Estimation via Self-Modulation,[singleton] a Self-Conditioned AdaLN-Zero mechanism,a Self-Conditioned AdaLN-Zero mechanism,1
281,RePer-360: Releasing Perspective Priors for Depth Estimation via Self-Modulation,[singleton] pixel-wise scaling factors,pixel-wise scaling factors,1
281,RePer-360: Releasing Perspective Priors for Depth Estimation via Self-Modulation,[singleton] the feature distribution gap,the feature distribution gap,1
281,RePer-360: Releasing Perspective Priors for Depth Estimation via Self-Modulation,[singleton] a cubemap-domain consistency loss,a cubemap-domain consistency loss,1
281,RePer-360: Releasing Perspective Priors for Depth Estimation via Self-Modulation,[singleton] cross-projection alignment,cross-projection alignment,1
281,RePer-360: Releasing Perspective Priors for Depth Estimation via Self-Modulation,[singleton] complementary-projection fusion,complementary-projection fusion,1
281,RePer-360: Releasing Perspective Priors for Depth Estimation via Self-Modulation,[singleton] standard fine-tuning methods,standard fine-tuning methods,1
281,RePer-360: Releasing Perspective Priors for Depth Estimation via Self-Modulation,[singleton] the training data,the training data,1
281,RePer-360: Releasing Perspective Priors for Depth Estimation via Self-Modulation,[singleton] RMSE,RMSE,1
281,RePer-360: Releasing Perspective Priors for Depth Estimation via Self-Modulation,[self-reference],we; we; We,3
282,Domain Adaptation with Asymmetrically-Relaxed Distribution Alignment,domain adaptation,Domain adaptation; domain adaptation,2
282,Domain Adaptation with Asymmetrically-Relaxed Distribution Alignment,domain-adversarial approaches,Recently-proposed domain-adversarial approaches; this approach; they; standard domain-adversarial algorithms,4
282,Domain Adaptation with Asymmetrically-Relaxed Distribution Alignment,minimization of two terms in the bound,minimizing two terms in a theoretical bound on target error; this minimization,2
282,Domain Adaptation with Asymmetrically-Relaxed Distribution Alignment,asymmetrically-relaxed distribution alignment,asymmetrically-relaxed distribution alignment; a new approach; our algorithm,3
282,Domain Adaptation with Asymmetrically-Relaxed Distribution Alignment,[singleton] the target distribution generating our test data,the target distribution generating our test data,1
282,Domain Adaptation with Asymmetrically-Relaxed Distribution Alignment,[singleton] the source (training) distribution,the source (training) distribution,1
282,Domain Adaptation with Asymmetrically-Relaxed Distribution Alignment,[singleton] covariate or label shift,covariate or label shift,1
282,Domain Adaptation with Asymmetrically-Relaxed Distribution Alignment,[singleton] source and target encodings,source and target encodings,1
282,Domain Adaptation with Asymmetrically-Relaxed Distribution Alignment,[singleton] the third term,the third term,1
282,Domain Adaptation with Asymmetrically-Relaxed Distribution Alignment,[singleton] shifting label distributions,shifting label distributions,1
282,Domain Adaptation with Asymmetrically-Relaxed Distribution Alignment,[singleton] synthetic and real datasets,synthetic and real datasets,1
282,Domain Adaptation with Asymmetrically-Relaxed Distribution Alignment,[self-reference],our; We; our,3
283,Continuous Unsupervised Domain Adaptation Using Stabilized Representations and Experience Replay,the proposed algorithm,an algorithm; Our solution; our algorithm; our method; our approach,5
283,Continuous Unsupervised Domain Adaptation Using Stabilized Representations and Experience Replay,the learned internal distribution,the learned internal distribution; The internal distribution; this internal distribution,3
283,Continuous Unsupervised Domain Adaptation Using Stabilized Representations and Experience Replay,the model,a base model; the model; the model,3
283,Continuous Unsupervised Domain Adaptation Using Stabilized Representations and Experience Replay,Gaussian mixture model,a Gaussian mixture model; the estimated GMM,2
283,Continuous Unsupervised Domain Adaptation Using Stabilized Representations and Experience Replay,[singleton] unsupervised domain adaptation,unsupervised domain adaptation,1
283,Continuous Unsupervised Domain Adaptation Using Stabilized Representations and Experience Replay,[singleton] continual learning scenarios,continual learning scenarios,1
283,Continuous Unsupervised Domain Adaptation Using Stabilized Representations and Experience Replay,[singleton] domain shift,domain shift,1
283,Continuous Unsupervised Domain Adaptation Using Stabilized Representations and Experience Replay,[singleton] unlabeled data,unlabeled data,1
283,Continuous Unsupervised Domain Adaptation Using Stabilized Representations and Experience Replay,[singleton] UDA algorithms,UDA algorithms,1
283,Continuous Unsupervised Domain Adaptation Using Stabilized Representations and Experience Replay,[singleton] the source and target domain datasets,the source and target domain datasets,1
283,Continuous Unsupervised Domain Adaptation Using Stabilized Representations and Experience Replay,[singleton] existing CL approaches,existing CL approaches,1
283,Continuous Unsupervised Domain Adaptation Using Stabilized Representations and Experience Replay,[singleton] network responses in hidden layer,network responses in hidden layer,1
283,Continuous Unsupervised Domain Adaptation Using Stabilized Representations and Experience Replay,[singleton] the internally learned distribution of new domains,the internally learned distribution of new domains,1
283,Continuous Unsupervised Domain Adaptation Using Stabilized Representations and Experience Replay,[singleton] experience replay,experience replay,1
283,Continuous Unsupervised Domain Adaptation Using Stabilized Representations and Experience Replay,[singleton] catastrophic forgetting,catastrophic forgetting,1
283,Continuous Unsupervised Domain Adaptation Using Stabilized Representations and Experience Replay,[singleton] theoretical analysis,theoretical analysis,1
283,Continuous Unsupervised Domain Adaptation Using Stabilized Representations and Experience Replay,[singleton] extensive comparative and analytic experiments,extensive comparative and analytic experiments,1
283,Continuous Unsupervised Domain Adaptation Using Stabilized Representations and Experience Replay,[singleton] four benchmark datasets,four benchmark datasets,1
283,Continuous Unsupervised Domain Adaptation Using Stabilized Representations and Experience Replay,[self-reference],We; Our; We; we; We; our; We; our; We; our,10
284,LLaDA-VLA: Vision Language Diffusion Action Models,diffusion-based VLMs (d-VLMs),diffusion based VLMs; such models; pretrained d-VLMs; d-VLMs,4
284,LLaDA-VLA: Vision Language Diffusion Action Models,LLaDA-VLA,LLaDA-VLA; LLaDA-VLA,2
284,LLaDA-VLA: Vision Language Diffusion Action Models,[singleton] auto-regressive vision-language models,auto-regressive vision-language models,1
284,LLaDA-VLA: Vision Language Diffusion Action Models,[singleton] vision-language-action models for robotic manipulation,vision-language-action models for robotic manipulation,1
284,LLaDA-VLA: Vision Language Diffusion Action Models,[singleton] masked diffusion models,masked diffusion models,1
284,LLaDA-VLA: Vision Language Diffusion Action Models,[singleton] autoregressive models,autoregressive models,1
284,LLaDA-VLA: Vision Language Diffusion Action Models,[singleton] text generation,text generation,1
284,LLaDA-VLA: Vision Language Diffusion Action Models,[singleton] robot policy learning,robot policy learning,1
284,LLaDA-VLA: Vision Language Diffusion Action Models,[singleton] two key designs,two key designs,1
284,LLaDA-VLA: Vision Language Diffusion Action Models,[singleton] a localized special-token classification strategy,a localized special-token classification strategy,1
284,LLaDA-VLA: Vision Language Diffusion Action Models,[singleton] full-vocabulary classification,full-vocabulary classification,1
284,LLaDA-VLA: Vision Language Diffusion Action Models,[singleton] special action token classification,special action token classification,1
284,LLaDA-VLA: Vision Language Diffusion Action Models,[singleton] a hierarchical action-structured decoding strategy,a hierarchical action-structured decoding strategy,1
284,LLaDA-VLA: Vision Language Diffusion Action Models,[singleton] action sequences,action sequences,1
284,LLaDA-VLA: Vision Language Diffusion Action Models,[singleton] state-of-the-art VLAs,state-of-the-art VLAs,1
284,LLaDA-VLA: Vision Language Diffusion Action Models,[self-reference],we; we,2
285,"NTT speaker diarization system for CHiME-7: multi-domain, multi-microphone End-to-end and vector clustering diarization",the proposed speaker diarization system,"our speaker diarization system designed for multi-domain, multi-microphone casual conversations; The proposed diarization pipeline; It; The proposed system; Our system",5
285,"NTT speaker diarization system for CHiME-7: multi-domain, multi-microphone End-to-end and vector clustering diarization",EEND-VC (end-to-end neural diarization with vector clustering),end-to-end neural diarization with vector clustering; the EEND-VC,2
285,"NTT speaker diarization system for CHiME-7: multi-domain, multi-microphone End-to-end and vector clustering diarization",DOVER-LAP (diarization output voting error reduction plus overlap),diarization output voting error reduction plus overlap; DOVER-LAP,2
285,"NTT speaker diarization system for CHiME-7: multi-domain, multi-microphone End-to-end and vector clustering diarization",[singleton] weighted prediction error based dereverberation,weighted prediction error based dereverberation,1
285,"NTT speaker diarization system for CHiME-7: multi-domain, multi-microphone End-to-end and vector clustering diarization",[singleton] the diarization result obtained from each channel,the diarization result obtained from each channel,1
285,"NTT speaker diarization system for CHiME-7: multi-domain, multi-microphone End-to-end and vector clustering diarization",[singleton] the target domain,the target domain,1
285,"NTT speaker diarization system for CHiME-7: multi-domain, multi-microphone End-to-end and vector clustering diarization",[singleton] self-supervised adaptation,self-supervised adaptation,1
285,"NTT speaker diarization system for CHiME-7: multi-domain, multi-microphone End-to-end and vector clustering diarization",[singleton] pseudo-labels,pseudo-labels,1
285,"NTT speaker diarization system for CHiME-7: multi-domain, multi-microphone End-to-end and vector clustering diarization",[singleton] NTT s submission,NTT s submission,1
285,"NTT speaker diarization system for CHiME-7: multi-domain, multi-microphone End-to-end and vector clustering diarization",[singleton] the distant automatic speech recognition task,the distant automatic speech recognition task,1
285,"NTT speaker diarization system for CHiME-7: multi-domain, multi-microphone End-to-end and vector clustering diarization",[singleton] the CHiME-7 challenge,the CHiME-7 challenge,1
285,"NTT speaker diarization system for CHiME-7: multi-domain, multi-microphone End-to-end and vector clustering diarization",[singleton] development and eval sets,development and eval sets,1
285,"NTT speaker diarization system for CHiME-7: multi-domain, multi-microphone End-to-end and vector clustering diarization",[singleton] the organizer-provided VC based baseline diarization system,the organizer-provided VC based baseline diarization system,1
285,"NTT speaker diarization system for CHiME-7: multi-domain, multi-microphone End-to-end and vector clustering diarization",[singleton] third place in diarization performance,third place in diarization performance,1
285,"NTT speaker diarization system for CHiME-7: multi-domain, multi-microphone End-to-end and vector clustering diarization",[self-reference],our; we; Our,3
286,Joint Information Preservation for Heterogeneous Domain Adaptation,heterogeneous domain adaptation (HDA),heterogeneous domain adaptation; HDA; the HDA,3
286,Joint Information Preservation for Heterogeneous Domain Adaptation,the two domains,The two domains; the two domains,2
286,Joint Information Preservation for Heterogeneous Domain Adaptation,the information of the original data,the information of the original data; the information of the original data,2
286,Joint Information Preservation for Heterogeneous Domain Adaptation,the proposed joint information preservation method,a joint information preservation method; The method; The proposed method; the proposed method; the proposed method,5
286,Joint Information Preservation for Heterogeneous Domain Adaptation,paired samples,paired samples; the paired samples,2
286,Joint Information Preservation for Heterogeneous Domain Adaptation,[singleton] Domain adaptation,Domain adaptation,1
286,Joint Information Preservation for Heterogeneous Domain Adaptation,[singleton] the target domain,the target domain,1
286,Joint Information Preservation for Heterogeneous Domain Adaptation,[singleton] the source domain,the source domain,1
286,Joint Information Preservation for Heterogeneous Domain Adaptation,[singleton] different feature spaces,different feature spaces,1
286,Joint Information Preservation for Heterogeneous Domain Adaptation,[singleton] diverse data collection methods,diverse data collection methods,1
286,Joint Information Preservation for Heterogeneous Domain Adaptation,[singleton] current algorithms,current algorithms,1
286,Joint Information Preservation for Heterogeneous Domain Adaptation,[singleton] the paired information,the paired information,1
286,Joint Information Preservation for Heterogeneous Domain Adaptation,[singleton] the shared subspace,the shared subspace,1
286,Joint Information Preservation for Heterogeneous Domain Adaptation,[singleton] the local and global structural information,the local and global structural information,1
286,Joint Information Preservation for Heterogeneous Domain Adaptation,[singleton] the joint information preservation,the joint information preservation,1
286,Joint Information Preservation for Heterogeneous Domain Adaptation,[singleton] distribution matching,distribution matching,1
286,Joint Information Preservation for Heterogeneous Domain Adaptation,[singleton] Experimental results,Experimental results,1
286,Joint Information Preservation for Heterogeneous Domain Adaptation,[singleton] the state-of-the-art HDA algorithms,the state-of-the-art HDA algorithms,1
286,Joint Information Preservation for Heterogeneous Domain Adaptation,[self-reference],we,1
287,SSVD: Structured SVD for Parameter-Efficient Fine-Tuning and Benchmarking under Domain Shift in ASR,low-rank adaptation,low-rank adaptation; its,2
287,SSVD: Structured SVD for Parameter-Efficient Fine-Tuning and Benchmarking under Domain Shift in ASR,"state-of-the-art PEFT variants (VeRA, DoRA, PiSSA, SVFT)","state-of-the-art variants, e.g., VeRA, DoRA, PiSSA, and SVFT; these PEFT methods",2
287,SSVD: Structured SVD for Parameter-Efficient Fine-Tuning and Benchmarking under Domain Shift in ASR,ESPnet,ESPnet; ESPnet,2
287,SSVD: Structured SVD for Parameter-Efficient Fine-Tuning and Benchmarking under Domain Shift in ASR,structured SVD-guided fine-tuning,structured SVD-guided fine-tuning; which; This design,3
287,SSVD: Structured SVD for Parameter-Efficient Fine-Tuning and Benchmarking under Domain Shift in ASR,[singleton] Parameter-efficient fine-tuning,Parameter-efficient fine-tuning,1
287,SSVD: Structured SVD for Parameter-Efficient Fine-Tuning and Benchmarking under Domain Shift in ASR,[singleton] large foundation models,large foundation models,1
287,SSVD: Structured SVD for Parameter-Efficient Fine-Tuning and Benchmarking under Domain Shift in ASR,[singleton] speech applications,speech applications,1
287,SSVD: Structured SVD for Parameter-Efficient Fine-Tuning and Benchmarking under Domain Shift in ASR,[singleton] language and vision tasks,language and vision tasks,1
287,SSVD: Structured SVD for Parameter-Efficient Fine-Tuning and Benchmarking under Domain Shift in ASR,[singleton] This work,This work,1
287,SSVD: Structured SVD for Parameter-Efficient Fine-Tuning and Benchmarking under Domain Shift in ASR,[singleton] input-associated right singular vectors,input-associated right singular vectors,1
287,SSVD: Structured SVD for Parameter-Efficient Fine-Tuning and Benchmarking under Domain Shift in ASR,[singleton] output-associated vectors,output-associated vectors,1
287,SSVD: Structured SVD for Parameter-Efficient Fine-Tuning and Benchmarking under Domain Shift in ASR,[singleton] semantic mappings,semantic mappings,1
287,SSVD: Structured SVD for Parameter-Efficient Fine-Tuning and Benchmarking under Domain Shift in ASR,[singleton] robust domain adaptation,robust domain adaptation,1
287,SSVD: Structured SVD for Parameter-Efficient Fine-Tuning and Benchmarking under Domain Shift in ASR,[singleton] minimal trainable parameters,minimal trainable parameters,1
287,SSVD: Structured SVD for Parameter-Efficient Fine-Tuning and Benchmarking under Domain Shift in ASR,[singleton] domain-shifted speech recognition tasks,domain-shifted speech recognition tasks,1
287,SSVD: Structured SVD for Parameter-Efficient Fine-Tuning and Benchmarking under Domain Shift in ASR,[singleton] child speech,child speech,1
287,SSVD: Structured SVD for Parameter-Efficient Fine-Tuning and Benchmarking under Domain Shift in ASR,[singleton] dialectal variation,dialectal variation,1
287,SSVD: Structured SVD for Parameter-Efficient Fine-Tuning and Benchmarking under Domain Shift in ASR,[singleton] model scales from 0.1B to 2B,model scales from 0.1B to 2B,1
287,SSVD: Structured SVD for Parameter-Efficient Fine-Tuning and Benchmarking under Domain Shift in ASR,[singleton] All implementations,All implementations,1
287,SSVD: Structured SVD for Parameter-Efficient Fine-Tuning and Benchmarking under Domain Shift in ASR,[self-reference],We; We,2
288,Unsupervised Adaptive Normalization,Deep neural networks,Deep neural networks; their; their,3
288,Unsupervised Adaptive Normalization,Batch Normalization (BN),Batch Normalization; BN; its; its,4
288,Unsupervised Adaptive Normalization,alternatives to BN,several alternatives; These methods,2
288,Unsupervised Adaptive Normalization,Unsupervised Adaptive Normalization (UAN),Unsupervised Adaptive Normalization; an innovative algorithm; UAN; UAN; UAN,5
288,Unsupervised Adaptive Normalization,parameters for each identified cluster,parameters for each identified cluster; These parameters,2
288,Unsupervised Adaptive Normalization,the target task,the target task; the target task; the target task,3
288,Unsupervised Adaptive Normalization,[singleton] shifting activation distributions,shifting activation distributions,1
288,Unsupervised Adaptive Normalization,[singleton] unstable gradients,unstable gradients,1
288,Unsupervised Adaptive Normalization,[singleton] mini-batch size,mini-batch size,1
288,Unsupervised Adaptive Normalization,[singleton] a uniform distribution of samples,a uniform distribution of samples,1
288,Unsupervised Adaptive Normalization,[singleton] Layer Normalization,Layer Normalization,1
288,Unsupervised Adaptive Normalization,[singleton] Group Normalization,Group Normalization,1
288,Unsupervised Adaptive Normalization,[singleton] Mixture Normalization,Mixture Normalization,1
288,Unsupervised Adaptive Normalization,[singleton] the dynamic distributions of neuron activations,the dynamic distributions of neuron activations,1
288,Unsupervised Adaptive Normalization,[singleton] the Gaussian mixture model,the Gaussian mixture model,1
288,Unsupervised Adaptive Normalization,[singleton] This unified approach of clustering and normalization,This unified approach of clustering and normalization,1
288,Unsupervised Adaptive Normalization,[singleton] an adaptive data representation,an adaptive data representation,1
288,Unsupervised Adaptive Normalization,[singleton] gradient stability,gradient stability,1
288,Unsupervised Adaptive Normalization,[singleton] classification,classification,1
288,Unsupervised Adaptive Normalization,[singleton] domain adaptation,domain adaptation,1
288,Unsupervised Adaptive Normalization,[self-reference],we,1
289,Zero-Shot Deep Domain Adaptation,ZDDA (zero-shot deep domain adaptation),zero-shot deep domain adaptation; ZDDA; ZDDA; ZDDA; ZDDA,5
289,Zero-Shot Deep Domain Adaptation,task-relevant target-domain data,task-relevant target-domain data; no such task-relevant target-domain data; task-relevant target-domain training data; no task-relevant target-domain data,4
289,Zero-Shot Deep Domain Adaptation,source-domain representation,a source-domain representation; the source-domain representation,2
289,Zero-Shot Deep Domain Adaptation,[singleton] a source domain,a source domain,1
289,Zero-Shot Deep Domain Adaptation,"[singleton] a second, or target domain","a second, or target domain",1
289,Zero-Shot Deep Domain Adaptation,[singleton] privileged information from task-irrelevant dual-domain pairs,privileged information from task-irrelevant dual-domain pairs,1
289,Zero-Shot Deep Domain Adaptation,[singleton] the task of interest,the task of interest,1
289,Zero-Shot Deep Domain Adaptation,[singleton] the target-domain representation,the target-domain representation,1
289,Zero-Shot Deep Domain Adaptation,[singleton] the source-domain task of interest solution,the source-domain task of interest solution,1
289,Zero-Shot Deep Domain Adaptation,[singleton] MNIST,MNIST,1
289,Zero-Shot Deep Domain Adaptation,[singleton] Fashion-MNIST,Fashion-MNIST,1
289,Zero-Shot Deep Domain Adaptation,[singleton] NIST,NIST,1
289,Zero-Shot Deep Domain Adaptation,[singleton] EMNIST,EMNIST,1
289,Zero-Shot Deep Domain Adaptation,[singleton] the SUN RGB-D scene classification task,the SUN RGB-D scene classification task,1
289,Zero-Shot Deep Domain Adaptation,[singleton] task-relevant source-domain data,task-relevant source-domain data,1
289,Zero-Shot Deep Domain Adaptation,[singleton] computer vision data,computer vision data,1
289,Zero-Shot Deep Domain Adaptation,[self-reference],We demonstrate; we propose; we show; We also extend; our knowledge,5
290,Deep face recognition with clustering based domain adaptation,deep convolution neural networks,deep convolution neural networks; these models; the learnt models,3
290,Deep face recognition with clustering based domain adaptation,the proposed clustering based domain adaptation method,a new clustering based domain adaptation method; Our method; it; our newly proposed approach,4
290,Deep face recognition with clustering based domain adaptation,GBU database,GBU; GBU data set,2
290,Deep face recognition with clustering based domain adaptation,[singleton] face recognition tasks,face recognition tasks,1
290,Deep face recognition with clustering based domain adaptation,[singleton] training images gathered from Internet,training images gathered from Internet,1
290,Deep face recognition with clustering based domain adaptation,[singleton] test images,test images,1
290,Deep face recognition with clustering based domain adaptation,[singleton] the pre-learnt models,the pre-learnt models,1
290,Deep face recognition with clustering based domain adaptation,[singleton] labeled target data,labeled target data,1
290,Deep face recognition with clustering based domain adaptation,[singleton] the source and target domain,the source and target domain,1
290,Deep face recognition with clustering based domain adaptation,[singleton] the discriminative target feature,the discriminative target feature,1
290,Deep face recognition with clustering based domain adaptation,[singleton] the target clusters,the target clusters,1
290,Deep face recognition with clustering based domain adaptation,[singleton] simplified spectral clustering method,simplified spectral clustering method,1
290,Deep face recognition with clustering based domain adaptation,[singleton] pseudo-labels,pseudo-labels,1
290,Deep face recognition with clustering based domain adaptation,[singleton] the domain-invariant feature space,the domain-invariant feature space,1
290,Deep face recognition with clustering based domain adaptation,[singleton] IJB-A/B/C,IJB-A/B/C,1
290,Deep face recognition with clustering based domain adaptation,[singleton] RFW databases,RFW databases,1
290,Deep face recognition with clustering based domain adaptation,[singleton] the target training data,the target training data,1
290,Deep face recognition with clustering based domain adaptation,[self-reference],we; Our; our,3
291,Neural Collapse in Test-Time Adaptation,Test-Time Adaptation (TTA),Test-Time Adaptation; TTA,2
291,Neural Collapse in Test-Time Adaptation,Neural Collapse (NC),Neural Collapse; NC,2
291,Neural Collapse in Test-Time Adaptation,Sample-wise Alignment Collapse (NC3+),Sample-wise Alignment Collapse (NC3+); NC3+,2
291,Neural Collapse in Test-Time Adaptation,NCTTA,NCTTA; a novel feature-classifier alignment method with hybrid targets; which; NCTTA,4
291,Neural Collapse in Test-Time Adaptation,performance degradation,performance degradation; the performance degradation,2
291,Neural Collapse in Test-Time Adaptation,domain shifts,domain shifts; domain shifts; domain shifts,3
291,Neural Collapse in Test-Time Adaptation,sample-wise misalignment,sample-wise misalignment in adaptation; which exacerbates; the misalignment,3
291,Neural Collapse in Test-Time Adaptation,the feature embeddings,the feature embeddings; their,2
291,Neural Collapse in Test-Time Adaptation,pseudo-labels,pseudo-labels; unreliable pseudo-labels,2
291,Neural Collapse in Test-Time Adaptation,[singleton] out-of-distribution data,out-of-distribution data,1
291,Neural Collapse in Test-Time Adaptation,[singleton] existing methods,existing methods,1
291,Neural Collapse in Test-Time Adaptation,[singleton] deep neural networks,deep neural networks,1
291,Neural Collapse in Test-Time Adaptation,[singleton] a sample s feature embedding,a sample s feature embedding,1
291,Neural Collapse in Test-Time Adaptation,[singleton] a trained model,a trained model,1
291,Neural Collapse in Test-Time Adaptation,[singleton] the corresponding classifier weight,the corresponding classifier weight,1
291,Neural Collapse in Test-Time Adaptation,[singleton] larger distribution shifts,larger distribution shifts,1
291,Neural Collapse in Test-Time Adaptation,[singleton] their corresponding classifier weights,their corresponding classifier weights,1
291,Neural Collapse in Test-Time Adaptation,[singleton] geometric proximity,geometric proximity,1
291,Neural Collapse in Test-Time Adaptation,[singleton] predictive confidence,predictive confidence,1
291,Neural Collapse in Test-Time Adaptation,[singleton] Extensive experiments,Extensive experiments,1
291,Neural Collapse in Test-Time Adaptation,[self-reference],we; we; we,3
292,UP2D: Uncertainty-aware Progressive Pseudo-label Denoising for Source-Free Domain Adaptive Medical Image Segmentation,UP2D framework,a novel Uncertainty-aware Progressive Pseudo-label Denoising (UP2D) framework for source-free domain adaptation; UP2D; This single-stage student-teacher framework; UP2D,4
292,UP2D: Uncertainty-aware Progressive Pseudo-label Denoising for Source-Free Domain Adaptive Medical Image Segmentation,[singleton] Medical image segmentation models,Medical image segmentation models,1
292,UP2D: Uncertainty-aware Progressive Pseudo-label Denoising for Source-Free Domain Adaptive Medical Image Segmentation,[singleton] domain shifts,domain shifts,1
292,UP2D: Uncertainty-aware Progressive Pseudo-label Denoising for Source-Free Domain Adaptive Medical Image Segmentation,[singleton] data sharing constraints,data sharing constraints,1
292,UP2D: Uncertainty-aware Progressive Pseudo-label Denoising for Source-Free Domain Adaptive Medical Image Segmentation,[singleton] source images,source images,1
292,UP2D: Uncertainty-aware Progressive Pseudo-label Denoising for Source-Free Domain Adaptive Medical Image Segmentation,[singleton] noisy pseudo-labels,noisy pseudo-labels,1
292,UP2D: Uncertainty-aware Progressive Pseudo-label Denoising for Source-Free Domain Adaptive Medical Image Segmentation,[singleton] class imbalance,class imbalance,1
292,UP2D: Uncertainty-aware Progressive Pseudo-label Denoising for Source-Free Domain Adaptive Medical Image Segmentation,[singleton] a Refined Prototype Filtering module,a Refined Prototype Filtering module,1
292,UP2D: Uncertainty-aware Progressive Pseudo-label Denoising for Source-Free Domain Adaptive Medical Image Segmentation,[singleton] reliable class prototypes,reliable class prototypes,1
292,UP2D: Uncertainty-aware Progressive Pseudo-label Denoising for Source-Free Domain Adaptive Medical Image Segmentation,[singleton] an Uncertainty-Guided EMA strategy,an Uncertainty-Guided EMA strategy,1
292,UP2D: Uncertainty-aware Progressive Pseudo-label Denoising for Source-Free Domain Adaptive Medical Image Segmentation,[singleton] the teacher model,the teacher model,1
292,UP2D: Uncertainty-aware Progressive Pseudo-label Denoising for Source-Free Domain Adaptive Medical Image Segmentation,[singleton] spatially weighted boundary uncertainty,spatially weighted boundary uncertainty,1
292,UP2D: Uncertainty-aware Progressive Pseudo-label Denoising for Source-Free Domain Adaptive Medical Image Segmentation,[singleton] a quantile based entropy minimization scheme,a quantile based entropy minimization scheme,1
292,UP2D: Uncertainty-aware Progressive Pseudo-label Denoising for Source-Free Domain Adaptive Medical Image Segmentation,[singleton] ambiguous regions,ambiguous regions,1
292,UP2D: Uncertainty-aware Progressive Pseudo-label Denoising for Source-Free Domain Adaptive Medical Image Segmentation,[singleton] easy pixels,easy pixels,1
292,UP2D: Uncertainty-aware Progressive Pseudo-label Denoising for Source-Free Domain Adaptive Medical Image Segmentation,[singleton] confirmation bias,confirmation bias,1
292,UP2D: Uncertainty-aware Progressive Pseudo-label Denoising for Source-Free Domain Adaptive Medical Image Segmentation,[singleton] three challenging retinal fundus benchmarks,three challenging retinal fundus benchmarks,1
292,UP2D: Uncertainty-aware Progressive Pseudo-label Denoising for Source-Free Domain Adaptive Medical Image Segmentation,[singleton] prior UDA and SFDA approaches,prior UDA and SFDA approaches,1
292,UP2D: Uncertainty-aware Progressive Pseudo-label Denoising for Source-Free Domain Adaptive Medical Image Segmentation,[singleton] boundary precision,boundary precision,1
292,UP2D: Uncertainty-aware Progressive Pseudo-label Denoising for Source-Free Domain Adaptive Medical Image Segmentation,[self-reference],We,1
293,Multi-task Domain Adaptation for Sequence Tagging,the proposed neural network framework,a neural network framework that supports domain adaptation for multiple tasks simultaneously; the proposed framework,2
293,Multi-task Domain Adaptation for Sequence Tagging,the two tasks (Chinese word segmentation and named entity recognition),two tasks: Chinese word segmentation and named entity recognition; both tasks,2
293,Multi-task Domain Adaptation for Sequence Tagging,[singleton] cross domain shared representations,cross domain shared representations,1
293,Multi-task Domain Adaptation for Sequence Tagging,[singleton] Traditional domain adaptation,Traditional domain adaptation,1
293,Multi-task Domain Adaptation for Sequence Tagging,[singleton] multi-task representation learning,multi-task representation learning,1
293,Multi-task Domain Adaptation for Sequence Tagging,[singleton] sequence tagging problems,sequence tagging problems,1
293,Multi-task Domain Adaptation for Sequence Tagging,[singleton] multi-task domain adaptation,multi-task domain adaptation,1
293,Multi-task Domain Adaptation for Sequence Tagging,[singleton] disjoint domain adaptation,disjoint domain adaptation,1
293,Multi-task Domain Adaptation for Sequence Tagging,[singleton] the social media domain,the social media domain,1
293,Multi-task Domain Adaptation for Sequence Tagging,[self-reference],we; We; We,3
294,"Selection, Ensemble, and Adaptation: Advancing Multi-Source-Free Domain Adaptation via Architecture Zoo",Zoo-MSFDA,Zoo-MSFDA; a more general setting that allows each source domain to offer a zoo of multiple source models with different architectures; Zoo-MSFDA; Zoo-MSFDA; Zoo-MSFDA; the introduced Zoo-MSFDA setting,6
294,"Selection, Ensemble, and Adaptation: Advancing Multi-Source-Free Domain Adaptation via Architecture Zoo",Source-Free Unsupervised Transferability Estimation (SUTE),a novel Source-Free Unsupervised Transferability Estimation (SUTE); It; SUTE; our SUTE,4
294,"Selection, Ensemble, and Adaptation: Advancing Multi-Source-Free Domain Adaptation via Architecture Zoo","Selection, Ensemble, and Adaptation (SEA) framework","a Selection, Ensemble, and Adaptation (SEA) framework; which; our SEA framework",3
294,"Selection, Ensemble, and Adaptation: Advancing Multi-Source-Free Domain Adaptation via Architecture Zoo",[singleton] Conventional Multi-Source Free Domain Adaptation (MSFDA),Conventional Multi-Source Free Domain Adaptation (MSFDA),1
294,"Selection, Ensemble, and Adaptation: Advancing Multi-Source-Free Domain Adaptation via Architecture Zoo",[singleton] a single source model,a single source model,1
294,"Selection, Ensemble, and Adaptation: Advancing Multi-Source-Free Domain Adaptation via Architecture Zoo",[singleton] the model selection problem,the model selection problem,1
294,"Selection, Ensemble, and Adaptation: Advancing Multi-Source-Free Domain Adaptation via Architecture Zoo",[singleton] transferability principle,transferability principle,1
294,"Selection, Ensemble, and Adaptation: Advancing Multi-Source-Free Domain Adaptation via Architecture Zoo",[singleton] diversity principle,diversity principle,1
294,"Selection, Ensemble, and Adaptation: Advancing Multi-Source-Free Domain Adaptation via Architecture Zoo",[singleton] target labels,target labels,1
294,"Selection, Ensemble, and Adaptation: Advancing Multi-Source-Free Domain Adaptation via Architecture Zoo",[singleton] source data,source data,1
294,"Selection, Ensemble, and Adaptation: Advancing Multi-Source-Free Domain Adaptation via Architecture Zoo",[singleton] source models selection,source models selection,1
294,"Selection, Ensemble, and Adaptation: Advancing Multi-Source-Free Domain Adaptation via Architecture Zoo",[singleton] ensemble construction,ensemble construction,1
294,"Selection, Ensemble, and Adaptation: Advancing Multi-Source-Free Domain Adaptation via Architecture Zoo",[singleton] SUTE-estimated transferability,SUTE-estimated transferability,1
294,"Selection, Ensemble, and Adaptation: Advancing Multi-Source-Free Domain Adaptation via Architecture Zoo",[singleton] target-domain adaptation of the ensemble model,target-domain adaptation of the ensemble model,1
294,"Selection, Ensemble, and Adaptation: Advancing Multi-Source-Free Domain Adaptation via Architecture Zoo",[singleton] adaptation performance,adaptation performance,1
294,"Selection, Ensemble, and Adaptation: Advancing Multi-Source-Free Domain Adaptation via Architecture Zoo",[singleton] state-of-the-art performance in transferability estimation,state-of-the-art performance in transferability estimation,1
294,"Selection, Ensemble, and Adaptation: Advancing Multi-Source-Free Domain Adaptation via Architecture Zoo",[self-reference],we; we; we; our; our,5
295,Building Encoder and Decoder with Deep Neural Networks: On the Way to Reality,DNN (deep neural network),deep neural network; DNN; DNN; DNN; DNN; DNN; DNN,7
295,Building Encoder and Decoder with Deep Neural Networks: On the Way to Reality,practical communications systems requiring real-time operation,practical communications systems; which,2
295,Building Encoder and Decoder with Deep Neural Networks: On the Way to Reality,challenges regarding practical implementation,challenges regarding practical implementation; this challenge,2
295,Building Encoder and Decoder with Deep Neural Networks: On the Way to Reality,[singleton] Deep learning,Deep learning,1
295,Building Encoder and Decoder with Deep Neural Networks: On the Way to Reality,[singleton] the high computational complexity,the high computational complexity,1
295,Building Encoder and Decoder with Deep Neural Networks: On the Way to Reality,[singleton] this article,this article,1
295,Building Encoder and Decoder with Deep Neural Networks: On the Way to Reality,[singleton] an efficient learning architecture,an efficient learning architecture,1
295,Building Encoder and Decoder with Deep Neural Networks: On the Way to Reality,[singleton] link level verification,link level verification,1
295,Building Encoder and Decoder with Deep Neural Networks: On the Way to Reality,[singleton] hardware description language,hardware description language,1
295,Building Encoder and Decoder with Deep Neural Networks: On the Way to Reality,[singleton] an encoder,an encoder,1
295,Building Encoder and Decoder with Deep Neural Networks: On the Way to Reality,[singleton] a decoder,a decoder,1
295,Building Encoder and Decoder with Deep Neural Networks: On the Way to Reality,[singleton] any domain specific information,any domain specific information,1
295,Building Encoder and Decoder with Deep Neural Networks: On the Way to Reality,[singleton] the DNN based autoencoder structure,the DNN based autoencoder structure,1
295,Building Encoder and Decoder with Deep Neural Networks: On the Way to Reality,[singleton] learning framework,learning framework,1
295,Building Encoder and Decoder with Deep Neural Networks: On the Way to Reality,[singleton] low-complexity digital circuit implementations,low-complexity digital circuit implementations,1
295,Building Encoder and Decoder with Deep Neural Networks: On the Way to Reality,[self-reference],the authors; the authors,2
296,Unsupervised Domain Adaptation using Feature-Whitening and Consensus Loss,domain shift problem,domain shift; This problem,2
296,Unsupervised Domain Adaptation using Feature-Whitening and Consensus Loss,a novel deep learning framework,a novel deep learning framework; which; our approach,3
296,Unsupervised Domain Adaptation using Feature-Whitening and Consensus Loss,domain alignment layers,domain alignment layers; which,2
296,Unsupervised Domain Adaptation using Feature-Whitening and Consensus Loss,the Min-Entropy Consensus loss,the Min-Entropy Consensus loss; which,2
296,Unsupervised Domain Adaptation using Feature-Whitening and Consensus Loss,[singleton] A classifier,A classifier,1
296,Unsupervised Domain Adaptation using Feature-Whitening and Consensus Loss,[singleton] a dataset,a dataset,1
296,Unsupervised Domain Adaptation using Feature-Whitening and Consensus Loss,[singleton] other datasets,other datasets,1
296,Unsupervised Domain Adaptation using Feature-Whitening and Consensus Loss,[singleton] domain adaptation methods,domain adaptation methods,1
296,Unsupervised Domain Adaptation using Feature-Whitening and Consensus Loss,[singleton] unsupervised domain adaptation,unsupervised domain adaptation,1
296,Unsupervised Domain Adaptation using Feature-Whitening and Consensus Loss,[singleton] feature whitening,feature whitening,1
296,Unsupervised Domain Adaptation using Feature-Whitening and Consensus Loss,[singleton] source and target feature distributions,source and target feature distributions,1
296,Unsupervised Domain Adaptation using Feature-Whitening and Consensus Loss,[singleton] the unlabeled target data,the unlabeled target data,1
296,Unsupervised Domain Adaptation using Feature-Whitening and Consensus Loss,[singleton] user-defined hyper-parameters,user-defined hyper-parameters,1
296,Unsupervised Domain Adaptation using Feature-Whitening and Consensus Loss,[singleton] publicly available datasets,publicly available datasets,1
296,Unsupervised Domain Adaptation using Feature-Whitening and Consensus Loss,[singleton] digit classification and object recognition tasks,digit classification and object recognition tasks,1
296,Unsupervised Domain Adaptation using Feature-Whitening and Consensus Loss,[singleton] previous methods,previous methods,1
296,Unsupervised Domain Adaptation using Feature-Whitening and Consensus Loss,[singleton] new state-of-the-art performances,new state-of-the-art performances,1
296,Unsupervised Domain Adaptation using Feature-Whitening and Consensus Loss,[self-reference],we; we; we; We; We; our,6
297,Entropy stable adaptive moving mesh schemes for 2D and 3D special relativistic hydrodynamics,entropy stable adaptive moving mesh schemes,entropy stable adaptive moving mesh schemes for the 2D and 3D special relativistic hydrodynamic equations; They; our 2D and 3D ES adaptive moving mesh schemes,3
297,Entropy stable adaptive moving mesh schemes for 2D and 3D special relativistic hydrodynamics,the discrete geometric conservation laws,the discrete geometric conservation laws; the discrete geometric conservation laws given by the conservative metrics method,2
297,Entropy stable adaptive moving mesh schemes for 2D and 3D special relativistic hydrodynamics,sufficient condition for the two-point entropy conservative flux,a sufficient condition; such sufficient condition,2
297,Entropy stable adaptive moving mesh schemes for 2D and 3D special relativistic hydrodynamics,the RHD equations in curvilinear coordinates,the RHD equations in curvilinear coordinates; the RHD equations in curvilinear coordinates,2
297,Entropy stable adaptive moving mesh schemes for 2D and 3D special relativistic hydrodynamics,the semi-discrete EC schemes,the second-order accurate semi-discrete EC schemes; the EC scheme; the above EC scheme,3
297,Entropy stable adaptive moving mesh schemes for 2D and 3D special relativistic hydrodynamics,the semi-discrete ES schemes,the semi-discrete ES schemes satisfying the entropy inequality; the semi-discrete ES schemes,2
297,Entropy stable adaptive moving mesh schemes for 2D and 3D special relativistic hydrodynamics,[singleton] the ES finite volume approximation,the ES finite volume approximation,1
297,Entropy stable adaptive moving mesh schemes for 2D and 3D special relativistic hydrodynamics,[singleton] the mesh adaptation,the mesh adaptation,1
297,Entropy stable adaptive moving mesh schemes for 2D and 3D special relativistic hydrodynamics,[singleton] the Euler-Lagrange equations of the mesh adaption functional,the Euler-Lagrange equations of the mesh adaption functional,1
297,Entropy stable adaptive moving mesh schemes for 2D and 3D special relativistic hydrodynamics,[singleton] the computational domain,the computational domain,1
297,Entropy stable adaptive moving mesh schemes for 2D and 3D special relativistic hydrodynamics,[singleton] suitably chosen monitor functions,suitably chosen monitor functions,1
297,Entropy stable adaptive moving mesh schemes for 2D and 3D special relativistic hydrodynamics,[singleton] the two-point entropy conservative flux,the two-point entropy conservative flux,1
297,Entropy stable adaptive moving mesh schemes for 2D and 3D special relativistic hydrodynamics,[singleton] the continuous entropy identity in curvilinear coordinates,the continuous entropy identity in curvilinear coordinates,1
297,Entropy stable adaptive moving mesh schemes for 2D and 3D special relativistic hydrodynamics,[singleton] the EC fluxes,the EC fluxes,1
297,Entropy stable adaptive moving mesh schemes for 2D and 3D special relativistic hydrodynamics,[singleton] the entropy identity for the given convex entropy pair,the entropy identity for the given convex entropy pair,1
297,Entropy stable adaptive moving mesh schemes for 2D and 3D special relativistic hydrodynamics,[singleton] a suitable dissipation term,a suitable dissipation term,1
297,Entropy stable adaptive moving mesh schemes for 2D and 3D special relativistic hydrodynamics,[singleton] linear reconstruction with the minmod limiter,linear reconstruction with the minmod limiter,1
297,Entropy stable adaptive moving mesh schemes for 2D and 3D special relativistic hydrodynamics,[singleton] the scaled entropy variables,the scaled entropy variables,1
297,Entropy stable adaptive moving mesh schemes for 2D and 3D special relativistic hydrodynamics,[singleton] the numerical oscillations,the numerical oscillations,1
297,Entropy stable adaptive moving mesh schemes for 2D and 3D special relativistic hydrodynamics,[singleton] the second-order strong stability preserving explicit Runge-Kutta schemes,the second-order strong stability preserving explicit Runge-Kutta schemes,1
297,Entropy stable adaptive moving mesh schemes for 2D and 3D special relativistic hydrodynamics,[singleton] several numerical results,several numerical results,1
297,Entropy stable adaptive moving mesh schemes for 2D and 3D special relativistic hydrodynamics,[singleton] the localized structures,the localized structures,1
297,Entropy stable adaptive moving mesh schemes for 2D and 3D special relativistic hydrodynamics,[singleton] sharp transitions or discontinuities,sharp transitions or discontinuities,1
297,Entropy stable adaptive moving mesh schemes for 2D and 3D special relativistic hydrodynamics,[singleton] their counterparts on uniform mesh,their counterparts on uniform mesh,1
297,Entropy stable adaptive moving mesh schemes for 2D and 3D special relativistic hydrodynamics,[self-reference],our,1
298,Chorus: Harmonizing Context and Sensing Signals for Data-Free Model Customization in IoT,sensor data,sensor data is collected under diverse contexts; sensor data,2
298,Chorus: Harmonizing Context and Sensing Signals for Data-Free Model Customization in IoT,contextual information,such contextual information; it,2
298,Chorus: Harmonizing Context and Sensing Signals for Data-Free Model Customization in IoT,Traditional domain adaptation and generalization methods,Traditional domain adaptation and generalization methods; them,2
298,Chorus: Harmonizing Context and Sensing Signals for Data-Free Model Customization in IoT,Chorus,"Chorus, a context-aware, data-free model customization approach; Chorus learns a shared sensor-context latent space; Chorus trains a lightweight gated head; Chorus outperforms state-of-the-art baselines",4
298,Chorus: Harmonizing Context and Sensing Signals for Data-Free Model Customization in IoT,context representations,context representations that capture how contextual factors influence sensor data; these representations,2
298,Chorus: Harmonizing Context and Sensing Signals for Data-Free Model Customization in IoT,[singleton] scalable IoT sensing,scalable IoT sensing,1
298,Chorus: Harmonizing Context and Sensing Signals for Data-Free Model Customization in IoT,[singleton] AI models,AI models,1
298,Chorus: Harmonizing Context and Sensing Signals for Data-Free Model Customization in IoT,[singleton] real-world IoT systems,real-world IoT systems,1
298,Chorus: Harmonizing Context and Sensing Signals for Data-Free Model Customization in IoT,[singleton] target-domain data,target-domain data,1
298,Chorus: Harmonizing Context and Sensing Signals for Data-Free Model Customization in IoT,[singleton] structured priors,structured priors,1
298,Chorus: Harmonizing Context and Sensing Signals for Data-Free Model Customization in IoT,[singleton] a shared sensor-context latent space,a shared sensor-context latent space,1
298,Chorus: Harmonizing Context and Sensing Signals for Data-Free Model Customization in IoT,[singleton] bidirectional cross-modal reconstruction on unlabeled sensor-context pairs,bidirectional cross-modal reconstruction on unlabeled sensor-context pairs,1
298,Chorus: Harmonizing Context and Sensing Signals for Data-Free Model Customization in IoT,[singleton] the context embedding space,the context embedding space,1
298,Chorus: Harmonizing Context and Sensing Signals for Data-Free Model Customization in IoT,[singleton] the aligned representations,the aligned representations,1
298,Chorus: Harmonizing Context and Sensing Signals for Data-Free Model Customization in IoT,[singleton] a lightweight gated head,a lightweight gated head,1
298,Chorus: Harmonizing Context and Sensing Signals for Data-Free Model Customization in IoT,[singleton] limited labeled data,limited labeled data,1
298,Chorus: Harmonizing Context and Sensing Signals for Data-Free Model Customization in IoT,[singleton] context priors,context priors,1
298,Chorus: Harmonizing Context and Sensing Signals for Data-Free Model Customization in IoT,[singleton] a context-caching mechanism,a context-caching mechanism,1
298,Chorus: Harmonizing Context and Sensing Signals for Data-Free Model Customization in IoT,[singleton] cached context representations,cached context representations,1
298,Chorus: Harmonizing Context and Sensing Signals for Data-Free Model Customization in IoT,[singleton] smartphones,smartphones,1
298,Chorus: Harmonizing Context and Sensing Signals for Data-Free Model Customization in IoT,"[singleton] IMU, speech enhancement, and WiFi sensing tasks","IMU, speech enhancement, and WiFi sensing tasks",1
298,Chorus: Harmonizing Context and Sensing Signals for Data-Free Model Customization in IoT,[singleton] state-of-the-art baselines,state-of-the-art baselines,1
298,Chorus: Harmonizing Context and Sensing Signals for Data-Free Model Customization in IoT,[singleton] cached inference latency,cached inference latency,1
298,Chorus: Harmonizing Context and Sensing Signals for Data-Free Model Customization in IoT,[singleton] sensor only deployment,sensor only deployment,1
298,Chorus: Harmonizing Context and Sensing Signals for Data-Free Model Customization in IoT,[singleton] continuous context transitions,continuous context transitions,1
298,Chorus: Harmonizing Context and Sensing Signals for Data-Free Model Customization in IoT,[self-reference],we,1
299,Driver Drowsiness Estimation from EEG Signals Using Online Weighted Adaptation Regularization for Regression (OwARR),OwARR,a novel online weighted adaptation regularization for regression algorithm; OwARR; OwARR; OwARR,4
299,Driver Drowsiness Estimation from EEG Signals Using Online Weighted Adaptation Regularization for Regression (OwARR),OwARR-SDS,a source domain selection approach; OwARR-SDS; OwARR-SDS,3
299,Driver Drowsiness Estimation from EEG Signals Using Online Weighted Adaptation Regularization for Regression (OwARR),domain adaptation,domain adaptation; domain adaptation,2
299,Driver Drowsiness Estimation from EEG Signals Using Online Weighted Adaptation Regularization for Regression (OwARR),subject-specific calibration data,subject-specific calibration data; subject-specific calibration data,2
299,Driver Drowsiness Estimation from EEG Signals Using Online Weighted Adaptation Regularization for Regression (OwARR),[singleton] brain-computer interfaces,brain-computer interfaces,1
299,Driver Drowsiness Estimation from EEG Signals Using Online Weighted Adaptation Regularization for Regression (OwARR),[singleton] Transfer learning,Transfer learning,1
299,Driver Drowsiness Estimation from EEG Signals Using Online Weighted Adaptation Regularization for Regression (OwARR),[singleton] classification problems,classification problems,1
299,Driver Drowsiness Estimation from EEG Signals Using Online Weighted Adaptation Regularization for Regression (OwARR),[singleton] BCI,BCI,1
299,Driver Drowsiness Estimation from EEG Signals Using Online Weighted Adaptation Regularization for Regression (OwARR),[singleton] online driver drowsiness estimation from EEG signals,online driver drowsiness estimation from EEG signals,1
299,Driver Drowsiness Estimation from EEG Signals Using Online Weighted Adaptation Regularization for Regression (OwARR),[singleton] fuzzy sets,fuzzy sets,1
299,Driver Drowsiness Estimation from EEG Signals Using Online Weighted Adaptation Regularization for Regression (OwARR),[singleton] a simulated driving dataset with 15 subjects,a simulated driving dataset with 15 subjects,1
299,Driver Drowsiness Estimation from EEG Signals Using Online Weighted Adaptation Regularization for Regression (OwARR),[singleton] estimation errors,estimation errors,1
299,Driver Drowsiness Estimation from EEG Signals Using Online Weighted Adaptation Regularization for Regression (OwARR),[singleton] the computational cost,the computational cost,1
299,Driver Drowsiness Estimation from EEG Signals Using Online Weighted Adaptation Regularization for Regression (OwARR),[self-reference],we; we; We,3
300,Reliable Source Approximation: Source-Free Unsupervised Domain Adaptation for Vestibular Schwannoma MRI Segmentation,Source-Free Unsupervised Domain Adaptation,Source-Free Unsupervised Domain Adaptation; it,2
300,Reliable Source Approximation: Source-Free Unsupervised Domain Adaptation for Vestibular Schwannoma MRI Segmentation,Reliable Source Approximation (RSA),Reliable Source Approximation; which; RSA; RSA; RSA,5
300,Reliable Source Approximation: Source-Free Unsupervised Domain Adaptation for Vestibular Schwannoma MRI Segmentation,vestibular schwannoma segmentation,the vestibular schwannoma segmentation; vestibular schwannoma segmentation,2
300,Reliable Source Approximation: Source-Free Unsupervised Domain Adaptation for Vestibular Schwannoma MRI Segmentation,generated source-like images,multiple source-like images; generated images; all reliable generated images,3
300,Reliable Source Approximation: Source-Free Unsupervised Domain Adaptation for Vestibular Schwannoma MRI Segmentation,[singleton] the medical image domain adaptation,the medical image domain adaptation,1
300,Reliable Source Approximation: Source-Free Unsupervised Domain Adaptation for Vestibular Schwannoma MRI Segmentation,[singleton] the source model,the source model,1
300,Reliable Source Approximation: Source-Free Unsupervised Domain Adaptation for Vestibular Schwannoma MRI Segmentation,[singleton] annotated target data,annotated target data,1
300,Reliable Source Approximation: Source-Free Unsupervised Domain Adaptation for Vestibular Schwannoma MRI Segmentation,[singleton] current SFUDA approaches,current SFUDA approaches,1
300,Reliable Source Approximation: Source-Free Unsupervised Domain Adaptation for Vestibular Schwannoma MRI Segmentation,[singleton] the complex segmentation task across different MRI sequences,the complex segmentation task across different MRI sequences,1
300,Reliable Source Approximation: Source-Free Unsupervised Domain Adaptation for Vestibular Schwannoma MRI Segmentation,[singleton] source-like and structure-preserved images,source-like and structure-preserved images,1
300,Reliable Source Approximation: Source-Free Unsupervised Domain Adaptation for Vestibular Schwannoma MRI Segmentation,[singleton] the target domain,the target domain,1
300,Reliable Source Approximation: Source-Free Unsupervised Domain Adaptation for Vestibular Schwannoma MRI Segmentation,[singleton] model parameters,model parameters,1
300,Reliable Source Approximation: Source-Free Unsupervised Domain Adaptation for Vestibular Schwannoma MRI Segmentation,[singleton] domain shifts,domain shifts,1
300,Reliable Source Approximation: Source-Free Unsupervised Domain Adaptation for Vestibular Schwannoma MRI Segmentation,[singleton] a conditional diffusion model,a conditional diffusion model,1
300,Reliable Source Approximation: Source-Free Unsupervised Domain Adaptation for Vestibular Schwannoma MRI Segmentation,[singleton] varying edges of one target image,varying edges of one target image,1
300,Reliable Source Approximation: Source-Free Unsupervised Domain Adaptation for Vestibular Schwannoma MRI Segmentation,[singleton] An uncertainty estimation module,An uncertainty estimation module,1
300,Reliable Source Approximation: Source-Free Unsupervised Domain Adaptation for Vestibular Schwannoma MRI Segmentation,[singleton] reliable pseudo labels,reliable pseudo labels,1
300,Reliable Source Approximation: Source-Free Unsupervised Domain Adaptation for Vestibular Schwannoma MRI Segmentation,[singleton] the prediction consistency,the prediction consistency,1
300,Reliable Source Approximation: Source-Free Unsupervised Domain Adaptation for Vestibular Schwannoma MRI Segmentation,[singleton] the most reliable generations,the most reliable generations,1
300,Reliable Source Approximation: Source-Free Unsupervised Domain Adaptation for Vestibular Schwannoma MRI Segmentation,[singleton] their pseudo labels,their pseudo labels,1
300,Reliable Source Approximation: Source-Free Unsupervised Domain Adaptation for Vestibular Schwannoma MRI Segmentation,[singleton] multi-modality MRI,multi-modality MRI,1
300,Reliable Source Approximation: Source-Free Unsupervised Domain Adaptation for Vestibular Schwannoma MRI Segmentation,[singleton] The experimental results,The experimental results,1
300,Reliable Source Approximation: Source-Free Unsupervised Domain Adaptation for Vestibular Schwannoma MRI Segmentation,[singleton] domain adaptation performance,domain adaptation performance,1
300,Reliable Source Approximation: Source-Free Unsupervised Domain Adaptation for Vestibular Schwannoma MRI Segmentation,[singleton] other state-of-the-art SFUDA methods,other state-of-the-art SFUDA methods,1
300,Reliable Source Approximation: Source-Free Unsupervised Domain Adaptation for Vestibular Schwannoma MRI Segmentation,[self-reference],we; Our,2
